id_piloto,id_circuito,año,cod_equipo,fecha,posicion,vueltas_finalizadas,puntos_ganados
1,1,1950,1,1950-05-13,1,70,9
2,1,1950,1,1950-05-13,2,70,6
3,1,1950,1,1950-05-13,3,70,4
4,1,1950,5,1950-05-13,4,68,3
5,1,1950,5,1950-05-13,5,68,2
6,1,1950,4,1950-05-13,6,67,0
7,1,1950,4,1950-05-13,7,67,0
8,1,1950,5,1950-05-13,8,65,0
9,1,1950,2,1950-05-13,9,64,0
10,1,1950,2,1950-05-13,10,64,0
11,1,1950,2,1950-05-13,10,64,0
12,1,1950,5,1950-05-13,11,64,0
13,1,1950,1,1950-05-13,12,62,0
14,1,1950,3,1950-05-13,13,57,0
15,1,1950,2,1950-05-13,14,49,0
16,1,1950,2,1950-05-13,15,44,0
17,1,1950,3,1950-05-13,16,43,0
18,1,1950,2,1950-05-13,17,36,0
19,1,1950,2,1950-05-13,18,26,0
20,1,1950,5,1950-05-13,19,8,0
21,1,1950,4,1950-05-13,20,5,0
22,1,1950,4,1950-05-13,20,5,0
23,1,1950,4,1950-05-13,21,2,0
1,2,1950,1,1950-05-21,11,0,0
2,2,1950,1,1950-05-21,12,0,0
5,2,1950,5,1950-05-21,13,0,0
6,2,1950,4,1950-05-21,6,94,0
7,2,1950,4,1950-05-21,17,0,0
8,2,1950,5,1950-05-21,9,38,0
12,2,1950,5,1950-05-21,7,94,0
13,2,1950,1,1950-05-21,1,100,9
15,2,1950,2,1950-05-21,5,95,2
18,2,1950,2,1950-05-21,15,0,0
19,2,1950,2,1950-05-21,3,98,4
24,2,1950,6,1950-05-21,2,99,6
25,2,1950,6,1950-05-21,4,97,3
26,2,1950,6,1950-05-21,8,63,0
27,2,1950,2,1950-05-21,10,1,0
28,2,1950,8,1950-05-21,14,0,0
29,2,1950,8,1950-05-21,16,0,0
30,2,1950,2,1950-05-21,18,0,0
31,2,1950,7,1950-05-21,19,0,0
32,2,1950,6,1950-05-21,20,0,0
33,2,1950,2,1950-05-21,21,0,0
34,3,1950,10,1950-05-30,1,138,9
35,3,1950,11,1950-05-30,2,137,6
36,3,1950,11,1950-05-30,3,137,4
37,3,1950,10,1950-05-30,4,137,3
38,3,1950,10,1950-05-30,5,136,1
39,3,1950,10,1950-05-30,5,136,1
40,3,1950,23,1950-05-30,6,136,0
41,3,1950,10,1950-05-30,7,135,0
42,3,1950,19,1950-05-30,8,135,0
43,3,1950,22,1950-05-30,9,135,0
44,3,1950,10,1950-05-30,10,135,0
45,3,1950,21,1950-05-30,11,133,0
46,3,1950,20,1950-05-30,12,133,0
47,3,1950,10,1950-05-30,13,132,0
48,3,1950,10,1950-05-30,14,131,0
49,3,1950,19,1950-05-30,15,130,0
50,3,1950,18,1950-05-30,16,128,0
51,3,1950,17,1950-05-30,17,128,0
52,3,1950,10,1950-05-30,18,128,0
53,3,1950,10,1950-05-30,19,127,0
54,3,1950,2,1950-05-30,20,126,0
55,3,1950,10,1950-05-30,21,125,0
56,3,1950,16,1950-05-30,22,123,0
57,3,1950,15,1950-05-30,23,123,0
58,3,1950,14,1950-05-30,24,122,0
59,3,1950,2,1950-05-30,25,112,0
60,3,1950,13,1950-05-30,26,111,0
61,3,1950,12,1950-05-30,27,108,0
62,3,1950,12,1950-05-30,27,108,0
63,3,1950,10,1950-05-30,28,64,0
64,3,1950,10,1950-05-30,29,52,0
65,3,1950,10,1950-05-30,30,42,0
66,3,1950,9,1950-05-30,32,25,0
67,3,1950,10,1950-05-30,33,10,0
1,4,1950,1,1950-06-04,1,42,9
2,4,1950,1,1950-06-04,2,42,6
4,4,1950,5,1950-06-04,18,0,0
5,4,1950,5,1950-06-04,3,41,4
8,4,1950,5,1950-06-04,13,25,0
12,4,1950,5,1950-06-04,10,38,0
13,4,1950,1,1950-06-04,12,32,0
15,4,1950,2,1950-06-04,4,40,3
18,4,1950,2,1950-06-04,6,40,0
19,4,1950,2,1950-06-04,9,39,0
20,4,1950,5,1950-06-04,14,19,0
24,4,1950,6,1950-06-04,17,4,0
25,4,1950,6,1950-06-04,15,19,0
26,4,1950,6,1950-06-04,16,9,0
31,4,1950,5,1950-06-04,8,39,0
68,4,1950,2,1950-06-04,5,40,2
69,4,1950,2,1950-06-04,7,39,0
70,4,1950,2,1950-06-04,11,35,0
1,5,1950,1,1950-06-18,4,35,4
2,5,1950,1,1950-06-18,2,35,6
4,5,1950,5,1950-06-18,14,2,0
5,5,1950,5,1950-06-18,3,35,4
8,5,1950,5,1950-06-18,13,15,0
12,5,1950,5,1950-06-18,8,22,0
13,5,1950,1,1950-06-18,1,35,8
17,5,1950,3,1950-06-18,9,30,0
24,5,1950,6,1950-06-18,5,34,2
25,5,1950,5,1950-06-18,12,20,0
26,5,1950,6,1950-06-18,6,33,0
70,5,1950,2,1950-06-18,10,29,0
71,5,1950,5,1950-06-18,7,33,0
72,5,1950,5,1950-06-18,11,22,0
1,6,1950,1,1950-07-02,7,55,0
2,6,1950,1,1950-07-02,2,64,6
3,6,1950,2,1950-07-02,13,9,0
4,6,1950,5,1950-07-02,8,52,0
5,6,1950,5,1950-07-02,6,56,0
8,6,1950,5,1950-07-02,5,59,1
9,6,1950,2,1950-07-02,16,5,0
12,6,1950,5,1950-07-02,11,11,0
13,6,1950,1,1950-07-02,1,64,9
19,6,1950,2,1950-07-02,15,6,0
25,6,1950,5,1950-07-02,17,4,0
27,6,1950,2,1950-07-02,18,3,0
28,6,1950,8,1950-07-02,4,61,3
30,6,1950,2,1950-07-02,14,6,0
32,6,1950,6,1950-07-02,3,61,4
68,6,1950,2,1950-07-02,10,14,0
71,6,1950,5,1950-07-02,9,36,0
72,6,1950,5,1950-07-02,5,59,1
73,6,1950,5,1950-07-02,6,56,0
1,7,1950,1,1950-09-03,1,80,8
2,7,1950,1,1950-09-03,3,80,4
5,7,1950,5,1950-09-03,4,75,3
7,7,1950,4,1950-09-03,9,51,0
8,7,1950,5,1950-09-03,5,75,2
12,7,1950,5,1950-09-03,16,22,0
13,7,1950,1,1950-09-03,13,34,0
15,7,1950,2,1950-09-03,25,1,0
16,7,1950,2,1950-09-03,8,56,0
18,7,1950,2,1950-09-03,6,72,0
19,7,1950,2,1950-09-03,22,13,0
24,7,1950,6,1950-09-03,2,80,3
25,7,1950,5,1950-09-03,10,48,0
28,7,1950,8,1950-09-03,24,7,0
29,7,1950,8,1950-09-03,21,13,0
30,7,1950,2,1950-09-03,12,39,0
32,7,1950,6,1950-09-03,7,72,0
68,7,1950,24,1950-09-03,27,0,0
71,7,1950,5,1950-09-03,14,29,0
74,7,1950,6,1950-09-03,2,80,3
75,7,1950,5,1950-09-03,11,42,0
76,7,1950,1,1950-09-03,13,34,0
77,7,1950,6,1950-09-03,18,17,0
78,7,1950,5,1950-09-03,19,16,0
79,7,1950,2,1950-09-03,20,15,0
80,7,1950,1,1950-09-03,23,11,0
81,7,1950,2,1950-09-03,26,0,0
1,4,1951,1,1951-05-27,3,42,4
4,4,1951,5,1951-05-27,18,14,0
5,4,1951,5,1951-05-27,9,39,0
8,4,1951,5,1951-05-27,10,39,0
12,4,1951,5,1951-05-27,13,35,0
13,4,1951,1,1951-05-27,1,42,9
18,4,1951,1,1951-05-27,5,40,2
19,4,1951,2,1951-05-27,7,40,0
24,4,1951,6,1951-05-27,6,40,0
26,4,1951,6,1951-05-27,19,12,0
27,4,1951,5,1951-05-27,20,10,0
31,4,1951,2,1951-05-27,12,38,0
32,4,1951,6,1951-05-27,15,36,0
75,4,1951,5,1951-05-27,14,31,0
76,4,1951,6,1951-05-27,2,42,6
78,4,1951,5,1951-05-27,16,30,0
80,4,1951,1,1951-05-27,4,41,3
82,4,1951,25,1951-05-27,8,40,0
83,4,1951,6,1951-05-27,11,39,0
84,4,1951,25,1951-05-27,17,23,0
85,4,1951,26,1951-05-27,21,0,0
34,3,1951,10,1951-05-30,21,87,0
36,3,1951,11,1951-05-30,14,126,0
37,3,1951,10,1951-05-30,22,80,0
38,3,1951,11,1951-05-30,9,178,0
40,3,1951,10,1951-05-30,1,200,9
41,3,1951,28,1951-05-30,15,123,0
42,3,1951,19,1951-05-30,30,29,0
46,3,1951,11,1951-05-30,8,180,0
47,3,1951,11,1951-05-30,31,18,0
48,3,1951,10,1951-05-30,3,200,2
49,3,1951,10,1951-05-30,23,78,0
51,3,1951,30,1951-05-30,16,110,0
52,3,1951,2,1951-05-30,32,15,0
53,3,1951,10,1951-05-30,26,55,0
59,3,1951,23,1951-05-30,6,200,0
60,3,1951,10,1951-05-30,13,129,0
63,3,1951,10,1951-05-30,17,109,0
65,3,1951,10,1951-05-30,12,135,0
67,3,1951,29,1951-05-30,24,73,0
86,3,1951,10,1951-05-30,2,200,6
87,3,1951,10,1951-05-30,3,200,2
88,3,1951,33,1951-05-30,4,200,3
89,3,1951,29,1951-05-30,5,200,2
90,3,1951,10,1951-05-30,7,193,0
91,3,1951,10,1951-05-30,10,151,0
92,3,1951,10,1951-05-30,11,142,0
93,3,1951,10,1951-05-30,18,93,0
94,3,1951,32,1951-05-30,19,97,0
95,3,1951,21,1951-05-30,20,93,0
96,3,1951,10,1951-05-30,25,56,0
97,3,1951,31,1951-05-30,27,34,0
98,3,1951,10,1951-05-30,28,30,0
99,3,1951,27,1951-05-30,29,29,0
100,3,1951,9,1951-05-30,33,8,0
1,5,1951,1,1951-06-17,1,36,8
4,5,1951,5,1951-06-17,5,34,2
5,5,1951,5,1951-06-17,4,34,3
8,5,1951,5,1951-06-17,13,0,0
12,5,1951,5,1951-06-17,7,33,0
13,5,1951,1,1951-06-17,9,32,1
19,5,1951,5,1951-06-17,10,28,0
24,5,1951,6,1951-06-17,2,36,6
26,5,1951,6,1951-06-17,3,36,4
71,5,1951,5,1951-06-17,8,32,0
76,5,1951,6,1951-06-17,12,8,0
80,5,1951,1,1951-06-17,11,11,0
101,5,1951,5,1951-06-17,6,33,0
1,6,1951,1,1951-07-01,5,73,2
2,6,1951,1,1951-07-01,1,77,4
3,6,1951,6,1951-07-01,4,73,3
4,6,1951,5,1951-07-01,7,71,0
5,6,1951,5,1951-07-01,13,43,0
8,6,1951,5,1951-07-01,14,37,0
12,6,1951,5,1951-07-01,12,54,0
13,6,1951,1,1951-07-01,1,77,5
18,6,1951,2,1951-07-01,22,1,0
19,6,1951,5,1951-07-01,6,71,0
24,6,1951,6,1951-07-01,2,77,3
26,6,1951,6,1951-07-01,3,74,4
27,6,1951,6,1951-07-01,2,77,3
28,6,1951,8,1951-07-01,20,3,0
29,6,1951,8,1951-07-01,17,11,0
31,6,1951,2,1951-07-01,16,23,0
32,6,1951,6,1951-07-01,23,1,0
72,6,1951,5,1951-07-01,8,69,0
75,6,1951,5,1951-07-01,9,66,0
80,6,1951,1,1951-07-01,10,58,0
102,6,1951,8,1951-07-01,15,27,0
103,6,1951,8,1951-07-01,19,7,0
104,6,1951,2,1951-07-01,21,2,0
1,1,1951,1,1951-07-14,14,75,1
3,1,1951,34,1951-07-14,5,85,2
5,1,1951,5,1951-07-14,10,83,0
6,1,1951,4,1951-07-14,11,82,0
10,1,1951,4,1951-07-14,8,84,0
12,1,1951,5,1951-07-14,13,80,0
13,1,1951,1,1951-07-14,2,90,6
14,1,1951,3,1951-07-14,15,75,0
16,1,1951,2,1951-07-14,18,45,0
19,1,1951,5,1951-07-14,19,41,0
21,1,1951,34,1951-07-14,7,84,0
24,1,1951,6,1951-07-14,16,56,0
26,1,1951,6,1951-07-14,3,88,4
27,1,1951,6,1951-07-14,1,90,8
32,1,1951,6,1951-07-14,9,83,0
68,1,1951,1,1951-07-14,4,87,3
80,1,1951,1,1951-07-14,6,84,0
105,1,1951,5,1951-07-14,12,81,0
106,1,1951,2,1951-07-14,17,46,0
107,1,1951,2,1951-07-14,20,23,0
1,8,1951,1,1951-07-29,18,8,0
4,8,1951,5,1951-07-29,12,17,0
5,8,1951,5,1951-07-29,8,19,0
8,8,1951,5,1951-07-29,19,4,0
12,8,1951,5,1951-07-29,11,17,0
13,8,1951,1,1951-07-29,2,20,7
18,8,1951,2,1951-07-29,22,2,0
19,8,1951,5,1951-07-29,20,3,0
24,8,1951,6,1951-07-29,1,20,8
26,8,1951,6,1951-07-29,4,20,3
27,8,1951,6,1951-07-29,3,20,4
28,8,1951,8,1951-07-29,7,19,0
29,8,1951,8,1951-07-29,13,13,0
68,8,1951,1,1951-07-29,14,12,0
70,8,1951,2,1951-07-29,21,3,0
71,8,1951,5,1951-07-29,9,18,0
76,8,1951,6,1951-07-29,5,20,2
81,8,1951,1,1951-07-29,16,11,0
83,8,1951,6,1951-07-29,6,19,0
103,8,1951,8,1951-07-29,17,11,0
105,8,1951,5,1951-07-29,15,12,0
108,8,1951,5,1951-07-29,10,18,0
1,7,1951,1,1951-09-16,3,79,3
3,7,1951,34,1951-09-16,21,0,0
4,7,1951,5,1951-09-16,8,72,0
5,7,1951,5,1951-09-16,7,73,0
12,7,1951,5,1951-09-16,17,4,0
13,7,1951,1,1951-09-16,10,39,0
18,7,1951,1,1951-09-16,18,1,0
19,7,1951,5,1951-09-16,13,23,0
24,7,1951,6,1951-09-16,1,80,8
26,7,1951,6,1951-09-16,4,79,3
27,7,1951,6,1951-09-16,2,80,6
28,7,1951,8,1951-09-16,12,29,0
29,7,1951,8,1951-09-16,11,29,0
30,7,1951,35,1951-09-16,9,67,0
32,7,1951,6,1951-09-16,19,1,0
68,7,1951,1,1951-09-16,3,79,2
71,7,1951,5,1951-09-16,14,9,0
76,7,1951,6,1951-09-16,5,78,2
103,7,1951,8,1951-09-16,6,74,0
108,7,1951,5,1951-09-16,15,7,0
109,7,1951,6,1951-09-16,20,0,0
110,7,1951,34,1951-09-16,22,0,0
1,9,1951,1,1951-10-28,3,70,4
4,9,1951,5,1951-10-28,17,7,0
5,9,1951,5,1951-10-28,7,64,0
8,9,1951,5,1951-10-28,8,63,0
12,9,1951,5,1951-10-28,13,37,0
13,9,1951,1,1951-10-28,1,70,9
15,9,1951,2,1951-10-28,19,1,0
18,9,1951,1,1951-10-28,6,66,0
19,9,1951,5,1951-10-28,18,4,0
24,9,1951,6,1951-10-28,4,68,3
26,9,1951,6,1951-10-28,11,48,0
27,9,1951,6,1951-10-28,2,70,6
28,9,1951,8,1951-10-28,9,63,0
29,9,1951,8,1951-10-28,15,25,0
68,9,1951,1,1951-10-28,5,68,2
76,9,1951,6,1951-10-28,14,30,0
103,9,1951,8,1951-10-28,12,48,0
111,9,1951,2,1951-10-28,10,60,0
112,9,1951,5,1951-10-28,16,23,0
113,9,1951,2,1951-10-28,20,0,0
1,4,1952,6,1952-05-18,10,51,0
5,4,1952,6,1952-05-18,20,2,0
15,4,1952,8,1952-05-18,9,52,0
18,4,1952,2,1952-05-18,6,58,0
28,4,1952,36,1952-05-18,14,20,0
31,4,1952,2,1952-05-18,11,31,0
76,4,1952,6,1952-05-18,1,62,9
82,4,1952,25,1952-05-18,12,24,0
83,4,1952,6,1952-05-18,2,62,6
84,4,1952,25,1952-05-18,17,12,0
85,4,1952,6,1952-05-18,7,56,0
103,4,1952,6,1952-05-18,10,51,0
114,4,1952,36,1952-05-18,3,61,4
115,4,1952,38,1952-05-18,4,60,3
116,4,1952,7,1952-05-18,5,59,2
117,4,1952,7,1952-05-18,8,55,0
118,4,1952,25,1952-05-18,13,24,0
119,4,1952,25,1952-05-18,16,12,0
120,4,1952,37,1952-05-18,18,4,0
121,4,1952,26,1952-05-18,19,4,0
122,4,1952,8,1952-05-18,21,1,0
24,3,1952,6,1952-05-30,31,40,0
34,3,1952,10,1952-05-30,10,200,0
38,3,1952,11,1952-05-30,24,93,0
42,3,1952,10,1952-05-30,8,200,0
46,3,1952,19,1952-05-30,4,200,3
48,3,1952,10,1952-05-30,11,200,0
49,3,1952,28,1952-05-30,1,200,8
50,3,1952,10,1952-05-30,28,65,0
52,3,1952,10,1952-05-30,21,182,0
54,3,1952,31,1952-05-30,22,162,0
58,3,1952,10,1952-05-30,2,200,6
59,3,1952,19,1952-05-30,19,184,0
60,3,1952,20,1952-05-30,14,200,0
63,3,1952,10,1952-05-30,27,71,0
65,3,1952,10,1952-05-30,3,200,4
87,3,1952,19,1952-05-30,20,184,0
88,3,1952,10,1952-05-30,33,20,0
89,3,1952,20,1952-05-30,32,34,0
91,3,1952,10,1952-05-30,25,84,0
95,3,1952,10,1952-05-30,18,187,0
96,3,1952,10,1952-05-30,30,41,0
97,3,1952,10,1952-05-30,23,130,0
98,3,1952,10,1952-05-30,9,200,0
99,3,1952,10,1952-05-30,17,191,1
100,3,1952,10,1952-05-30,13,200,0
123,3,1952,10,1952-05-30,5,200,2
124,3,1952,10,1952-05-30,6,200,0
125,3,1952,10,1952-05-30,7,200,0
126,3,1952,9,1952-05-30,12,200,0
127,3,1952,33,1952-05-30,15,197,0
128,3,1952,27,1952-05-30,16,193,0
129,3,1952,10,1952-05-30,26,77,0
130,3,1952,10,1952-05-30,29,49,0
1,5,1952,6,1952-06-22,2,36,6
5,5,1952,6,1952-06-22,20,6,0
12,5,1952,36,1952-06-22,8,33,0
15,5,1952,8,1952-06-22,10,32,0
24,5,1952,6,1952-06-22,1,36,9
28,5,1952,36,1952-06-22,3,36,4
76,5,1952,6,1952-06-22,17,13,0
82,5,1952,4,1952-06-22,22,0,0
114,5,1952,36,1952-06-22,18,13,0
115,5,1952,38,1952-06-22,19,10,0
116,5,1952,7,1952-06-22,6,34,0
117,5,1952,7,1952-06-22,9,33,0
118,5,1952,25,1952-06-22,11,32,0
119,5,1952,25,1952-06-22,21,3,0
131,5,1952,7,1952-06-22,4,35,3
132,5,1952,25,1952-06-22,5,34,2
133,5,1952,6,1952-06-22,7,33,0
134,5,1952,25,1952-06-22,12,32,0
135,5,1952,26,1952-06-22,13,31,0
136,5,1952,8,1952-06-22,14,30,0
137,5,1952,25,1952-06-22,15,30,0
138,5,1952,39,1952-06-22,16,17,0
1,10,1952,6,1952-07-06,2,76,6
4,10,1952,25,1952-07-06,10,68,0
5,10,1952,6,1952-07-06,17,17,0
8,10,1952,2,1952-07-06,8,70,0
12,10,1952,8,1952-07-06,18,15,0
15,10,1952,36,1952-07-06,13,56,0
18,10,1952,2,1952-07-06,15,34,0
24,10,1952,6,1952-07-06,1,77,9
28,10,1952,36,1952-07-06,4,74,3
29,10,1952,8,1952-07-06,5,72,2
31,10,1952,2,1952-07-06,15,34,0
32,10,1952,3,1952-07-06,16,17,0
76,10,1952,6,1952-07-06,3,75,4
79,10,1952,6,1952-07-06,12,63,0
83,10,1952,6,1952-07-06,11,66,0
85,10,1952,6,1952-07-06,11,66,0
114,10,1952,36,1952-07-06,7,70,0
118,10,1952,25,1952-07-06,9,70,0
119,10,1952,25,1952-07-06,6,70,0
131,10,1952,7,1952-07-06,14,51,0
139,10,1952,6,1952-07-06,20,2,0
1,1,1952,6,1952-07-19,6,82,0
3,1,1952,7,1952-07-19,7,82,0
12,1,1952,8,1952-07-19,14,79,0
15,1,1952,36,1952-07-19,11,81,0
16,1,1952,7,1952-07-19,28,14,0
18,1,1952,2,1952-07-19,19,76,0
24,1,1952,6,1952-07-19,1,85,9
28,1,1952,36,1952-07-19,29,9,0
29,1,1952,36,1952-07-19,26,21,0
31,1,1952,2,1952-07-19,17,78,0
32,1,1952,6,1952-07-19,10,81,0
76,1,1952,6,1952-07-19,2,84,6
82,1,1952,4,1952-07-19,25,36,0
83,1,1952,6,1952-07-19,13,80,0
85,1,1952,6,1952-07-19,30,3,0
105,1,1952,25,1952-07-19,24,44,0
116,1,1952,7,1952-07-19,22,69,0
117,1,1952,7,1952-07-19,20,76,0
118,1,1952,25,1952-07-19,15,79,0
119,1,1952,25,1952-07-19,23,73,0
131,1,1952,7,1952-07-19,3,83,4
137,1,1952,25,1952-07-19,27,19,0
140,1,1952,40,1952-07-19,4,83,3
141,1,1952,40,1952-07-19,5,82,2
142,1,1952,6,1952-07-19,8,82,0
143,1,1952,40,1952-07-19,9,82,0
144,1,1952,3,1952-07-19,12,80,0
145,1,1952,40,1952-07-19,16,79,0
146,1,1952,2,1952-07-19,18,77,0
147,1,1952,38,1952-07-19,21,75,0
148,1,1952,2,1952-07-19,31,0,0
149,1,1952,39,1952-07-19,32,0,0
1,8,1952,6,1952-08-03,2,18,6
12,8,1952,25,1952-08-03,10,15,0
24,8,1952,6,1952-08-03,1,18,9
28,8,1952,36,1952-08-03,13,8,0
29,8,1952,36,1952-08-03,23,1,0
68,8,1952,2,1952-08-03,25,1,0
76,8,1952,6,1952-08-03,4,17,3
81,8,1952,26,1952-08-03,24,1,0
83,8,1952,6,1952-08-03,3,18,4
114,8,1952,36,1952-08-03,5,17,2
121,8,1952,26,1952-08-03,8,16,0
132,8,1952,25,1952-08-03,26,1,0
134,8,1952,6,1952-08-03,6,16,0
137,8,1952,25,1952-08-03,15,6,0
139,8,1952,6,1952-08-03,29,1,0
146,8,1952,2,1952-08-03,30,0,0
148,8,1952,2,1952-08-03,19,4,0
149,8,1952,39,1952-08-03,22,2,0
150,8,1952,26,1952-08-03,7,16,0
151,8,1952,37,1952-08-03,9,15,0
152,8,1952,26,1952-08-03,11,14,0
153,8,1952,41,1952-08-03,12,14,0
154,8,1952,37,1952-08-03,14,7,0
155,8,1952,26,1952-08-03,16,5,0
156,8,1952,41,1952-08-03,17,5,0
157,8,1952,41,1952-08-03,18,5,0
158,8,1952,41,1952-08-03,20,3,0
159,8,1952,6,1952-08-03,21,3,0
160,8,1952,26,1952-08-03,27,1,0
161,8,1952,26,1952-08-03,28,1,0
1,11,1952,6,1952-08-17,2,90,6
24,11,1952,6,1952-08-17,1,90,9
26,11,1952,6,1952-08-17,3,90,4
28,11,1952,36,1952-08-17,5,87,2
29,11,1952,36,1952-08-17,6,87,0
82,11,1952,4,1952-08-17,11,73,0
105,11,1952,25,1952-08-17,7,85,0
109,11,1952,2,1952-08-17,9,83,0
114,11,1952,36,1952-08-17,16,10,0
115,11,1952,38,1952-08-17,10,76,0
118,11,1952,25,1952-08-17,8,84,0
131,11,1952,7,1952-08-17,4,88,3
132,11,1952,8,1952-08-17,15,15,0
133,11,1952,6,1952-08-17,14,19,0
143,11,1952,40,1952-08-17,13,27,0
146,11,1952,2,1952-08-17,18,4,0
162,11,1952,2,1952-08-17,9,83,0
163,11,1952,25,1952-08-17,12,70,0
1,7,1952,6,1952-09-07,4,80,3
5,7,1952,6,1952-09-07,10,75,0
24,7,1952,6,1952-09-07,1,80,8.5
26,7,1952,6,1952-09-07,3,80,4
27,7,1952,2,1952-09-07,2,80,6.5
28,7,1952,36,1952-09-07,14,71,0
29,7,1952,36,1952-09-07,21,5,0
30,7,1952,2,1952-09-07,20,24,0
68,7,1952,2,1952-09-07,5,79,2
76,7,1952,6,1952-09-07,7,77,0
82,7,1952,40,1952-09-07,16,60,0
83,7,1952,6,1952-09-07,23,3,0
103,7,1952,6,1952-09-07,6,79,0
109,7,1952,2,1952-09-07,8,76,0
114,7,1952,36,1952-09-07,18,42,0
115,7,1952,7,1952-09-07,9,76,0
116,7,1952,7,1952-09-07,15,68,0
117,7,1952,7,1952-09-07,13,73,0
131,7,1952,7,1952-09-07,19,38,0
140,7,1952,40,1952-09-07,12,74,0
145,7,1952,40,1952-09-07,22,4,0
146,7,1952,2,1952-09-07,17,46,0
148,7,1952,2,1952-09-07,11,75,0
164,7,1952,35,1952-09-07,24,0,0
1,12,1953,6,1953-01-18,13,31,0
13,12,1953,2,1953-01-18,11,36,0
24,12,1953,6,1953-01-18,1,97,9
26,12,1953,6,1953-01-18,2,96,6
27,12,1953,2,1953-01-18,3,96,4
28,12,1953,36,1953-01-18,10,67,0
29,12,1953,36,1953-01-18,7,91,0
31,12,1953,36,1953-01-18,7,91,0
68,12,1953,2,1953-01-18,12,32,0
114,12,1953,36,1953-01-18,6,94,0
116,12,1953,7,1953-01-18,9,87,0
131,12,1953,6,1953-01-18,4,96,3
167,12,1953,2,1953-01-18,5,96,2
168,12,1953,7,1953-01-18,8,90,0
169,12,1953,36,1953-01-18,14,24,0
170,12,1953,8,1953-01-18,15,21,0
171,12,1953,7,1953-01-18,16,20,0
34,3,1953,10,1953-05-30,26,86,0
35,3,1953,10,1953-05-30,15,177,0
38,3,1953,28,1953-05-30,9,196,0
41,3,1953,10,1953-05-30,17,176,0
43,3,1953,10,1953-05-30,4,200,1.5
44,3,1953,28,1953-05-30,22,115,0
46,3,1953,10,1953-05-30,3,200,2
48,3,1953,10,1953-05-30,5,200,2
50,3,1953,28,1953-05-30,9,196,0
51,3,1953,10,1953-05-30,10,193,0
54,3,1953,10,1953-05-30,19,166,0
55,3,1953,10,1953-05-30,23,107,0
57,3,1953,10,1953-05-30,19,166,0
58,3,1953,10,1953-05-30,7,200,0
63,3,1953,10,1953-05-30,4,200,1.5
65,3,1953,10,1953-05-30,3,200,2
67,3,1953,10,1953-05-30,16,177,0
86,3,1953,43,1953-05-30,21,146,0
87,3,1953,28,1953-05-30,13,184,0
88,3,1953,10,1953-05-30,16,177,0
91,3,1953,10,1953-05-30,11,191,0
93,3,1953,10,1953-05-30,12,190,0
95,3,1953,28,1953-05-30,9,196,0
97,3,1953,10,1953-05-30,16,177,0
99,3,1953,10,1953-05-30,1,200,9
123,3,1953,10,1953-05-30,2,200,6
124,3,1953,29,1953-05-30,14,183,0
128,3,1953,10,1953-05-30,7,200,0
129,3,1953,28,1953-05-30,20,151,0
130,3,1953,10,1953-05-30,12,190,0
172,3,1953,10,1953-05-30,6,200,0
173,3,1953,20,1953-05-30,8,200,0
174,3,1953,10,1953-05-30,17,176,0
175,3,1953,10,1953-05-30,18,169,0
176,3,1953,10,1953-05-30,19,166,0
177,3,1953,9,1953-05-30,27,76,0
178,3,1953,10,1953-05-30,30,30,0
1,11,1953,6,1953-06-07,2,90,6
5,11,1953,6,1953-06-07,7,86,0
12,11,1953,40,1953-06-07,13,52,0
13,11,1953,2,1953-06-07,14,36,0
18,11,1953,2,1953-06-07,5,88,2
24,11,1953,6,1953-06-07,1,90,8
26,11,1953,6,1953-06-07,10,67,1
27,11,1953,2,1953-06-07,3,89,2
29,11,1953,36,1953-06-07,6,87,0
31,11,1953,36,1953-06-07,12,59,0
68,11,1953,2,1953-06-07,3,89,2
82,11,1953,40,1953-06-07,9,83,0
115,11,1953,7,1953-06-07,17,19,0
118,11,1953,25,1953-06-07,19,7,0
119,11,1953,25,1953-06-07,8,84,0
131,11,1953,6,1953-06-07,4,89,3
142,11,1953,40,1953-06-07,18,14,0
145,11,1953,40,1953-06-07,11,63,0
179,11,1953,36,1953-06-07,15,28,0
1,5,1953,6,1953-06-21,14,16,0
5,5,1953,6,1953-06-21,8,33,0
12,5,1953,2,1953-06-21,12,35,0
13,5,1953,2,1953-06-21,12,35,0
18,5,1953,2,1953-06-21,4,35,3
24,5,1953,6,1953-06-21,1,36,8
26,5,1953,6,1953-06-21,2,36,6
27,5,1953,2,1953-06-21,16,11,1
29,5,1953,36,1953-06-21,5,35,2
31,5,1953,36,1953-06-21,7,33,0
101,5,1953,40,1953-06-21,11,29,0
104,5,1953,2,1953-06-21,3,35,4
114,5,1953,36,1953-06-21,17,9,0
118,5,1953,25,1953-06-21,13,19,0
119,5,1953,25,1953-06-21,18,4,0
131,5,1953,6,1953-06-21,6,35,0
132,5,1953,25,1953-06-21,10,30,0
135,5,1953,26,1953-06-21,20,0,0
180,5,1953,36,1953-06-21,9,32,0
181,5,1953,8,1953-06-21,19,3,0
1,6,1953,6,1953-07-05,5,60,2
4,6,1953,25,1953-07-05,14,50,0
5,6,1953,6,1953-07-05,8,56,0
6,6,1953,7,1953-07-05,11,55,0
12,6,1953,40,1953-07-05,12,53,0
13,6,1953,2,1953-07-05,2,60,7
15,6,1953,40,1953-07-05,18,29,0
18,6,1953,2,1953-07-05,7,58,0
19,6,1953,35,1953-07-05,15,43,0
24,6,1953,6,1953-07-05,4,60,3
26,6,1953,6,1953-07-05,6,60,0
27,6,1953,2,1953-07-05,3,60,4
29,6,1953,36,1953-07-05,21,14,0
31,6,1953,36,1953-07-05,23,4,0
68,6,1953,2,1953-07-05,16,42,0
82,6,1953,7,1953-07-05,17,38,0
104,6,1953,2,1953-07-05,9,55,0
114,6,1953,36,1953-07-05,10,55,0
115,6,1953,7,1953-07-05,20,17,0
118,6,1953,25,1953-07-05,22,9,0
119,6,1953,25,1953-07-05,13,52,0
131,6,1953,6,1953-07-05,1,60,8
142,6,1953,40,1953-07-05,25,2,0
164,6,1953,35,1953-07-05,19,18,0
179,6,1953,36,1953-07-05,24,4,0
1,1,1953,6,1953-07-18,3,88,4
5,1,1953,6,1953-07-18,10,78,0
13,1,1953,2,1953-07-18,2,90,6
15,1,1953,40,1953-07-18,7,82,0
18,1,1953,2,1953-07-18,19,34,0
22,1,1953,40,1953-07-18,12,70,0
24,1,1953,6,1953-07-18,1,90,8.5
26,1,1953,6,1953-07-18,13,65,0
27,1,1953,2,1953-07-18,4,88,3.5
29,1,1953,36,1953-07-18,23,14,0
31,1,1953,36,1953-07-18,25,5,0
32,1,1953,7,1953-07-18,9,79,0
68,1,1953,2,1953-07-18,6,82,0
104,1,1953,2,1953-07-18,14,65,0
105,1,1953,25,1953-07-18,24,14,0
114,1,1953,36,1953-07-18,21,30,0
115,1,1953,7,1953-07-18,8,80,0
116,1,1953,7,1953-07-18,15,56,0
118,1,1953,25,1953-07-18,20,31,0
119,1,1953,25,1953-07-18,16,56,0
131,1,1953,6,1953-07-18,5,87,2
142,1,1953,40,1953-07-18,18,50,0
145,1,1953,40,1953-07-18,26,0,0
147,1,1953,7,1953-07-18,27,0,0
182,1,1953,7,1953-07-18,11,79,0
183,1,1953,25,1953-07-18,17,54,0
184,1,1953,40,1953-07-18,22,24,0
1,8,1953,6,1953-08-02,1,18,8
5,8,1953,6,1953-08-02,10,17,0
12,8,1953,40,1953-08-02,21,12,0
13,8,1953,2,1953-08-02,2,18,6
15,8,1953,40,1953-08-02,26,6,0
18,8,1953,2,1953-08-02,5,17,2
24,8,1953,6,1953-08-02,8,17,0
26,8,1953,6,1953-08-02,8,17,0
29,8,1953,36,1953-08-02,30,1,0
31,8,1953,36,1953-08-02,25,6,0
68,8,1953,2,1953-08-02,4,18,3
82,8,1953,7,1953-08-02,6,17,0
104,8,1953,2,1953-08-02,19,13,0
108,8,1953,6,1953-08-02,7,17,0
114,8,1953,36,1953-08-02,24,7,0
116,8,1953,7,1953-08-02,18,15,0
120,8,1953,37,1953-08-02,33,0,0
131,8,1953,6,1953-08-02,3,18,4
142,8,1953,40,1953-08-02,31,1,0
145,8,1953,40,1953-08-02,13,16,0
153,8,1953,41,1953-08-02,15,15,0
154,8,1953,26,1953-08-02,23,8,0
157,8,1953,37,1953-08-02,29,2,0
158,8,1953,41,1953-08-02,14,16,0
160,8,1953,26,1953-08-02,12,16,0
185,8,1953,26,1953-08-02,9,17,0
186,8,1953,7,1953-08-02,11,16,0
187,8,1953,26,1953-08-02,16,14,0
188,8,1953,45,1953-08-02,20,12,0
189,8,1953,26,1953-08-02,22,10,0
190,8,1953,37,1953-08-02,27,3,0
191,8,1953,6,1953-08-02,28,3,0
192,8,1953,26,1953-08-02,32,1,0
193,8,1953,26,1953-08-02,34,0,0
1,4,1953,6,1953-08-23,2,65,6
5,4,1953,6,1953-08-23,20,0,0
13,4,1953,2,1953-08-23,4,64,1.5
18,4,1953,2,1953-08-23,11,49,0
24,4,1953,6,1953-08-23,1,65,9
26,4,1953,6,1953-08-23,6,62,0
29,4,1953,36,1953-08-23,13,43,0
68,4,1953,2,1953-08-23,4,64,1.5
85,4,1953,6,1953-08-23,17,17,0
104,4,1953,2,1953-08-23,12,46,0
108,4,1953,6,1953-08-23,19,0,0
109,4,1953,2,1953-08-23,10,54,0
114,4,1953,36,1953-08-23,14,37,0
115,4,1953,7,1953-08-23,7,62,0
118,4,1953,25,1953-08-23,16,29,0
122,4,1953,6,1953-08-23,8,51,0
131,4,1953,6,1953-08-23,3,65,4
132,4,1953,25,1953-08-23,18,1,0
194,4,1953,2,1953-08-23,5,62,2
195,4,1953,25,1953-08-23,9,49,0
1,7,1953,6,1953-09-13,2,80,6
4,7,1953,25,1953-09-13,15,67,0
5,7,1953,6,1953-09-13,16,65,0
12,7,1953,40,1953-09-13,29,7,0
13,7,1953,2,1953-09-13,1,80,9
15,7,1953,2,1953-09-13,11,72,0
18,7,1953,2,1953-09-13,20,70,0
19,7,1953,35,1953-09-13,10,72,0
24,7,1953,6,1953-09-13,17,79,0
26,7,1953,6,1953-09-13,3,79,4
29,7,1953,36,1953-09-13,5,79,2
31,7,1953,36,1953-09-13,9,75,0
68,7,1953,2,1953-09-13,18,77,0
82,7,1953,7,1953-09-13,13,70,0
104,7,1953,2,1953-09-13,19,75,0
109,7,1953,2,1953-09-13,26,18,0
115,7,1953,7,1953-09-13,22,57,0
116,7,1953,7,1953-09-13,12,70,0
118,7,1953,25,1953-09-13,30,6,0
120,7,1953,37,1953-09-13,14,67,0
131,7,1953,6,1953-09-13,4,79,3
139,7,1953,6,1953-09-13,24,40,0
142,7,1953,40,1953-09-13,25,33,0
145,7,1953,40,1953-09-13,23,56,0
164,7,1953,35,1953-09-13,27,17,0
179,7,1953,36,1953-09-13,6,77,0
183,7,1953,40,1953-09-13,21,61,0
196,7,1953,2,1953-09-13,7,76,0
197,7,1953,2,1953-09-13,7,76,0
198,7,1953,6,1953-09-13,8,75,0
199,7,1953,25,1953-09-13,28,14,0
1,12,1954,6,1954-01-17,2,87,6
5,12,1954,6,1954-01-17,16,1,0
13,12,1954,2,1954-01-17,1,87,8
15,12,1954,2,1954-01-17,7,83,0
18,12,1954,2,1954-01-17,8,83,0
27,12,1954,6,1954-01-17,3,87,5
29,12,1954,6,1954-01-17,4,86,3
31,12,1954,2,1954-01-17,6,84,0
104,12,1954,2,1954-01-17,12,48,0
114,12,1954,36,1954-01-17,10,61,0
131,12,1954,6,1954-01-17,11,52,0
164,12,1954,36,1954-01-17,5,85,2
169,12,1954,2,1954-01-17,18,0,0
179,12,1954,2,1954-01-17,13,37,0
196,12,1954,2,1954-01-17,17,0,0
198,12,1954,6,1954-01-17,9,82,0
200,12,1954,36,1954-01-17,14,19,0
201,12,1954,2,1954-01-17,15,19,0
34,3,1954,10,1954-05-31,11,200,0
38,3,1954,10,1954-05-31,15,196,0
41,3,1954,28,1954-05-31,12,199,0
43,3,1954,10,1954-05-31,8,200,0
44,3,1954,10,1954-05-31,28,110,0
46,3,1954,10,1954-05-31,4,200,1.5
48,3,1954,10,1954-05-31,3,200,5
49,3,1954,10,1954-05-31,4,200,1.5
50,3,1954,10,1954-05-31,23,168,0
51,3,1954,10,1954-05-31,11,200,0
54,3,1954,31,1954-05-31,30,104,0
55,3,1954,10,1954-05-31,8,200,0
58,3,1954,10,1954-05-31,20,191,0
63,3,1954,10,1954-05-31,6,200,0
64,3,1954,10,1954-05-31,15,196,0
65,3,1954,10,1954-05-31,11,200,0
86,3,1954,10,1954-05-31,5,200,2
87,3,1954,28,1954-05-31,13,197,0
88,3,1954,10,1954-05-31,11,200,0
95,3,1954,28,1954-05-31,12,199,0
97,3,1954,30,1954-05-31,22,172,0
99,3,1954,10,1954-05-31,1,200,8
123,3,1954,10,1954-05-31,11,200,0
124,3,1954,28,1954-05-31,2,200,6
125,3,1954,46,1954-05-31,17,194,0
127,3,1954,10,1954-05-31,19,193,0
128,3,1954,30,1954-05-31,22,172,0
129,3,1954,10,1954-05-31,14,197,0
130,3,1954,20,1954-05-31,18,193,0
172,3,1954,22,1954-05-31,24,165,0
173,3,1954,10,1954-05-31,16,194,0
175,3,1954,10,1954-05-31,15,196,0
176,3,1954,22,1954-05-31,24,165,0
177,3,1954,47,1954-05-31,7,200,0
178,3,1954,20,1954-05-31,10,200,0
202,3,1954,10,1954-05-31,9,200,0
203,3,1954,20,1954-05-31,18,193,0
204,3,1954,10,1954-05-31,19,193,0
205,3,1954,10,1954-05-31,21,181,0
206,3,1954,31,1954-05-31,30,104,0
207,3,1954,29,1954-05-31,31,101,0
208,3,1954,10,1954-05-31,33,74,0
1,5,1954,6,1954-06-20,8,14,0
13,5,1954,2,1954-06-20,1,36,9
15,5,1954,2,1954-06-20,6,35,0
27,5,1954,6,1954-06-20,4,35,1.5
29,5,1954,6,1954-06-20,2,36,6
82,5,1954,2,1954-06-20,3,35,4
101,5,1954,36,1954-06-20,5,35,2
104,5,1954,2,1954-06-20,11,3,0
108,5,1954,6,1954-06-20,13,1,0
114,5,1954,36,1954-06-20,10,12,0
131,5,1954,6,1954-06-20,4,35,1.5
132,5,1954,36,1954-06-20,9,14,0
179,5,1954,2,1954-06-20,14,0,0
197,5,1954,2,1954-06-20,7,34,0
5,6,1954,6,1954-07-04,9,27,0
13,6,1954,48,1954-07-04,1,61,8
15,6,1954,2,1954-07-04,4,60,3
24,6,1954,2,1954-07-04,21,1,0
26,6,1954,2,1954-07-04,5,58,2
27,6,1954,6,1954-07-04,16,13,0
28,6,1954,6,1954-07-04,3,60,4
29,6,1954,6,1954-07-04,8,36,0
31,6,1954,2,1954-07-04,13,19,0
104,6,1954,2,1954-07-04,10,27,0
114,6,1954,36,1954-07-04,6,56,0
115,6,1954,2,1954-07-04,12,19,0
118,6,1954,25,1954-07-04,17,10,0
131,6,1954,6,1954-07-04,19,9,0
132,6,1954,36,1954-07-04,7,50,0
142,6,1954,2,1954-07-04,15,15,0
179,6,1954,2,1954-07-04,11,24,0
181,6,1954,36,1954-07-04,18,9,0
185,6,1954,48,1954-07-04,14,16,1
197,6,1954,2,1954-07-04,22,0,0
209,6,1954,48,1954-07-04,2,61,6
210,6,1954,36,1954-07-04,20,8,0
3,1,1954,6,1954-07-17,23,25,0
5,1,1954,6,1954-07-17,30,2,0
6,1,1954,7,1954-07-17,10,85,0
13,1,1954,48,1954-07-17,4,89,3.14
15,1,1954,2,1954-07-17,20,44,0
24,1,1954,2,1954-07-17,21,40,0
26,1,1954,2,1954-07-17,21,40,0
27,1,1954,6,1954-07-17,1,90,8.14
28,1,1954,6,1954-07-17,27,16,0
29,1,1954,6,1954-07-17,5,87,2
31,1,1954,2,1954-07-17,12,83,0
32,1,1954,7,1954-07-17,28,4,0
82,1,1954,2,1954-07-17,16,80,0.14
101,1,1954,36,1954-07-17,9,86,0
104,1,1954,2,1954-07-17,3,89,4.14
114,1,1954,36,1954-07-17,18,54,0.14
115,1,1954,2,1954-07-17,8,86,0
116,1,1954,7,1954-07-17,31,0,0
117,1,1954,7,1954-07-17,29,2,0
119,1,1954,49,1954-07-17,26,16,0
131,1,1954,6,1954-07-17,2,90,6.14
142,1,1954,2,1954-07-17,19,53,0
179,1,1954,2,1954-07-17,6,87,0
186,1,1954,7,1954-07-17,32,0,0
209,1,1954,48,1954-07-17,7,87,0
211,1,1954,40,1954-07-17,11,84,0
212,1,1954,40,1954-07-17,13,82,0
213,1,1954,40,1954-07-17,14,78,0
214,1,1954,7,1954-07-17,15,44,0
215,1,1954,40,1954-07-17,17,63,0
216,1,1954,2,1954-07-17,20,44,0
217,1,1954,40,1954-07-17,22,40,0
218,1,1954,36,1954-07-17,25,18,0
5,8,1954,6,1954-08-01,8,21,0
13,8,1954,48,1954-08-01,1,22,8
15,8,1954,2,1954-08-01,11,18,0
26,8,1954,2,1954-08-01,22,0,0
27,8,1954,6,1954-08-01,2,22,3
28,8,1954,6,1954-08-01,9,20,0
29,8,1954,6,1954-08-01,3,22,4
31,8,1954,2,1954-08-01,7,21,0
76,8,1954,6,1954-08-01,6,21,0
82,8,1954,2,1954-08-01,19,1,0
101,8,1954,36,1954-08-01,20,0,0
104,8,1954,2,1954-08-01,21,0,0
114,8,1954,36,1954-08-01,10,20,0
115,8,1954,2,1954-08-01,23,0,0
131,8,1954,6,1954-08-01,2,22,3
132,8,1954,36,1954-08-01,16,4,0
160,8,1954,50,1954-08-01,14,8,0
179,8,1954,2,1954-08-01,18,2,0
185,8,1954,48,1954-08-01,15,7,0
194,8,1954,48,1954-08-01,12,10,0
197,8,1954,2,1954-08-01,5,22,2
209,8,1954,48,1954-08-01,4,22,4
218,8,1954,36,1954-08-01,13,8,0
13,4,1954,48,1954-08-22,1,66,9
27,4,1954,6,1954-08-22,2,66,6
28,4,1954,6,1954-08-22,17,0,0
29,4,1954,6,1954-08-22,10,33,0
31,4,1954,2,1954-08-22,12,23,0
82,4,1954,2,1954-08-22,13,21,0
108,4,1954,6,1954-08-22,8,58,0
114,4,1954,36,1954-08-22,15,8,0
115,4,1954,2,1954-08-22,6,64,0
131,4,1954,6,1954-08-22,11,30,0
179,4,1954,2,1954-08-22,4,64,3
180,4,1954,36,1954-08-22,14,10,0
185,4,1954,48,1954-08-22,3,65,4
197,4,1954,2,1954-08-22,5,64,2
198,4,1954,6,1954-08-22,7,61,0
209,4,1954,48,1954-08-22,9,38,0
218,4,1954,36,1954-08-22,16,0,0
5,7,1954,2,1954-09-05,8,74,0
13,7,1954,48,1954-09-05,1,80,8
24,7,1954,6,1954-09-05,12,48,0
26,7,1954,2,1954-09-05,13,42,0
27,7,1954,6,1954-09-05,3,78,3
28,7,1954,6,1954-09-05,18,16,0
29,7,1954,6,1954-09-05,5,75,2
82,7,1954,2,1954-09-05,10,71,0
114,7,1954,36,1954-09-05,20,2,0
119,7,1954,49,1954-09-05,7,75,0
131,7,1954,6,1954-09-05,2,79,6
179,7,1954,2,1954-09-05,15,34,0
180,7,1954,36,1954-09-05,6,75,0
185,7,1954,48,1954-09-05,4,77,3
196,7,1954,2,1954-09-05,16,32,0
197,7,1954,2,1954-09-05,9,74,0
198,7,1954,6,1954-09-05,3,78,2
201,7,1954,2,1954-09-05,11,70,0
209,7,1954,48,1954-09-05,14,36,0
218,7,1954,36,1954-09-05,19,13,0
5,9,1954,2,1954-10-24,7,74,0
13,9,1954,48,1954-10-24,3,79,4
15,9,1954,2,1954-10-24,9,68,0
18,9,1954,2,1954-10-24,11,57,0
24,9,1954,51,1954-10-24,19,10,1
26,9,1954,51,1954-10-24,20,2,0
28,9,1954,6,1954-10-24,21,2,0
29,9,1954,6,1954-10-24,13,47,0
31,9,1954,2,1954-10-24,15,29,0
82,9,1954,2,1954-10-24,16,20,0
108,9,1954,6,1954-10-24,18,16,0
111,9,1954,2,1954-10-24,6,76,0
114,9,1954,36,1954-10-24,17,17,0
115,9,1954,2,1954-10-24,8,74,0
119,9,1954,49,1954-10-24,22,0,0
131,9,1954,6,1954-10-24,1,80,8
179,9,1954,2,1954-10-24,4,79,3
185,9,1954,48,1954-10-24,12,50,0
196,9,1954,2,1954-10-24,2,80,6
197,9,1954,2,1954-10-24,10,58,0
209,9,1954,48,1954-10-24,5,79,2
210,9,1954,36,1954-10-24,14,37,0
220,9,1954,2,1954-10-24,11,57,0
1,12,1955,6,1955-01-16,2,96,2
13,12,1955,48,1955-01-16,1,96,9
24,12,1955,51,1955-01-16,15,21,0
26,12,1955,51,1955-01-16,12,35,0
27,12,1955,6,1955-01-16,2,96,2
29,12,1955,6,1955-01-16,2,96,2
31,12,1955,2,1955-01-16,6,88,0
82,12,1955,48,1955-01-16,4,94,1
114,12,1955,2,1955-01-16,6,88,0
164,12,1955,36,1955-01-16,16,7,0
169,12,1955,2,1955-01-16,9,54,0
170,12,1955,36,1955-01-16,20,1,0
179,12,1955,2,1955-01-16,5,91,2
185,12,1955,48,1955-01-16,4,94,1
196,12,1955,2,1955-01-16,7,83,0
197,12,1955,2,1955-01-16,7,83,0
198,12,1955,6,1955-01-16,3,94,1.33
209,12,1955,48,1955-01-16,4,94,1
218,12,1955,2,1955-01-16,9,54,0
221,12,1955,36,1955-01-16,10,38,0
222,12,1955,51,1955-01-16,12,35,0
223,12,1955,2,1955-01-16,14,22,0
1,2,1955,6,1955-05-22,4,99,3
5,2,1955,2,1955-05-22,19,8,0
13,2,1955,48,1955-05-22,15,49,1
19,2,1955,51,1955-05-22,6,95,0
24,2,1955,51,1955-05-22,11,80,0
26,2,1955,51,1955-05-22,5,99,2
28,2,1955,36,1955-05-22,16,38,0
29,2,1955,6,1955-05-22,1,100,8
31,2,1955,6,1955-05-22,12,68,0
76,2,1955,6,1955-05-22,8,86,0
82,2,1955,48,1955-05-22,9,81,0
103,2,1955,48,1955-05-22,17,24,0
114,2,1955,2,1955-05-22,3,99,2
131,2,1955,49,1955-05-22,18,22,0
132,2,1955,6,1955-05-22,8,86,0
164,2,1955,36,1955-05-22,14,63,0
179,2,1955,2,1955-05-22,13,64,0
196,2,1955,2,1955-05-22,20,7,0
210,2,1955,36,1955-05-22,7,91,0
222,2,1955,51,1955-05-22,2,100,6
224,2,1955,2,1955-05-22,3,99,2
34,3,1955,10,1955-05-30,21,119,0
38,3,1955,10,1955-05-30,2,200,3
41,3,1955,10,1955-05-30,5,200,1
43,3,1955,10,1955-05-30,2,200,3
44,3,1955,10,1955-05-30,10,200,0
46,3,1955,28,1955-05-30,11,197,0
48,3,1955,10,1955-05-30,26,54,0
51,3,1955,10,1955-05-30,3,200,4
55,3,1955,20,1955-05-30,31,40,0
58,3,1955,52,1955-05-30,14,191,0
63,3,1955,10,1955-05-30,32,39,0
65,3,1955,10,1955-05-30,19,134,0
88,3,1955,10,1955-05-30,6,200,0
97,3,1955,28,1955-05-30,28,53,0
99,3,1955,10,1955-05-30,25,56,1
123,3,1955,10,1955-05-30,17,168,0
124,3,1955,28,1955-05-30,24,90,0
125,3,1955,46,1955-05-30,33,10,0
128,3,1955,27,1955-05-30,13,196,0
129,3,1955,10,1955-05-30,1,200,8
172,3,1955,10,1955-05-30,9,200,0
176,3,1955,28,1955-05-30,4,200,3
177,3,1955,47,1955-05-30,15,178,0
178,3,1955,10,1955-05-30,16,170,0
203,3,1955,10,1955-05-30,30,53,0
205,3,1955,10,1955-05-30,8,200,0
208,3,1955,10,1955-05-30,5,200,1
226,3,1955,10,1955-05-30,7,200,0
227,3,1955,10,1955-05-30,12,196,0
228,3,1955,27,1955-05-30,18,142,0
229,3,1955,29,1955-05-30,20,120,0
230,3,1955,30,1955-05-30,22,112,0
231,3,1955,10,1955-05-30,23,111,0
232,3,1955,10,1955-05-30,27,54,0
233,3,1955,10,1955-05-30,29,53,0
1,5,1955,6,1955-06-05,3,36,4
5,5,1955,2,1955-06-05,9,33,0
12,5,1955,2,1955-06-05,14,0,0
13,5,1955,48,1955-06-05,1,36,9
29,5,1955,6,1955-06-05,6,35,0
31,5,1955,6,1955-06-05,16,0,0
76,5,1955,6,1955-06-05,15,0,0
82,5,1955,48,1955-06-05,2,36,6
114,5,1955,2,1955-06-05,5,35,1
131,5,1955,49,1955-06-05,12,8,0
132,5,1955,6,1955-06-05,4,36,3
179,5,1955,2,1955-06-05,5,35,1
196,5,1955,2,1955-06-05,7,34,0
209,5,1955,48,1955-06-05,10,21,0
222,5,1955,51,1955-06-05,11,16,0
224,5,1955,2,1955-06-05,8,33,0
5,11,1955,2,1955-06-19,9,92,0
12,11,1955,6,1955-06-19,11,88,0
13,11,1955,48,1955-06-19,1,100,8
21,11,1955,2,1955-06-19,16,2,0
28,11,1955,36,1955-06-19,13,44,0
29,11,1955,6,1955-06-19,12,65,0
82,11,1955,48,1955-06-19,2,100,6
114,11,1955,2,1955-06-19,6,97,0
131,11,1955,6,1955-06-19,7,95,0
179,11,1955,2,1955-06-19,4,99,4
196,11,1955,2,1955-06-19,3,100,4
209,11,1955,48,1955-06-19,15,21,0
210,11,1955,36,1955-06-19,10,90,0
214,11,1955,2,1955-06-19,14,23,0
222,11,1955,6,1955-06-19,5,97,2
234,11,1955,36,1955-06-19,8,92,0
13,13,1955,48,1955-07-16,2,90,6
21,13,1955,40,1955-07-16,19,19,0
22,13,1955,40,1955-07-16,19,19,0
28,13,1955,36,1955-07-16,24,4,0
29,13,1955,6,1955-07-16,10,59,0
31,13,1955,49,1955-07-16,9,72,0
76,13,1955,48,1955-07-16,4,89,3
82,13,1955,48,1955-07-16,1,90,9
103,13,1955,2,1955-07-16,22,9,0
114,13,1955,2,1955-07-16,23,9,0
115,13,1955,49,1955-07-16,9,72,0
118,13,1955,2,1955-07-16,8,79,0
119,13,1955,2,1955-07-16,14,28,0
131,13,1955,6,1955-07-16,6,87,0
142,13,1955,2,1955-07-16,16,23,0
145,13,1955,40,1955-07-16,13,30,0
179,13,1955,2,1955-07-16,11,47,0
183,13,1955,40,1955-07-16,25,0,0
196,13,1955,2,1955-07-16,5,89,2
209,13,1955,48,1955-07-16,3,90,4
212,13,1955,40,1955-07-16,20,18,0
214,13,1955,2,1955-07-16,17,22,0
222,13,1955,6,1955-07-16,6,87,0
234,13,1955,36,1955-07-16,15,26,0
235,13,1955,36,1955-07-16,7,81,0
236,13,1955,7,1955-07-16,12,30,0
1,7,1955,6,1955-09-11,21,0,0
13,7,1955,48,1955-09-11,1,50,8
26,7,1955,6,1955-09-11,22,0,0
29,7,1955,6,1955-09-11,8,47,0
31,7,1955,49,1955-09-11,18,7,0
76,7,1955,48,1955-09-11,2,50,6
82,7,1955,48,1955-09-11,14,27,1
114,7,1955,2,1955-09-11,4,50,3
115,7,1955,49,1955-09-11,20,0,0
119,7,1955,2,1955-09-11,17,22,0
131,7,1955,6,1955-09-11,10,38,0
169,7,1955,2,1955-09-11,5,49,2
179,7,1955,2,1955-09-11,7,48,0
196,7,1955,2,1955-09-11,12,31,0
198,7,1955,6,1955-09-11,6,49,0
199,7,1955,2,1955-09-11,9,46,0
209,7,1955,48,1955-09-11,11,32,0
210,7,1955,36,1955-09-11,15,26,0
214,7,1955,2,1955-09-11,13,31,0
222,7,1955,6,1955-09-11,3,50,4
234,7,1955,36,1955-09-11,16,23,0
237,7,1955,36,1955-09-11,19,7,0
238,7,1955,53,1955-09-11,23,0,0
13,12,1956,6,1956-01-22,1,98,5
27,12,1956,2,1956-01-22,12,24,0
82,12,1956,2,1956-01-22,7,81,0
109,12,1956,2,1956-01-22,4,92,1.5
114,12,1956,2,1956-01-22,2,98,6
119,12,1956,6,1956-01-22,8,58,0
131,12,1956,2,1956-01-22,3,96,4
169,12,1956,2,1956-01-22,10,42,0
196,12,1956,6,1956-01-22,1,98,4
222,12,1956,6,1956-01-22,11,40,0
223,12,1956,2,1956-01-22,6,88,0
238,12,1956,2,1956-01-22,9,57,0
239,12,1956,2,1956-01-22,4,92,1.5
240,12,1956,6,1956-01-22,5,91,2
241,12,1956,2,1956-01-22,6,88,0
5,2,1956,2,1956-05-13,10,72,0
13,2,1956,6,1956-05-13,2,100,4
19,2,1956,2,1956-05-13,18,0,0
28,2,1956,36,1956-05-13,9,90,0
29,2,1956,49,1956-05-13,12,13,0
31,2,1956,49,1956-05-13,13,2,0
82,2,1956,2,1956-05-13,1,100,8
101,2,1956,36,1956-05-13,6,88,0
114,2,1956,2,1956-05-13,3,99,4
119,2,1956,6,1956-05-13,2,100,3
131,2,1956,34,1956-05-13,16,0,0
164,2,1956,36,1956-05-13,6,88,0
196,2,1956,6,1956-05-13,14,2,0
214,2,1956,2,1956-05-13,8,85,0
222,2,1956,6,1956-05-13,4,99,1.5
224,2,1956,2,1956-05-13,7,86,0
234,2,1956,36,1956-05-13,5,93,2
243,2,1956,34,1956-05-13,17,0,0
34,3,1956,10,1956-05-30,4,200,3
38,3,1956,10,1956-05-30,22,160,0
43,3,1956,10,1956-05-30,33,21,1
44,3,1956,9,1956-05-30,1,200,8
49,3,1956,10,1956-05-30,31,22,0
50,3,1956,28,1956-05-30,11,196,0
58,3,1956,10,1956-05-30,20,175,0
63,3,1956,10,1956-05-30,12,196,0
65,3,1956,10,1956-05-30,2,200,6
66,3,1956,10,1956-05-30,5,200,2
67,3,1956,10,1956-05-30,17,191,0
88,3,1956,10,1956-05-30,27,90,0
97,3,1956,10,1956-05-30,8,200,0
98,3,1956,20,1956-05-30,10,199,0
124,3,1956,28,1956-05-30,19,185,0
125,3,1956,19,1956-05-30,9,200,0
128,3,1956,28,1956-05-30,15,195,0
129,3,1956,28,1956-05-30,6,200,0
172,3,1956,10,1956-05-30,24,134,0
176,3,1956,28,1956-05-30,32,22,0
177,3,1956,47,1956-05-30,3,200,4
203,3,1956,10,1956-05-30,23,160,0
205,3,1956,10,1956-05-30,18,187,0
226,3,1956,10,1956-05-30,28,74,0
229,3,1956,10,1956-05-30,26,94,0
230,3,1956,10,1956-05-30,23,160,0
231,3,1956,10,1956-05-30,29,49,0
232,3,1956,10,1956-05-30,14,195,0
233,3,1956,10,1956-05-30,30,35,0
244,3,1956,10,1956-05-30,7,200,0
245,3,1956,10,1956-05-30,13,196,0
246,3,1956,28,1956-05-30,16,194,0
247,3,1956,10,1956-05-30,21,173,0
248,3,1956,10,1956-05-30,25,131,0
5,5,1956,2,1956-06-03,8,33,0
13,5,1956,6,1956-06-03,9,23,0
26,5,1956,2,1956-06-03,5,34,2
29,5,1956,49,1956-06-03,10,11,0
31,5,1956,49,1956-06-03,4,35,3
82,5,1956,2,1956-06-03,3,36,3
101,5,1956,6,1956-06-03,6,33,0
111,5,1956,2,1956-06-03,15,0,0
114,5,1956,2,1956-06-03,7,33,0
119,5,1956,6,1956-06-03,1,36,8
132,5,1956,6,1956-06-03,2,36,6
214,5,1956,2,1956-06-03,14,2,0
222,5,1956,6,1956-06-03,12,10,0
224,5,1956,2,1956-06-03,3,36,2
249,5,1956,40,1956-06-03,13,10,0
5,6,1956,2,1956-07-01,6,58,0
13,6,1956,6,1956-07-01,4,61,4
26,6,1956,2,1956-07-01,15,23,0
28,6,1956,36,1956-07-01,9,56,0
29,6,1956,54,1956-07-01,17,18,0
31,6,1956,49,1956-07-01,10,56,0
82,6,1956,2,1956-07-01,5,59,1
101,6,1956,36,1956-07-01,11,55,0
103,6,1956,2,1956-07-01,12,41,0
111,6,1956,2,1956-07-01,7,57,0
114,6,1956,2,1956-07-01,3,61,4
119,6,1956,6,1956-07-01,1,61,8
131,6,1956,49,1956-07-01,10,56,0
222,6,1956,6,1956-07-01,2,61,6
224,6,1956,2,1956-07-01,5,59,1
234,6,1956,36,1956-07-01,8,57,0
240,6,1956,6,1956-07-01,14,38,0
250,6,1956,6,1956-07-01,16,20,0
251,6,1956,49,1956-07-01,20,0,0
5,1,1956,2,1956-07-14,21,23,0
6,1,1956,7,1956-07-14,11,88,0
13,1,1956,6,1956-07-14,1,101,8
26,1,1956,2,1956-07-14,6,96,0
27,1,1956,49,1956-07-14,28,0,0
28,1,1956,36,1956-07-14,9,94,0
29,1,1956,49,1956-07-14,15,74,0
31,1,1956,49,1956-07-14,13,87,0
82,1,1956,2,1956-07-14,12,94,1
111,1,1956,2,1956-07-14,8,94,0
114,1,1956,2,1956-07-14,3,99,4
119,1,1956,6,1956-07-14,2,100,3
131,1,1956,34,1956-07-14,20,24,0
142,1,1956,2,1956-07-14,18,59,0
183,1,1956,40,1956-07-14,4,98,3
198,1,1956,2,1956-07-14,23,21,0
214,1,1956,2,1956-07-14,5,97,2
216,1,1956,34,1956-07-14,27,2,0
222,1,1956,6,1956-07-14,10,92,0
224,1,1956,2,1956-07-14,7,95,0
234,1,1956,36,1956-07-14,16,71,0
236,1,1956,2,1956-07-14,26,3,0
243,1,1956,34,1956-07-14,19,39,0
250,1,1956,6,1956-07-14,2,100,3
252,1,1956,40,1956-07-14,14,74,0
253,1,1956,2,1956-07-14,22,22,0
254,1,1956,40,1956-07-14,24,16,0
255,1,1956,55,1956-07-14,25,12,0
5,8,1956,2,1956-08-05,5,19,2
13,8,1956,6,1956-08-05,1,22,9
26,8,1956,2,1956-08-05,11,13,0
28,8,1956,36,1956-08-05,18,0,0
31,8,1956,2,1956-08-05,10,13,0
82,8,1956,2,1956-08-05,2,22,6
101,8,1956,36,1956-08-05,21,0,0
111,8,1956,2,1956-08-05,4,20,3
114,8,1956,2,1956-08-05,3,22,4
119,8,1956,6,1956-08-05,13,8,0
142,8,1956,2,1956-08-05,17,2,0
196,8,1956,6,1956-08-05,12,11,0
198,8,1956,2,1956-08-05,15,3,0
214,8,1956,2,1956-08-05,16,3,0
220,8,1956,2,1956-08-05,7,16,0
222,8,1956,6,1956-08-05,14,5,0
224,8,1956,2,1956-08-05,20,0,0
238,8,1956,2,1956-08-05,22,0,0
242,8,1956,6,1956-08-05,19,0,0
250,8,1956,6,1956-08-05,9,14,0
253,8,1956,2,1956-08-05,6,20,0
256,8,1956,36,1956-08-05,8,15,0
13,7,1956,6,1956-09-02,2,50,3
18,7,1956,2,1956-09-02,7,46,0
26,7,1956,2,1956-09-02,20,7,0
28,7,1956,36,1956-09-02,21,7,0
29,7,1956,49,1956-09-02,17,13,0
31,7,1956,49,1956-09-02,14,32,0
76,7,1956,49,1956-09-02,18,12,0
82,7,1956,2,1956-09-02,1,50,9
103,7,1956,36,1956-09-02,9,45,0
111,7,1956,2,1956-09-02,4,49,3
114,7,1956,2,1956-09-02,13,42,0
119,7,1956,6,1956-09-02,2,50,3
142,7,1956,2,1956-09-02,11,41,0
183,7,1956,40,1956-09-02,5,47,2
196,7,1956,6,1956-09-02,12,47,0
198,7,1956,2,1956-09-02,13,42,0
216,7,1956,40,1956-09-02,3,49,4
222,7,1956,6,1956-09-02,8,46,0
234,7,1956,36,1956-09-02,24,3,0
238,7,1956,2,1956-09-02,6,47,0
239,7,1956,2,1956-09-02,10,42,0
250,7,1956,6,1956-09-02,22,6,0
253,7,1956,2,1956-09-02,16,16,0
257,7,1956,2,1956-09-02,20,7,0
258,7,1956,40,1956-09-02,23,6,0
259,7,1956,6,1956-09-02,25,0,0
13,12,1957,2,1957-01-13,1,100,8
27,12,1957,6,1957-01-13,5,98,1
31,12,1957,2,1957-01-13,4,98,3
82,12,1957,2,1957-01-13,8,93,1
114,12,1957,2,1957-01-13,2,100,6
119,12,1957,6,1957-01-13,6,98,0
131,12,1957,6,1957-01-13,12,35,0
169,12,1957,2,1957-01-13,3,99,4
196,12,1957,6,1957-01-13,13,31,0
222,12,1957,6,1957-01-13,11,75,0
224,12,1957,6,1957-01-13,6,98,0
238,12,1957,2,1957-01-13,10,90,0
250,12,1957,6,1957-01-13,5,98,1
257,12,1957,2,1957-01-13,7,95,0
259,12,1957,6,1957-01-13,6,98,0
260,12,1957,6,1957-01-13,9,91,0
13,2,1957,2,1957-05-19,1,105,9
29,2,1957,6,1957-05-19,5,100,2
31,2,1957,2,1957-05-19,8,64,0
82,2,1957,49,1957-05-19,15,4,0
119,2,1957,6,1957-05-19,14,4,0
131,2,1957,6,1957-05-19,7,95,0
169,2,1957,2,1957-05-19,10,51,0
214,2,1957,2,1957-05-19,13,10,0
216,2,1957,34,1957-05-19,9,60,0
236,2,1957,7,1957-05-19,6,100,0
242,2,1957,2,1957-05-19,8,64,0
243,2,1957,49,1957-05-19,2,105,6
259,2,1957,6,1957-05-19,7,95,0
261,2,1957,2,1957-05-19,3,103,4
262,2,1957,40,1957-05-19,4,102,3
263,2,1957,40,1957-05-19,11,47,0
34,3,1957,10,1957-05-30,16,195,0
38,3,1957,10,1957-05-30,15,195,0
43,3,1957,10,1957-05-30,4,200,3
49,3,1957,9,1957-05-30,31,13,0
50,3,1957,19,1957-05-30,10,200,0
58,3,1957,52,1957-05-30,2,200,7
63,3,1957,10,1957-05-30,22,107,0
65,3,1957,52,1957-05-30,1,200,8
88,3,1957,10,1957-05-30,5,200,2
97,3,1957,19,1957-05-30,30,27,0
124,3,1957,28,1957-05-30,3,200,4
125,3,1957,10,1957-05-30,18,182,0
128,3,1957,10,1957-05-30,25,93,0
172,3,1957,10,1957-05-30,28,53,0
175,3,1957,10,1957-05-30,7,200,0
176,3,1957,28,1957-05-30,12,199,0
177,3,1957,10,1957-05-30,17,192,0
203,3,1957,10,1957-05-30,29,51,0
205,3,1957,10,1957-05-30,8,200,0
226,3,1957,56,1957-05-30,21,111,0
227,3,1957,28,1957-05-30,14,196,0
230,3,1957,10,1957-05-30,32,0,0
232,3,1957,10,1957-05-30,27,75,0
233,3,1957,10,1957-05-30,6,200,0
244,3,1957,47,1957-05-30,9,200,0
245,3,1957,10,1957-05-30,13,197,0
247,3,1957,10,1957-05-30,20,138,0
248,3,1957,10,1957-05-30,11,200,0
264,3,1957,10,1957-05-30,19,170,0
265,3,1957,28,1957-05-30,23,105,0
266,3,1957,10,1957-05-30,24,101,0
267,3,1957,10,1957-05-30,26,81,0
268,3,1957,10,1957-05-30,33,0,0
13,10,1957,2,1957-07-07,1,77,8
29,10,1957,6,1957-07-07,12,23,0
31,10,1957,2,1957-07-07,5,70,2
114,10,1957,2,1957-07-07,6,69,0
119,10,1957,6,1957-07-07,3,77,4
131,10,1957,6,1957-07-07,4,76,3
142,10,1957,49,1957-07-07,10,25,0
169,10,1957,2,1957-07-07,8,30,0
196,10,1957,6,1957-07-07,2,77,7
214,10,1957,2,1957-07-07,14,4,0
216,10,1957,34,1957-07-07,15,2,0
236,10,1957,7,1957-07-07,7,68,0
262,10,1957,49,1957-07-07,9,30,0
269,10,1957,7,1957-07-07,7,68,0
270,10,1957,34,1957-07-07,11,24,0
6,13,1957,7,1957-07-20,6,82,0
13,13,1957,2,1957-07-20,13,49,0
29,13,1957,6,1957-07-20,4,88,3
31,13,1957,2,1957-07-20,16,39,0
82,13,1957,49,1957-07-20,1,90,5
114,13,1957,2,1957-07-20,10,69,0
119,13,1957,6,1957-07-20,4,88,0
131,13,1957,6,1957-07-20,3,90,4
142,13,1957,7,1957-07-20,5,85,2
169,13,1957,2,1957-07-20,17,35,0
183,13,1957,34,1957-07-20,14,46,0
196,13,1957,6,1957-07-20,2,90,6
214,13,1957,2,1957-07-20,19,0,0
236,13,1957,7,1957-07-20,9,74,0
243,13,1957,49,1957-07-20,1,90,4
257,13,1957,2,1957-07-20,18,18,0
258,13,1957,34,1957-07-20,15,44,0
262,13,1957,49,1957-07-20,7,82,0
263,13,1957,2,1957-07-20,8,71,0
13,8,1957,2,1957-08-04,1,22,9
31,8,1957,2,1957-08-04,7,22,0
82,8,1957,49,1957-08-04,5,22,2
111,8,1957,2,1957-08-04,19,11,0
114,8,1957,2,1957-08-04,6,22,0
119,8,1957,6,1957-08-04,3,22,4
131,8,1957,6,1957-08-04,2,22,6
142,8,1957,7,1957-08-04,18,11,0
185,8,1957,2,1957-08-04,16,14,0
188,8,1957,57,1957-08-04,12,21,0
196,8,1957,6,1957-08-04,4,22,3
198,8,1957,57,1957-08-04,17,13,0
214,8,1957,2,1957-08-04,24,2,0
236,8,1957,7,1957-08-04,21,6,0
242,8,1957,2,1957-08-04,10,21,0
243,8,1957,49,1957-08-04,9,21,0
253,8,1957,2,1957-08-04,11,21,0
261,8,1957,2,1957-08-04,8,21,0
262,8,1957,49,1957-08-04,20,10,0
271,8,1957,7,1957-08-04,13,20,0
272,8,1957,57,1957-08-04,14,20,0
273,8,1957,7,1957-08-04,15,17,0
274,8,1957,7,1957-08-04,22,4,0
275,8,1957,7,1957-08-04,23,3,0
13,14,1957,2,1957-08-18,2,18,6
31,14,1957,2,1957-08-18,3,18,4
82,14,1957,49,1957-08-18,1,18,9
111,14,1957,2,1957-08-18,9,9,0
114,14,1957,2,1957-08-18,12,3,0
142,14,1957,7,1957-08-18,13,3,0
196,14,1957,6,1957-08-18,8,9,0
214,14,1957,2,1957-08-18,15,0,0
236,14,1957,7,1957-08-18,7,15,0
238,14,1957,2,1957-08-18,16,0,0
242,14,1957,2,1957-08-18,6,17,0
243,14,1957,49,1957-08-18,14,1,0
253,14,1957,2,1957-08-18,10,9,0
257,14,1957,2,1957-08-18,11,7,0
261,14,1957,2,1957-08-18,4,18,3
262,14,1957,49,1957-08-18,5,17,2
13,7,1957,2,1957-09-08,2,87,6
31,7,1957,2,1957-09-08,5,84,1
82,7,1957,49,1957-09-08,1,87,8
103,7,1957,2,1957-09-08,11,72,0
111,7,1957,2,1957-09-08,9,81,0
114,7,1957,2,1957-09-08,14,49,0
119,7,1957,6,1957-09-08,12,62,0
131,7,1957,6,1957-09-08,6,83,0
196,7,1957,6,1957-09-08,8,82,0
214,7,1957,2,1957-09-08,10,78,0
220,7,1957,2,1957-09-08,11,72,0
238,7,1957,2,1957-09-08,18,3,0
242,7,1957,2,1957-09-08,5,84,1
243,7,1957,49,1957-09-08,7,82,1
253,7,1957,2,1957-09-08,15,47,0
257,7,1957,2,1957-09-08,17,31,0
259,7,1957,6,1957-09-08,3,85,4
261,7,1957,2,1957-09-08,4,84,3
262,7,1957,49,1957-09-08,13,49,0
13,12,1958,2,1958-01-19,4,80,4
31,12,1958,2,1958-01-19,6,77,0
82,12,1958,7,1958-01-19,1,80,8
111,12,1958,2,1958-01-19,8,75,0
114,12,1958,2,1958-01-19,5,78,2
119,12,1958,6,1958-01-19,10,0,0
131,12,1958,6,1958-01-19,3,80,4
169,12,1958,2,1958-01-19,7,76,0
196,12,1958,6,1958-01-19,2,80,6
214,12,1958,2,1958-01-19,9,71,0
29,2,1958,7,1958-05-18,1,100,8
31,2,1958,34,1958-05-18,5,91,2
82,2,1958,49,1958-05-18,12,38,0
114,2,1958,34,1958-05-18,13,29,0
119,2,1958,6,1958-05-18,3,100,4
131,2,1958,6,1958-05-18,11,47,1
142,2,1958,7,1958-05-18,10,56,0
196,2,1958,6,1958-05-18,2,100,6
236,2,1958,7,1958-05-18,4,97,3
242,2,1958,2,1958-05-18,14,28,0
243,2,1958,49,1958-05-18,15,22,0
257,2,1958,2,1958-05-18,8,71,0
259,2,1958,6,1958-05-18,7,91,0
262,2,1958,49,1958-05-18,16,11,0
276,2,1958,58,1958-05-18,6,87,0
277,2,1958,58,1958-05-18,9,69,0
29,11,1958,7,1958-05-26,9,72,0
31,11,1958,34,1958-05-26,2,75,6
82,11,1958,49,1958-05-26,1,75,9
114,11,1958,34,1958-05-26,3,75,4
119,11,1958,6,1958-05-26,15,32,0
131,11,1958,6,1958-05-26,5,74,2
142,11,1958,7,1958-05-26,4,74,3
196,11,1958,6,1958-05-26,7,73,0
214,11,1958,2,1958-05-26,18,0,0
236,11,1958,7,1958-05-26,8,73,0
242,11,1958,2,1958-05-26,12,52,0
243,11,1958,49,1958-05-26,17,13,0
257,11,1958,2,1958-05-26,10,71,0
261,11,1958,2,1958-05-26,16,16,0
262,11,1958,49,1958-05-26,13,46,0
272,11,1958,57,1958-05-26,11,69,0
276,11,1958,58,1958-05-26,6,73,0
277,11,1958,58,1958-05-26,14,40,0
34,3,1958,10,1958-05-30,12,200,0
38,3,1958,52,1958-05-30,4,200,4
43,3,1958,10,1958-05-30,18,122,0
58,3,1958,52,1958-05-30,5,200,2
66,3,1958,9,1958-05-30,27,0,0
97,3,1958,19,1958-05-30,20,93,0
124,3,1958,52,1958-05-30,1,200,8
125,3,1958,9,1958-05-30,6,200,0
128,3,1958,10,1958-05-30,9,200,0
176,3,1958,10,1958-05-30,23,52,0
177,3,1958,47,1958-05-30,7,200,0
203,3,1958,9,1958-05-30,28,0,0
205,3,1958,10,1958-05-30,29,0,0
227,3,1958,56,1958-05-30,24,38,0
228,3,1958,10,1958-05-30,19,116,0
232,3,1958,10,1958-05-30,11,200,0
233,3,1958,10,1958-05-30,3,200,4
244,3,1958,10,1958-05-30,26,1,0
245,3,1958,10,1958-05-30,14,189,0
246,3,1958,10,1958-05-30,21,80,0
247,3,1958,28,1958-05-30,13,200,0
248,3,1958,19,1958-05-30,25,21,0
265,3,1958,28,1958-05-30,22,68,0
266,3,1958,10,1958-05-30,17,136,0
267,3,1958,10,1958-05-30,10,200,0
285,3,1958,52,1958-05-30,2,200,6
286,3,1958,9,1958-05-30,8,200,0
287,3,1958,28,1958-05-30,15,151,0
288,3,1958,28,1958-05-30,16,148,0
289,3,1958,10,1958-05-30,30,0,0
290,3,1958,10,1958-05-30,31,0,0
291,3,1958,10,1958-05-30,32,0,0
292,3,1958,28,1958-05-30,33,0,0
29,5,1958,2,1958-06-15,7,23,0
31,5,1958,34,1958-06-15,5,23,2
82,5,1958,49,1958-06-15,18,0,0
111,5,1958,2,1958-06-15,11,22,0
114,5,1958,34,1958-06-15,16,5,0
119,5,1958,6,1958-06-15,15,5,0
131,5,1958,6,1958-06-15,2,24,7
142,5,1958,7,1958-06-15,8,23,0
187,5,1958,2,1958-06-15,17,4,0
196,5,1958,6,1958-06-15,14,5,0
236,5,1958,7,1958-06-15,12,16,0
240,5,1958,6,1958-06-15,6,23,0
243,5,1958,49,1958-06-15,1,24,8
257,5,1958,2,1958-06-15,9,22,0
261,5,1958,2,1958-06-15,19,0,0
262,5,1958,49,1958-06-15,3,24,4
276,5,1958,58,1958-06-15,4,24,3
277,5,1958,58,1958-06-15,13,12,0
280,5,1958,2,1958-06-15,10,22,0
13,6,1958,2,1958-07-06,4,50,3
29,6,1958,34,1958-07-06,17,23,0
31,6,1958,34,1958-07-06,12,41,0
49,6,1958,2,1958-07-06,10,45,0
82,6,1958,49,1958-07-06,2,50,6
111,6,1958,2,1958-07-06,16,28,0
114,6,1958,34,1958-07-06,13,41,0
119,6,1958,6,1958-07-06,5,50,2
131,6,1958,6,1958-07-06,1,50,9
142,6,1958,7,1958-07-06,11,37,0
196,6,1958,6,1958-07-06,19,9,0
236,6,1958,7,1958-07-06,6,49,0
239,6,1958,2,1958-07-06,9,47,0
243,6,1958,49,1958-07-06,14,35,0
257,6,1958,2,1958-07-06,8,48,0
259,6,1958,6,1958-07-06,3,50,4
262,6,1958,49,1958-07-06,14,35,0
276,6,1958,58,1958-07-06,21,6,0
277,6,1958,58,1958-07-06,15,33,0
293,6,1958,2,1958-07-06,7,49,0
294,6,1958,2,1958-07-06,20,9,0
29,1,1958,7,1958-07-19,8,73,0
31,1,1958,34,1958-07-19,5,75,2
82,1,1958,49,1958-07-19,14,25,0
114,1,1958,34,1958-07-19,16,19,0
119,1,1958,6,1958-07-19,1,75,8
131,1,1958,6,1958-07-19,2,75,7
142,1,1958,7,1958-07-19,3,75,4
183,1,1958,40,1958-07-19,20,7,0
236,1,1958,7,1958-07-19,6,75,0
239,1,1958,2,1958-07-19,12,44,0
243,1,1958,49,1958-07-19,7,74,0
257,1,1958,2,1958-07-19,11,49,0
259,1,1958,6,1958-07-19,10,59,0
262,1,1958,49,1958-07-19,4,75,3
263,1,1958,40,1958-07-19,17,19,0
276,1,1958,58,1958-07-19,15,21,0
277,1,1958,58,1958-07-19,19,17,0
294,1,1958,2,1958-07-19,9,72,0
295,1,1958,7,1958-07-19,13,40,0
296,1,1958,58,1958-07-19,18,19,0
29,8,1958,7,1958-08-03,3,15,4
31,8,1958,34,1958-08-03,15,9,0
49,8,1958,2,1958-08-03,26,0,0
82,8,1958,49,1958-08-03,21,3,1
114,8,1958,34,1958-08-03,18,4,0
119,8,1958,6,1958-08-03,13,10,0
131,8,1958,6,1958-08-03,12,11,0
142,8,1958,7,1958-08-03,2,15,6
185,8,1958,2,1958-08-03,20,3,0
187,8,1958,7,1958-08-03,14,9,0
188,8,1958,57,1958-08-03,6,15,0
236,8,1958,7,1958-08-03,24,1,0
243,8,1958,49,1958-08-03,1,15,8
257,8,1958,2,1958-08-03,25,1,0
259,8,1958,6,1958-08-03,4,15,3
263,8,1958,58,1958-08-03,11,13,0
271,8,1958,7,1958-08-03,23,1,0
272,8,1958,57,1958-08-03,19,3,0
273,8,1958,7,1958-08-03,8,15,0
275,8,1958,7,1958-08-03,22,2,0
276,8,1958,58,1958-08-03,10,13,0
277,8,1958,58,1958-08-03,17,4,0
293,8,1958,6,1958-08-03,9,15,0
295,8,1958,7,1958-08-03,7,15,0
297,8,1958,7,1958-08-03,5,15,0
298,8,1958,7,1958-08-03,16,4,0
29,15,1958,7,1958-08-24,8,48,0
31,15,1958,34,1958-08-24,6,49,0
82,15,1958,49,1958-08-24,1,50,8
114,15,1958,34,1958-08-24,4,49,3
131,15,1958,6,1958-08-24,2,50,7
142,15,1958,7,1958-08-24,9,46,0
236,15,1958,7,1958-08-24,7,48,0
243,15,1958,49,1958-08-24,11,37,0
257,15,1958,2,1958-08-24,14,9,0
259,15,1958,6,1958-08-24,5,49,2
262,15,1958,49,1958-08-24,3,49,4
276,15,1958,2,1958-08-24,13,15,0
277,15,1958,58,1958-08-24,12,25,0
280,15,1958,2,1958-08-24,15,6,0
294,15,1958,2,1958-08-24,10,47,0
29,7,1958,7,1958-09-07,13,24,0
31,7,1958,34,1958-09-07,20,0,0
82,7,1958,49,1958-09-07,14,17,0
114,7,1958,34,1958-09-07,10,42,0
131,7,1958,6,1958-09-07,2,70,6
142,7,1958,7,1958-09-07,5,62,2
185,7,1958,2,1958-09-07,11,32,0
236,7,1958,7,1958-09-07,21,0,0
239,7,1958,2,1958-09-07,17,2,0
240,7,1958,6,1958-09-07,16,4,0
243,7,1958,49,1958-09-07,1,70,8
257,7,1958,34,1958-09-07,15,14,0
259,7,1958,6,1958-09-07,19,0,0
261,7,1958,2,1958-09-07,4,69,0
262,7,1958,49,1958-09-07,12,30,0
276,7,1958,58,1958-09-07,7,61,0
277,7,1958,58,1958-09-07,6,62,0
280,7,1958,2,1958-09-07,8,57,0
282,7,1958,2,1958-09-07,9,51,0
293,7,1958,6,1958-09-07,3,70,5
294,7,1958,2,1958-09-07,4,69,0
29,16,1958,7,1958-10-19,25,9,0
31,16,1958,34,1958-10-19,5,53,2
82,16,1958,49,1958-10-19,1,53,9
114,16,1958,34,1958-10-19,22,26,0
131,16,1958,6,1958-10-19,2,53,6
142,16,1958,7,1958-10-19,7,51,0
183,16,1958,7,1958-10-19,8,50,0
185,16,1958,2,1958-10-19,9,50,0
187,16,1958,7,1958-10-19,23,15,0
216,16,1958,34,1958-10-19,24,15,0
236,16,1958,7,1958-10-19,11,49,0
239,16,1958,2,1958-10-19,12,48,0
240,16,1958,6,1958-10-19,21,29,0
243,16,1958,49,1958-10-19,20,29,0
257,16,1958,34,1958-10-19,4,53,3
261,16,1958,2,1958-10-19,6,52,0
262,16,1958,49,1958-10-19,17,41,0
276,16,1958,58,1958-10-19,10,49,0
277,16,1958,58,1958-10-19,16,45,0
293,16,1958,6,1958-10-19,3,53,4
297,16,1958,7,1958-10-19,13,48,0
299,16,1958,7,1958-10-19,14,48,0
300,16,1958,7,1958-10-19,15,48,0
301,16,1958,7,1958-10-19,18,31,0
302,16,1958,7,1958-10-19,19,30,0
29,2,1959,59,1959-05-10,3,98,4
31,2,1959,34,1959-05-10,9,48,0
82,2,1959,59,1959-05-10,7,81,0
114,2,1959,6,1959-05-10,11,24,0
142,2,1959,60,1959-05-10,6,83,0
216,2,1959,34,1959-05-10,8,64,0
236,2,1959,59,1959-05-10,1,100,9
243,2,1959,6,1959-05-10,2,100,6
253,2,1959,58,1959-05-10,16,1,0
257,2,1959,34,1959-05-10,10,44,0
259,2,1959,57,1959-05-10,14,1,0
261,2,1959,59,1959-05-10,13,6,0
276,2,1959,6,1959-05-10,15,1,0
277,2,1959,58,1959-05-10,12,21,0
293,2,1959,6,1959-05-10,4,97,3
297,2,1959,59,1959-05-10,5,96,2
38,3,1959,52,1959-05-30,4,200,3
43,3,1959,10,1959-05-30,9,200,0
44,3,1959,9,1959-05-30,19,162,0
46,3,1959,10,1959-05-30,7,200,0
50,3,1959,28,1959-05-30,11,200,0
58,3,1959,9,1959-05-30,2,200,6
66,3,1959,9,1959-05-30,20,150,0
97,3,1959,9,1959-05-30,1,200,8
124,3,1959,52,1959-05-30,33,1,0
128,3,1959,10,1959-05-30,8,200,0
172,3,1959,10,1959-05-30,14,200,0
176,3,1959,19,1959-05-30,3,200,5
177,3,1959,10,1959-05-30,22,136,0
226,3,1959,56,1959-05-30,13,200,0
227,3,1959,10,1959-05-30,28,45,0
231,3,1959,62,1959-05-30,23,115,0
232,3,1959,28,1959-05-30,18,163,0
233,3,1959,52,1959-05-30,6,200,0
244,3,1959,23,1959-05-30,12,200,0
245,3,1959,10,1959-05-30,25,109,0
248,3,1959,61,1959-05-30,27,47,0
265,3,1959,28,1959-05-30,17,182,0
266,3,1959,63,1959-05-30,30,45,0
267,3,1959,28,1959-05-30,21,147,0
286,3,1959,10,1959-05-30,29,45,0
288,3,1959,28,1959-05-30,10,200,0
289,3,1959,52,1959-05-30,5,200,2
291,3,1959,19,1959-05-30,32,34,0
307,3,1959,10,1959-05-30,15,200,0
308,3,1959,10,1959-05-30,16,200,0
309,3,1959,47,1959-05-30,24,112,0
310,3,1959,10,1959-05-30,26,85,0
311,3,1959,10,1959-05-30,31,45,0
29,11,1959,59,1959-05-31,8,73,0
31,11,1959,34,1959-05-31,12,46,0
82,11,1959,59,1959-05-31,11,62,1
114,11,1959,6,1959-05-31,5,74,2
142,11,1959,64,1959-05-31,15,3,0
236,11,1959,59,1959-05-31,2,75,6
243,11,1959,6,1959-05-31,13,42,0
257,11,1959,34,1959-05-31,1,75,8
261,11,1959,59,1959-05-31,3,75,4
272,11,1959,57,1959-05-31,10,68,0
276,11,1959,6,1959-05-31,9,71,0
277,11,1959,58,1959-05-31,7,73,0
293,11,1959,6,1959-05-31,6,73,0
294,11,1959,64,1959-05-31,14,25,0
312,11,1959,58,1959-05-31,4,74,3
29,6,1959,59,1959-07-05,11,36,0
31,6,1959,34,1959-07-05,7,47,0
82,6,1959,34,1959-07-05,12,42,1
114,6,1959,6,1959-07-05,13,31,0
142,6,1959,60,1959-07-05,14,20,0
216,6,1959,34,1959-07-05,6,50,0
236,6,1959,59,1959-07-05,3,50,4
240,6,1959,6,1959-07-05,4,50,3
242,6,1959,2,1959-07-05,8,41,0
243,6,1959,6,1959-07-05,1,50,8
257,6,1959,34,1959-07-05,21,6,0
261,6,1959,59,1959-07-05,18,8,0
272,6,1959,2,1959-07-05,9,40,0
277,6,1959,58,1959-07-05,19,7,0
293,6,1959,6,1959-07-05,2,50,6
295,6,1959,60,1959-07-05,17,13,0
297,6,1959,59,1959-07-05,5,50,2
312,6,1959,58,1959-07-05,16,14,0
313,6,1959,2,1959-07-05,10,40,0
314,6,1959,6,1959-07-05,15,19,0
315,6,1959,60,1959-07-05,20,7,0
316,6,1959,2,1959-07-05,22,0,0
29,13,1959,59,1959-07-18,5,74,2
31,13,1959,34,1959-07-18,4,74,3
82,13,1959,34,1959-07-18,2,75,6.5
142,13,1959,64,1959-07-18,6,74,0
183,13,1959,59,1959-07-18,17,39,0
185,13,1959,60,1959-07-18,20,21,0
216,13,1959,34,1959-07-18,16,53,0
236,13,1959,59,1959-07-18,1,75,8
243,13,1959,49,1959-07-18,24,13,0
257,13,1959,34,1959-07-18,18,37,0
261,13,1959,59,1959-07-18,7,73,0
263,13,1959,67,1959-07-18,13,69,0
271,13,1959,65,1959-07-18,22,18,0
277,13,1959,58,1959-07-18,9,70,0
294,13,1959,64,1959-07-18,14,69,0
295,13,1959,60,1959-07-18,19,31,0
296,13,1959,58,1959-07-18,8,71,0
297,13,1959,59,1959-07-18,3,75,4.5
313,13,1959,2,1959-07-18,15,57,0
317,13,1959,67,1959-07-18,10,70,0
318,13,1959,59,1959-07-18,11,69,0
319,13,1959,59,1959-07-18,12,69,0
320,13,1959,58,1959-07-18,21,19,0
321,13,1959,59,1959-07-18,23,17,0
29,17,1959,59,1959-08-02,4,59,3
31,17,1959,34,1959-08-02,7,49,0
82,17,1959,59,1959-08-02,15,1,0
185,17,1959,34,1959-08-02,9,36,0
236,17,1959,59,1959-08-02,11,15,0
243,17,1959,6,1959-08-02,1,60,9
257,17,1959,34,1959-08-02,5,58,2
261,17,1959,59,1959-08-02,10,23,0
276,17,1959,6,1959-08-02,14,2,0
277,17,1959,58,1959-08-02,12,10,0
293,17,1959,6,1959-08-02,3,60,4
295,17,1959,60,1959-08-02,6,56,0
297,17,1959,59,1959-08-02,8,36,0
312,17,1959,58,1959-08-02,13,7,0
314,17,1959,6,1959-08-02,2,60,6
29,18,1959,59,1959-08-23,4,60,3
31,18,1959,34,1959-08-23,5,59,2
82,18,1959,59,1959-08-23,1,62,9
142,18,1959,64,1959-08-23,6,59,0
216,18,1959,34,1959-08-23,7,59,0
236,18,1959,59,1959-08-23,12,23,0
243,18,1959,6,1959-08-23,9,57,0
257,18,1959,34,1959-08-23,13,10,0
261,18,1959,59,1959-08-23,2,61,6
277,18,1959,58,1959-08-23,15,5,0
293,18,1959,6,1959-08-23,14,5,0
294,18,1959,64,1959-08-23,8,58,0
297,18,1959,59,1959-08-23,11,38,0
312,18,1959,58,1959-08-23,16,3,0
314,18,1959,6,1959-08-23,3,61,4
328,18,1959,60,1959-08-23,10,56,0
29,7,1959,59,1959-09-13,9,70,0
31,7,1959,34,1959-09-13,7,70,0
82,7,1959,59,1959-09-13,1,72,8
142,7,1959,64,1959-09-13,16,44,0
183,7,1959,60,1959-09-13,18,18,0
216,7,1959,34,1959-09-13,13,67,0
236,7,1959,59,1959-09-13,3,72,4
240,7,1959,6,1959-09-13,6,71,0
242,7,1959,59,1959-09-13,12,68,0
243,7,1959,6,1959-09-13,21,0,0
257,7,1959,34,1959-09-13,8,70,0
276,7,1959,6,1959-09-13,5,71,2
277,7,1959,58,1959-09-13,20,1,0
282,7,1959,2,1959-09-13,15,64,0
293,7,1959,6,1959-09-13,2,72,7
294,7,1959,64,1959-09-13,10,70,0
295,7,1959,60,1959-09-13,14,67,0
297,7,1959,59,1959-09-13,17,22,0
312,7,1959,58,1959-09-13,19,14,0
314,7,1959,6,1959-09-13,4,72,3
315,7,1959,60,1959-09-13,11,68,0
29,19,1959,59,1959-12-12,2,42,7
31,19,1959,59,1959-12-12,15,5,0
82,19,1959,59,1959-12-12,14,5,0
97,19,1959,10,1959-12-12,10,20,0
142,19,1959,60,1959-12-12,9,23,0
236,19,1959,59,1959-12-12,4,42,3
243,19,1959,6,1959-12-12,3,42,4
259,19,1959,6,1959-12-12,6,38,0
260,19,1959,69,1959-12-12,11,13,0
276,19,1959,6,1959-12-12,8,23,0
293,19,1959,6,1959-12-12,12,8,0
296,19,1959,58,1959-12-12,17,2,0
297,19,1959,59,1959-12-12,1,42,8
312,19,1959,58,1959-12-12,5,39,2
313,19,1959,68,1959-12-12,13,6,0
329,19,1959,57,1959-12-12,7,38,0
330,19,1959,67,1959-12-12,16,5,0
331,19,1959,40,1959-12-12,18,0,0
332,19,1959,2,1959-12-12,19,0,0
27,12,1960,6,1960-02-07,10,77,0
29,12,1960,59,1960-02-07,3,80,0
31,12,1960,59,1960-02-07,15,63,0
82,12,1960,59,1960-02-07,3,80,0
169,12,1960,60,1960-02-07,4,80,3
236,12,1960,59,1960-02-07,16,42,0
242,12,1960,2,1960-02-07,22,11,0
257,12,1960,34,1960-02-07,7,79,0
259,12,1960,6,1960-02-07,5,79,2
261,12,1960,70,1960-02-07,12,76,0
276,12,1960,6,1960-02-07,2,80,6
277,12,1960,34,1960-02-07,18,37,0
293,12,1960,6,1960-02-07,8,77,0
296,12,1960,58,1960-02-07,19,24,0
297,12,1960,59,1960-02-07,1,80,8
312,12,1960,58,1960-02-07,6,79,1
333,12,1960,58,1960-02-07,9,77,0
334,12,1960,60,1960-02-07,11,76,0
335,12,1960,2,1960-02-07,13,72,0
336,12,1960,2,1960-02-07,14,70,0
337,12,1960,2,1960-02-07,20,23,0
338,12,1960,2,1960-02-07,21,16,0
29,2,1960,60,1960-05-29,16,4,0
82,2,1960,58,1960-05-29,1,100,8
142,2,1960,59,1960-05-29,12,29,0
236,2,1960,59,1960-05-29,11,40,0
243,2,1960,59,1960-05-29,4,99,3
257,2,1960,34,1960-05-29,5,83,2
259,2,1960,6,1960-05-29,8,61,0
277,2,1960,34,1960-05-29,7,66,0
293,2,1960,6,1960-05-29,3,100,4
296,2,1960,58,1960-05-29,13,23,0
297,2,1960,59,1960-05-29,2,100,6
312,2,1960,58,1960-05-29,9,56,0
314,2,1960,34,1960-05-29,10,44,0
317,2,1960,59,1960-05-29,14,17,0
339,2,1960,6,1960-05-29,6,70,1
340,2,1960,58,1960-05-29,15,17,0
38,3,1960,9,1960-05-30,23,125,0
46,3,1960,28,1960-05-30,12,200,0
49,3,1960,9,1960-05-30,20,134,0
50,3,1960,10,1960-05-30,14,196,0
58,3,1960,9,1960-05-30,1,200,8
66,3,1960,9,1960-05-30,31,42,0
92,3,1960,10,1960-05-30,28,74,0
95,3,1960,9,1960-05-30,15,196,0
97,3,1960,9,1960-05-30,2,200,6
124,3,1960,52,1960-05-30,19,152,0
128,3,1960,27,1960-05-30,6,200,1
176,3,1960,19,1960-05-30,5,200,2
177,3,1960,10,1960-05-30,22,129,0
208,3,1960,28,1960-05-30,13,200,0
226,3,1960,17,1960-05-30,32,34,0
228,3,1960,10,1960-05-30,17,191,0
230,3,1960,10,1960-05-30,26,90,0
233,3,1960,52,1960-05-30,27,77,0
244,3,1960,73,1960-05-30,8,200,0
245,3,1960,10,1960-05-30,10,200,0
265,3,1960,17,1960-05-30,21,132,0
287,3,1960,10,1960-05-30,33,11,0
288,3,1960,10,1960-05-30,25,90,0
289,3,1960,52,1960-05-30,3,200,4
291,3,1960,9,1960-05-30,30,47,0
308,3,1960,52,1960-05-30,29,60,0
309,3,1960,47,1960-05-30,4,200,3
310,3,1960,73,1960-05-30,16,194,0
311,3,1960,52,1960-05-30,11,200,0
343,3,1960,9,1960-05-30,7,200,0
344,3,1960,27,1960-05-30,9,200,0
345,3,1960,61,1960-05-30,18,185,0
346,3,1960,52,1960-05-30,24,103,0
29,11,1960,60,1960-06-06,13,39,0
82,11,1960,58,1960-06-06,4,75,3
142,11,1960,64,1960-06-06,18,0,0
236,11,1960,59,1960-06-06,1,75,8
243,11,1960,59,1960-06-06,17,4,0
257,11,1960,34,1960-06-06,10,54,0
259,11,1960,6,1960-06-06,5,74,2
261,11,1960,60,1960-06-06,19,0,0
272,11,1960,59,1960-06-06,8,69,0
277,11,1960,34,1960-06-06,3,75,4
293,11,1960,6,1960-06-06,11,54,0
296,11,1960,58,1960-06-06,9,57,0
297,11,1960,59,1960-06-06,16,8,0
312,11,1960,58,1960-06-06,2,75,6
314,11,1960,34,1960-06-06,14,11,0
317,11,1960,59,1960-06-06,15,9,0
318,11,1960,59,1960-06-06,7,78,0
339,11,1960,6,1960-06-06,6,74,1
341,11,1960,71,1960-06-06,21,0,0
342,11,1960,71,1960-06-06,20,0,0
347,11,1960,58,1960-06-06,12,42,0
82,5,1960,58,1960-06-19,18,0,0
236,5,1960,59,1960-06-19,1,36,8
240,5,1960,59,1960-06-19,3,35,4
243,5,1960,59,1960-06-19,16,2,0
257,5,1960,34,1960-06-19,13,14,0
259,5,1960,6,1960-06-19,10,22,0
277,5,1960,34,1960-06-19,7,35,0
293,5,1960,6,1960-06-19,4,35,3
296,5,1960,58,1960-06-19,8,24,0
297,5,1960,59,1960-06-19,2,36,6
304,5,1960,59,1960-06-19,6,28,1
312,5,1960,58,1960-06-19,14,13,0
314,5,1960,34,1960-06-19,15,4,0
317,5,1960,59,1960-06-19,11,19,0
321,5,1960,58,1960-06-19,19,0,0
341,5,1960,71,1960-06-19,12,16,0
342,5,1960,71,1960-06-19,17,1,0
347,5,1960,58,1960-06-19,5,34,2
348,5,1960,6,1960-06-19,9,23,0
29,6,1960,60,1960-07-03,20,0,0
216,6,1960,58,1960-07-03,6,49,1
236,6,1960,59,1960-07-03,1,50,8
240,6,1960,59,1960-07-03,2,50,6
243,6,1960,49,1960-07-03,18,7,0
253,6,1960,59,1960-07-03,8,40,0
257,6,1960,34,1960-07-03,13,22,0
259,6,1960,6,1960-07-03,11,30,0
261,6,1960,60,1960-07-03,9,37,0
277,6,1960,34,1960-07-03,19,0,0
293,6,1960,6,1960-07-03,12,29,0
295,6,1960,60,1960-07-03,10,36,0
297,6,1960,59,1960-07-03,3,50,4
304,6,1960,59,1960-07-03,14,18,0
312,6,1960,58,1960-07-03,7,43,0
314,6,1960,34,1960-07-03,15,17,0
318,6,1960,59,1960-07-03,4,49,3
320,6,1960,58,1960-07-03,22,0,0
335,6,1960,72,1960-07-03,16,16,0
339,6,1960,71,1960-07-03,21,0,0
341,6,1960,71,1960-07-03,23,0,0
347,6,1960,58,1960-07-03,5,49,2
348,6,1960,6,1960-07-03,17,14,0
29,1,1960,64,1960-07-16,11,72,0
142,1,1960,64,1960-07-16,22,46,0
183,1,1960,59,1960-07-16,23,46,0
236,1,1960,59,1960-07-16,1,77,8
240,1,1960,59,1960-07-16,9,74,0
243,1,1960,59,1960-07-16,5,76,2
257,1,1960,34,1960-07-16,19,59,0
259,1,1960,6,1960-07-16,6,75,1
261,1,1960,60,1960-07-16,14,71,0
271,1,1960,65,1960-07-16,13,72,0
277,1,1960,34,1960-07-16,17,71,0
293,1,1960,6,1960-07-16,7,75,0
295,1,1960,60,1960-07-16,21,58,0
297,1,1960,59,1960-07-16,4,76,3
304,1,1960,59,1960-07-16,18,62,0
312,1,1960,58,1960-07-16,3,77,4
314,1,1960,34,1960-07-16,10,74,0
318,1,1960,59,1960-07-16,8,74,0
320,1,1960,58,1960-07-16,12,72,0
322,1,1960,60,1960-07-16,24,12,0
335,1,1960,72,1960-07-16,15,70,0
340,1,1960,58,1960-07-16,2,77,6
341,1,1960,59,1960-07-16,20,58,0
342,1,1960,59,1960-07-16,25,0,0
347,1,1960,58,1960-07-16,16,70,0
82,15,1960,58,1960-08-14,8,51,0
236,15,1960,59,1960-08-14,1,55,8
240,15,1960,59,1960-08-14,7,46,0
243,15,1960,59,1960-08-14,5,49,2
257,15,1960,34,1960-08-14,15,6,0
259,15,1960,6,1960-08-14,4,55,3
261,15,1960,60,1960-08-14,13,21,0
277,15,1960,34,1960-08-14,14,9,0
293,15,1960,6,1960-08-14,11,30,0
297,15,1960,59,1960-08-14,2,55,6
312,15,1960,58,1960-08-14,6,48,1
314,15,1960,34,1960-08-14,12,25,0
328,15,1960,60,1960-08-14,9,38,0
340,15,1960,58,1960-08-14,10,37,0
347,15,1960,58,1960-08-14,3,55,4
185,7,1960,57,1960-09-04,6,47,1
187,7,1960,59,1960-09-04,9,44,0
188,7,1960,57,1960-09-04,7,47,0
214,7,1960,2,1960-09-04,17,0,0
242,7,1960,60,1960-09-04,14,26,0
259,7,1960,6,1960-09-04,5,48,2
271,7,1960,65,1960-09-04,11,41,0
282,7,1960,72,1960-09-04,4,48,3
293,7,1960,6,1960-09-04,1,50,8
335,7,1960,72,1960-09-04,13,27,0
339,7,1960,6,1960-09-04,2,50,6
348,7,1960,6,1960-09-04,3,49,4
349,7,1960,59,1960-09-04,8,45,0
350,7,1960,70,1960-09-04,10,41,0
351,7,1960,60,1960-09-04,12,32,0
352,7,1960,59,1960-09-04,15,23,0
353,7,1960,59,1960-09-04,16,0,0
29,20,1960,60,1960-11-20,15,66,0
82,20,1960,58,1960-11-20,1,75,8
142,20,1960,59,1960-11-20,8,73,0
216,20,1960,59,1960-11-20,21,11,0
236,20,1960,59,1960-11-20,4,74,3
240,20,1960,59,1960-11-20,12,69,0
243,20,1960,59,1960-11-20,22,6,0
257,20,1960,34,1960-11-20,5,74,2
259,20,1960,60,1960-11-20,9,72,0
271,20,1960,60,1960-11-20,19,20,0
277,20,1960,34,1960-11-20,17,34,0
293,20,1960,59,1960-11-20,6,74,1
295,20,1960,60,1960-11-20,18,29,0
297,20,1960,59,1960-11-20,3,75,4
305,20,1960,72,1960-11-20,11,69,0
312,20,1960,58,1960-11-20,2,75,6
314,20,1960,34,1960-11-20,20,18,0
318,20,1960,59,1960-11-20,14,68,0
340,20,1960,58,1960-11-20,23,3,0
341,20,1960,71,1960-11-20,10,70,0
347,20,1960,58,1960-11-20,16,61,0
354,20,1960,58,1960-11-20,7,73,0
355,20,1960,2,1960-11-20,13,68,0
29,2,1961,60,1961-05-14,7,95,0
82,2,1961,74,1961-05-14,1,100,9
185,2,1961,57,1961-05-14,9,91,0
236,2,1961,59,1961-05-14,15,38,0
243,2,1961,34,1961-05-14,13,54,0
257,2,1961,57,1961-05-14,12,59,0
259,2,1961,6,1961-05-14,4,98,3
276,2,1961,74,1961-05-14,8,93,0
277,2,1961,34,1961-05-14,16,11,0
293,2,1961,6,1961-05-14,3,100,4
297,2,1961,59,1961-05-14,6,95,1
312,2,1961,74,1961-05-14,17,0,0
314,2,1961,57,1961-05-14,5,98,2
339,2,1961,6,1961-05-14,2,100,6
340,2,1961,59,1961-05-14,11,68,0
347,2,1961,74,1961-05-14,10,89,0
356,2,1961,74,1961-05-14,14,42,0
82,11,1961,74,1961-05-22,4,75,3
185,11,1961,57,1961-05-22,15,72,0
236,11,1961,59,1961-05-22,6,75,1
243,11,1961,34,1961-05-22,9,74,0
257,11,1961,57,1961-05-22,11,73,0
259,11,1961,6,1961-05-22,1,75,9
261,11,1961,59,1961-05-22,16,0,0
272,11,1961,57,1961-05-22,14,72,0
277,11,1961,34,1961-05-22,8,75,0
293,11,1961,6,1961-05-22,2,75,6
295,11,1961,74,1961-05-22,17,0,0
297,11,1961,59,1961-05-22,12,73,0
314,11,1961,57,1961-05-22,10,74,0
326,11,1961,74,1961-05-22,13,73,0
339,11,1961,6,1961-05-22,5,75,2
340,11,1961,59,1961-05-22,7,75,0
347,11,1961,74,1961-05-22,3,75,4
29,5,1961,60,1961-06-18,15,23,0
82,5,1961,74,1961-06-18,8,30,0
187,5,1961,74,1961-06-18,23,0,0
236,5,1961,59,1961-06-18,17,12,0
240,5,1961,6,1961-06-18,4,30,3
243,5,1961,34,1961-06-18,13,24,0
257,5,1961,57,1961-06-18,7,30,0
259,5,1961,6,1961-06-18,2,30,6
261,5,1961,59,1961-06-18,10,29,0
272,5,1961,57,1961-06-18,11,28,0
273,5,1961,74,1961-06-18,22,0,0
276,5,1961,74,1961-06-18,25,0,0
277,5,1961,34,1961-06-18,14,24,0
293,5,1961,6,1961-06-18,1,30,9
295,5,1961,74,1961-06-18,24,0,0
297,5,1961,59,1961-06-18,18,9,0
304,5,1961,74,1961-06-18,20,9,0
312,5,1961,74,1961-06-18,19,9,0
314,5,1961,57,1961-06-18,6,30,1
318,5,1961,74,1961-06-18,26,0,0
339,5,1961,6,1961-06-18,3,30,4
340,5,1961,59,1961-06-18,5,30,2
347,5,1961,74,1961-06-18,12,24,0
348,5,1961,74,1961-06-18,21,7,0
357,5,1961,59,1961-06-18,9,29,0
358,5,1961,60,1961-06-18,16,20,0
29,6,1961,60,1961-07-02,13,42,0
82,6,1961,74,1961-07-02,16,31,0
142,6,1961,59,1961-07-02,8,51,0
185,6,1961,57,1961-07-02,29,0,0
187,6,1961,74,1961-07-02,27,0,0
236,6,1961,59,1961-07-02,22,14,0
240,6,1961,55,1961-07-02,30,0,0
242,6,1961,75,1961-07-02,21,15,0
243,6,1961,34,1961-07-02,25,4,0
257,6,1961,57,1961-07-02,7,52,0
259,6,1961,6,1961-07-02,20,18,0
261,6,1961,59,1961-07-02,12,43,0
271,6,1961,65,1961-07-02,31,0,0
272,6,1961,57,1961-07-02,18,23,0
277,6,1961,34,1961-07-02,6,52,1
293,6,1961,6,1961-07-02,9,50,0
295,6,1961,74,1961-07-02,14,42,0
297,6,1961,59,1961-07-02,5,52,2
304,6,1961,74,1961-07-02,19,21,0
312,6,1961,74,1961-07-02,4,52,3
314,6,1961,57,1961-07-02,2,52,6
318,6,1961,74,1961-07-02,10,49,0
339,6,1961,6,1961-07-02,15,40,0
340,6,1961,59,1961-07-02,24,4,0
347,6,1961,74,1961-07-02,3,52,4
348,6,1961,74,1961-07-02,17,27,0
356,6,1961,74,1961-07-02,11,48,0
357,6,1961,59,1961-07-02,26,4,0
359,6,1961,6,1961-07-02,1,52,9
360,6,1961,59,1961-07-02,23,6,0
361,6,1961,74,1961-07-02,28,0,0
82,13,1961,76,1961-07-15,19,56,0
142,13,1961,59,1961-07-15,6,75,1
183,13,1961,76,1961-07-15,19,56,0
187,13,1961,74,1961-07-15,17,58,0
236,13,1961,59,1961-07-15,4,75,3
240,13,1961,55,1961-07-15,31,0,0
243,13,1961,34,1961-07-15,9,73,0
257,13,1961,57,1961-07-15,5,75,2
259,13,1961,6,1961-07-15,1,75,9
261,13,1961,59,1961-07-15,11,71,0
272,13,1961,57,1961-07-15,16,69,0
273,13,1961,74,1961-07-15,24,25,0
277,13,1961,34,1961-07-15,22,43,0
293,13,1961,6,1961-07-15,2,75,6
295,13,1961,74,1961-07-15,14,69,0
297,13,1961,59,1961-07-15,8,74,0
304,13,1961,74,1961-07-15,20,45,0
312,13,1961,74,1961-07-15,10,72,0
314,13,1961,57,1961-07-15,7,74,0
318,13,1961,74,1961-07-15,29,5,0
322,13,1961,77,1961-07-15,15,69,0
327,13,1961,74,1961-07-15,26,12,0
339,13,1961,6,1961-07-15,3,75,4
340,13,1961,59,1961-07-15,25,23,0
347,13,1961,74,1961-07-15,18,62,0
357,13,1961,59,1961-07-15,27,7,0
358,13,1961,60,1961-07-15,12,71,0
359,13,1961,6,1961-07-15,23,27,0
362,13,1961,74,1961-07-15,13,69,0
363,13,1961,74,1961-07-15,28,7,0
364,13,1961,60,1961-07-15,30,0,0
29,8,1961,60,1961-08-06,18,12,0
82,8,1961,74,1961-08-06,1,15,9
142,8,1961,59,1961-08-06,10,15,0
185,8,1961,57,1961-08-06,13,14,0
187,8,1961,74,1961-08-06,23,3,0
188,8,1961,57,1961-08-06,27,0,0
236,8,1961,59,1961-08-06,26,0,0
243,8,1961,34,1961-08-06,21,6,0
257,8,1961,57,1961-08-06,22,5,0
259,8,1961,6,1961-08-06,2,15,6
261,8,1961,59,1961-08-06,28,0,0
272,8,1961,57,1961-08-06,14,14,0
273,8,1961,74,1961-08-06,15,13,0
277,8,1961,34,1961-08-06,24,1,0
293,8,1961,6,1961-08-06,3,15,4
295,8,1961,59,1961-08-06,12,14,0
297,8,1961,59,1961-08-06,6,15,1
312,8,1961,74,1961-08-06,25,1,0
314,8,1961,57,1961-08-06,7,15,0
339,8,1961,6,1961-08-06,8,15,0
340,8,1961,59,1961-08-06,5,15,2
347,8,1961,74,1961-08-06,4,15,3
348,8,1961,6,1961-08-06,17,13,0
356,8,1961,74,1961-08-06,29,0,0
357,8,1961,59,1961-08-06,9,15,0
358,8,1961,60,1961-08-06,20,10,0
360,8,1961,59,1961-08-06,19,11,0
362,8,1961,74,1961-08-06,11,14,0
363,8,1961,74,1961-08-06,16,13,0
365,8,1961,78,1961-08-06,30,0,0
366,8,1961,59,1961-08-06,31,0,0
367,8,1961,59,1961-08-06,32,0,0
368,8,1961,59,1961-08-06,33,0,0
29,7,1961,60,1961-09-10,9,41,0
82,7,1961,74,1961-09-10,13,36,0
142,7,1961,59,1961-09-10,6,42,1
183,7,1961,59,1961-09-10,25,5,0
187,7,1961,74,1961-09-10,30,1,0
188,7,1961,57,1961-09-10,34,0,0
236,7,1961,59,1961-09-10,22,8,0
243,7,1961,34,1961-09-10,5,43,2
257,7,1961,57,1961-09-10,16,14,0
259,7,1961,6,1961-09-10,27,1,0
261,7,1961,74,1961-09-10,20,11,0
271,7,1961,65,1961-09-10,23,6,0
272,7,1961,57,1961-09-10,7,41,0
277,7,1961,34,1961-09-10,21,10,0
293,7,1961,6,1961-09-10,1,43,9
297,7,1961,59,1961-09-10,3,43,4
312,7,1961,74,1961-09-10,24,5,0
314,7,1961,57,1961-09-10,2,43,6
318,7,1961,74,1961-09-10,11,39,0
327,7,1961,74,1961-09-10,10,40,0
339,7,1961,6,1961-09-10,14,23,0
340,7,1961,59,1961-09-10,26,2,0
347,7,1961,74,1961-09-10,28,1,0
351,7,1961,59,1961-09-10,36,0,0
356,7,1961,74,1961-09-10,39,0,0
357,7,1961,59,1961-09-10,4,43,3
358,7,1961,60,1961-09-10,8,41,0
359,7,1961,6,1961-09-10,18,13,0
363,7,1961,74,1961-09-10,32,0,0
364,7,1961,60,1961-09-10,35,0,0
366,7,1961,60,1961-09-10,12,38,0
369,7,1961,79,1961-09-10,15,19,0
370,7,1961,6,1961-09-10,17,13,0
371,7,1961,80,1961-09-10,19,13,0
372,7,1961,80,1961-09-10,29,1,0
373,7,1961,75,1961-09-10,31,1,0
374,7,1961,74,1961-09-10,37,0,0
375,7,1961,59,1961-09-10,38,0,0
82,21,1961,74,1961-10-08,15,58,0
142,21,1961,59,1961-10-08,12,96,0
236,21,1961,59,1961-10-08,16,57,0
240,21,1961,74,1961-10-08,11,92,0
243,21,1961,34,1961-10-08,3,100,4
257,21,1961,57,1961-10-08,6,98,1
261,21,1961,74,1961-10-08,11,92,0
277,21,1961,34,1961-10-08,5,99,2
297,21,1961,59,1961-10-08,4,100,3
312,21,1961,74,1961-10-08,1,100,9
314,21,1961,57,1961-10-08,2,100,6
340,21,1961,59,1961-10-08,19,0,0
343,21,1961,74,1961-10-08,14,76,0
347,21,1961,74,1961-10-08,7,96,0
354,21,1961,74,1961-10-08,13,76,0
376,21,1961,59,1961-10-08,8,96,0
377,21,1961,74,1961-10-08,9,96,0
378,21,1961,59,1961-10-08,10,93,0
379,21,1961,59,1961-10-08,18,14,0
380,21,1961,74,1961-10-08,20,0,0
29,11,1962,74,1962-05-20,22,0,0
142,11,1962,81,1962-05-20,17,12,0
187,11,1962,55,1962-05-20,14,52,0
236,11,1962,74,1962-05-20,19,4,0
257,11,1962,57,1962-05-20,7,75,0
261,11,1962,74,1962-05-20,13,54,0
272,11,1962,57,1962-05-20,6,76,1
277,11,1962,34,1962-05-20,1,80,9
293,11,1962,6,1962-05-20,3,80,4
297,11,1962,59,1962-05-20,16,21,0
312,11,1962,74,1962-05-20,12,61,0
314,11,1962,57,1962-05-20,15,47,0
326,11,1962,74,1962-05-20,2,80,6
339,11,1962,34,1962-05-20,11,71,0
340,11,1962,81,1962-05-20,18,8,0
347,11,1962,74,1962-05-20,9,70,0
357,11,1962,59,1962-05-20,8,70,0
359,11,1962,6,1962-05-20,4,79,3
362,11,1962,59,1962-05-20,5,78,2
370,11,1962,6,1962-05-20,10,73,0
381,11,1962,57,1962-05-20,20,2,0
382,11,1962,57,1962-05-20,21,0,0
29,2,1962,74,1962-06-03,15,0,0
142,2,1962,81,1962-06-03,11,44,0
236,2,1962,74,1962-06-03,8,77,0
257,2,1962,57,1962-06-03,5,93,2
273,2,1962,34,1962-06-03,24,0,0
277,2,1962,34,1962-06-03,6,92,1
293,2,1962,6,1962-06-03,2,100,6
297,2,1962,59,1962-06-03,1,100,9
312,2,1962,74,1962-06-03,9,64,0
314,2,1962,57,1962-06-03,14,0,0
326,2,1962,74,1962-06-03,13,24,0
339,2,1962,34,1962-06-03,16,0,0
340,2,1962,81,1962-06-03,4,99,3
347,2,1962,74,1962-06-03,10,55,0
348,2,1962,6,1962-06-03,7,90,0
358,2,1962,6,1962-06-03,3,100,4
362,2,1962,59,1962-06-03,12,43,0
370,2,1962,6,1962-06-03,22,0,0
372,2,1962,80,1962-06-03,23,0,0
29,5,1962,74,1962-06-17,8,30,0
142,5,1962,81,1962-06-17,24,0,0
236,5,1962,74,1962-06-17,6,30,1
257,5,1962,57,1962-06-17,26,0,0
261,5,1962,82,1962-06-17,17,13,0
272,5,1962,57,1962-06-17,7,30,0
273,5,1962,34,1962-06-17,21,0,0
277,5,1962,34,1962-06-17,2,32,6
293,5,1962,6,1962-06-17,3,32,4
297,5,1962,59,1962-06-17,16,19,0
304,5,1962,74,1962-06-17,9,29,0
312,5,1962,74,1962-06-17,18,8,0
314,5,1962,82,1962-06-17,20,0,0
326,5,1962,74,1962-06-17,12,25,0
339,5,1962,34,1962-06-17,14,22,0
340,5,1962,81,1962-06-17,5,31,2
347,5,1962,74,1962-06-17,1,32,9
348,5,1962,6,1962-06-17,13,25,0
357,5,1962,34,1962-06-17,22,0,0
359,5,1962,6,1962-06-17,19,3,0
362,5,1962,59,1962-06-17,15,22,0
363,5,1962,34,1962-06-17,23,0,0
368,5,1962,74,1962-06-17,11,16,0
370,5,1962,6,1962-06-17,4,32,3
383,5,1962,74,1962-06-17,10,29,0
384,5,1962,57,1962-06-17,25,0,0
29,10,1962,74,1962-07-08,7,50,0
142,10,1962,81,1962-07-08,13,21,0
236,10,1962,74,1962-07-08,15,11,0
257,10,1962,57,1962-07-08,10,43,0
261,10,1962,82,1962-07-08,14,15,0
272,10,1962,57,1962-07-08,6,51,1
273,10,1962,34,1962-07-08,19,0,0
277,10,1962,34,1962-07-08,9,44,0
295,10,1962,59,1962-07-08,22,0,0
297,10,1962,59,1962-07-08,4,51,3
312,10,1962,74,1962-07-08,17,1,0
314,10,1962,57,1962-07-08,1,54,9
315,10,1962,57,1962-07-08,20,0,0
326,10,1962,74,1962-07-08,8,48,0
339,10,1962,34,1962-07-08,3,52,4
340,10,1962,81,1962-07-08,5,51,2
347,10,1962,74,1962-07-08,11,34,0
357,10,1962,7,1962-07-08,12,28,0
362,10,1962,59,1962-07-08,2,53,6
383,10,1962,82,1962-07-08,16,6,0
385,10,1962,58,1962-07-08,18,0,0
386,10,1962,74,1962-07-08,21,0,0
29,13,1962,74,1962-07-21,23,0,0
142,13,1962,81,1962-07-21,18,35,0
187,13,1962,82,1962-07-21,20,11,0
236,13,1962,74,1962-07-21,5,74,2
257,13,1962,57,1962-07-21,19,27,0
261,13,1962,74,1962-07-21,7,74,0
272,13,1962,57,1962-07-21,14,69,0
277,13,1962,34,1962-07-21,4,75,3
293,13,1962,6,1962-07-21,17,47,0
295,13,1962,59,1962-07-21,12,71,0
297,13,1962,59,1962-07-21,3,75,4
312,13,1962,74,1962-07-21,16,61,0
314,13,1962,57,1962-07-21,9,73,0
322,13,1962,74,1962-07-21,22,0,0
326,13,1962,74,1962-07-21,8,74,0
339,13,1962,34,1962-07-21,13,70,0
340,13,1962,81,1962-07-21,2,75,6
347,13,1962,74,1962-07-21,1,75,9
357,13,1962,59,1962-07-21,10,72,0
362,13,1962,59,1962-07-21,6,74,1
368,13,1962,55,1962-07-21,24,0,0
383,13,1962,82,1962-07-21,26,0,0
387,13,1962,55,1962-07-21,11,71,0
388,13,1962,74,1962-07-21,15,64,0
389,13,1962,74,1962-07-21,21,6,0
29,8,1962,74,1962-08-05,22,4,0
142,8,1962,81,1962-08-05,21,4,0
236,8,1962,83,1962-08-05,19,9,0
257,8,1962,57,1962-08-05,7,15,0
272,8,1962,57,1962-08-05,13,15,0
273,8,1962,34,1962-08-05,31,0,0
277,8,1962,34,1962-08-05,1,15,9
293,8,1962,6,1962-08-05,18,9,0
295,8,1962,59,1962-08-05,11,15,0
297,8,1962,59,1962-08-05,5,15,2
304,8,1962,84,1962-08-05,16,14,0
314,8,1962,57,1962-08-05,3,15,4
322,8,1962,77,1962-08-05,20,7,0
326,8,1962,74,1962-08-05,26,0,0
339,8,1962,34,1962-08-05,8,15,0
340,8,1962,81,1962-08-05,2,15,6
347,8,1962,74,1962-08-05,4,15,3
357,8,1962,59,1962-08-05,17,10,0
358,8,1962,6,1962-08-05,23,4,0
359,8,1962,6,1962-08-05,10,15,0
360,8,1962,59,1962-08-05,25,2,0
362,8,1962,59,1962-08-05,9,15,0
370,8,1962,6,1962-08-05,6,15,1
371,8,1962,57,1962-08-05,15,14,0
383,8,1962,74,1962-08-05,12,15,0
384,8,1962,82,1962-08-05,24,4,0
390,8,1962,57,1962-08-05,14,14,0
29,7,1962,74,1962-09-16,20,17,0
142,7,1962,81,1962-09-16,17,41,0
257,7,1962,57,1962-09-16,6,85,1
261,7,1962,82,1962-09-16,12,77,0
272,7,1962,57,1962-09-16,10,81,0
277,7,1962,34,1962-09-16,1,86,9
293,7,1962,6,1962-09-16,11,81,0
297,7,1962,59,1962-09-16,3,86,4
312,7,1962,74,1962-09-16,15,45,0
314,7,1962,57,1962-09-16,13,66,0
326,7,1962,74,1962-09-16,18,25,0
339,7,1962,34,1962-09-16,2,86,6
340,7,1962,81,1962-09-16,16,42,0
347,7,1962,74,1962-09-16,21,12,0
348,7,1962,6,1962-09-16,4,86,3
358,7,1962,6,1962-09-16,8,84,0
359,7,1962,6,1962-09-16,5,86,2
362,7,1962,59,1962-09-16,7,85,0
370,7,1962,6,1962-09-16,14,63,0
371,7,1962,74,1962-09-16,9,84,0
387,7,1962,55,1962-09-16,19,18,0
392,7,1962,86,1962-09-16,31,0,0
29,21,1962,74,1962-10-07,15,32,0
142,21,1962,81,1962-10-07,19,0,0
236,21,1962,83,1962-10-07,4,99,3
257,21,1962,57,1962-10-07,13,79,0
261,21,1962,82,1962-10-07,6,99,1
272,21,1962,57,1962-10-07,18,9,0
277,21,1962,34,1962-10-07,2,100,6
297,21,1962,59,1962-10-07,3,99,4
312,21,1962,74,1962-10-07,8,96,0
314,21,1962,57,1962-10-07,5,99,2
326,21,1962,74,1962-10-07,12,85,0
339,21,1962,34,1962-10-07,14,35,0
340,21,1962,81,1962-10-07,17,19,0
347,21,1962,74,1962-10-07,1,100,9
354,21,1962,74,1962-10-07,20,0,0
362,21,1962,59,1962-10-07,7,97,0
376,21,1962,74,1962-10-07,9,96,0
378,21,1962,59,1962-10-07,11,91,0
393,21,1962,74,1962-10-07,10,93,0
394,21,1962,59,1962-10-07,16,31,0
142,22,1962,81,1962-12-29,14,56,0
236,22,1962,83,1962-12-29,4,82,3
272,22,1962,57,1962-12-29,11,70,0
277,22,1962,34,1962-12-29,1,82,9
297,22,1962,59,1962-12-29,2,82,6
312,22,1962,74,1962-12-29,5,81,2
326,22,1962,74,1962-12-29,17,11,0
339,22,1962,34,1962-12-29,7,78,0
340,22,1962,81,1962-12-29,16,26,0
347,22,1962,74,1962-12-29,12,62,0
362,22,1962,59,1962-12-29,3,82,4
387,22,1962,55,1962-12-29,20,0,0
395,22,1962,74,1962-12-29,6,78,1
396,22,1962,59,1962-12-29,8,78,0
397,22,1962,34,1962-12-29,9,76,0
398,22,1962,74,1962-12-29,10,71,0
399,22,1962,87,1962-12-29,13,62,0
400,22,1962,88,1962-12-29,15,31,0
401,22,1962,74,1962-12-29,18,0,0
402,22,1962,74,1962-12-29,19,0,0
403,22,1962,74,1962-12-29,21,0,0
29,2,1963,81,1963-05-26,12,34,0
236,2,1963,74,1963-05-26,9,77,0
257,2,1963,59,1963-05-26,7,94,0
272,2,1963,57,1963-05-26,25,0,0
277,2,1963,34,1963-05-26,1,100,9
293,2,1963,89,1963-05-26,18,0,0
295,2,1963,90,1963-05-26,21,0,0
297,2,1963,59,1963-05-26,3,100,4
312,2,1963,82,1963-05-26,10,40,0
314,2,1963,83,1963-05-26,13,25,0
326,2,1963,74,1963-05-26,6,98,1
336,2,1963,85,1963-05-26,23,0,0
339,2,1963,34,1963-05-26,2,100,6
340,2,1963,6,1963-05-26,4,100,3
347,2,1963,74,1963-05-26,8,78,0
348,2,1963,6,1963-05-26,11,37,0
354,2,1963,82,1963-05-26,14,20,0
358,2,1963,34,1963-05-26,24,0,0
359,2,1963,89,1963-05-26,19,0,0
362,2,1963,59,1963-05-26,5,98,2
368,2,1963,82,1963-05-26,20,0,0
383,2,1963,82,1963-05-26,15,3,0
387,2,1963,90,1963-05-26,22,0,0
404,2,1963,81,1963-05-26,16,0,0
236,5,1963,83,1963-06-09,15,12,0
257,5,1963,59,1963-06-09,5,30,2
272,5,1963,57,1963-06-09,6,30,1
277,5,1963,34,1963-06-09,10,17,0
293,5,1963,89,1963-06-09,14,13,0
295,5,1963,90,1963-06-09,24,0,0
297,5,1963,59,1963-06-09,2,32,6
304,5,1963,81,1963-06-09,11,17,0
312,5,1963,91,1963-06-09,17,9,0
314,5,1963,83,1963-06-09,3,31,4
326,5,1963,74,1963-06-09,20,5,0
339,5,1963,34,1963-06-09,4,31,3
340,5,1963,6,1963-06-09,9,19,0
347,5,1963,74,1963-06-09,1,32,9
348,5,1963,6,1963-06-09,18,7,0
354,5,1963,82,1963-06-09,12,16,0
358,5,1963,34,1963-06-09,23,0,0
359,5,1963,89,1963-06-09,19,7,0
362,5,1963,59,1963-06-09,7,27,0
383,5,1963,82,1963-06-09,13,16,0
385,5,1963,74,1963-06-09,21,0,0
387,5,1963,90,1963-06-09,8,25,0
404,5,1963,81,1963-06-09,16,10,0
405,5,1963,6,1963-06-09,22,0,0
236,11,1963,83,1963-06-23,13,68,0
257,11,1963,59,1963-06-23,11,56,0
272,11,1963,57,1963-06-23,9,75,0
277,11,1963,34,1963-06-23,12,69,0
293,11,1963,89,1963-06-23,16,15,0
295,11,1963,90,1963-06-23,21,0,0
297,11,1963,59,1963-06-23,18,7,0
312,11,1963,91,1963-06-23,4,79,3
314,11,1963,83,1963-06-23,2,79,6
326,11,1963,74,1963-06-23,10,66,0
339,11,1963,34,1963-06-23,5,79,2
340,11,1963,6,1963-06-23,3,79,4
347,11,1963,74,1963-06-23,1,80,9
354,11,1963,82,1963-06-23,8,77,0
359,11,1963,89,1963-06-23,15,17,0
362,11,1963,59,1963-06-23,17,14,0
383,11,1963,82,1963-06-23,7,77,0
387,11,1963,90,1963-06-23,20,0,0
404,11,1963,81,1963-06-23,14,29,0
405,11,1963,6,1963-06-23,6,78,1
406,11,1963,57,1963-06-23,19,2,0
29,6,1963,74,1963-06-30,8,50,0
236,6,1963,83,1963-06-30,4,53,3
257,6,1963,59,1963-06-30,15,32,0
261,6,1963,82,1963-06-30,16,30,0
277,6,1963,34,1963-06-30,3,53,0
293,6,1963,82,1963-06-30,14,34,0
295,6,1963,90,1963-06-30,23,0,0
297,6,1963,59,1963-06-30,12,42,0
312,6,1963,91,1963-06-30,9,49,0
314,6,1963,83,1963-06-30,5,53,2
326,6,1963,74,1963-06-30,13,41,0
336,6,1963,85,1963-06-30,24,0,0
339,6,1963,34,1963-06-30,19,4,0
340,6,1963,6,1963-06-30,17,12,0
347,6,1963,74,1963-06-30,1,53,9
354,6,1963,82,1963-06-30,11,45,0
358,6,1963,34,1963-06-30,10,45,0
359,6,1963,89,1963-06-30,22,0,0
362,6,1963,59,1963-06-30,2,53,6
383,6,1963,82,1963-06-30,6,52,1
385,6,1963,74,1963-06-30,21,0,0
387,6,1963,90,1963-06-30,18,5,0
404,6,1963,81,1963-06-30,7,51,0
405,6,1963,6,1963-06-30,20,0,0
236,1,1963,83,1963-07-20,19,27,0
257,1,1963,59,1963-07-20,15,65,0
261,1,1963,82,1963-07-20,11,75,0
272,1,1963,57,1963-07-20,10,76,0
277,1,1963,34,1963-07-20,3,82,4
293,1,1963,89,1963-07-20,26,0,0
295,1,1963,90,1963-07-20,18,36,0
297,1,1963,59,1963-07-20,23,6,0
312,1,1963,91,1963-07-20,20,26,0
314,1,1963,83,1963-07-20,16,59,0
326,1,1963,74,1963-07-20,21,23,0
336,1,1963,85,1963-07-20,24,0,0
339,1,1963,34,1963-07-20,4,81,3
340,1,1963,6,1963-07-20,2,82,6
347,1,1963,74,1963-07-20,1,82,9
354,1,1963,82,1963-07-20,6,80,1
358,1,1963,34,1963-07-20,5,81,2
359,1,1963,89,1963-07-20,25,0,0
362,1,1963,59,1963-07-20,9,78,0
368,1,1963,81,1963-07-20,13,74,0
383,1,1963,82,1963-07-20,14,66,0
387,1,1963,90,1963-07-20,22,20,0
404,1,1963,81,1963-07-20,7,80,0
407,1,1963,74,1963-07-20,8,78,0
408,1,1963,81,1963-07-20,12,75,0
409,1,1963,77,1963-07-20,17,59,0
236,8,1963,83,1963-08-04,7,14,0
257,8,1963,59,1963-08-04,6,14,1
261,8,1963,82,1963-08-04,29,0,0
272,8,1963,57,1963-08-04,11,9,0
277,8,1963,34,1963-08-04,18,2,0
293,8,1963,89,1963-08-04,27,0,0
295,8,1963,90,1963-08-04,15,5,0
297,8,1963,59,1963-08-04,17,3,0
312,8,1963,82,1963-08-04,21,1,0
314,8,1963,83,1963-08-04,13,6,0
326,8,1963,74,1963-08-04,8,14,0
328,8,1963,59,1963-08-04,14,6,0
339,8,1963,34,1963-08-04,3,15,4
340,8,1963,6,1963-08-04,1,15,9
347,8,1963,74,1963-08-04,2,15,6
348,8,1963,6,1963-08-04,20,1,0
354,8,1963,82,1963-08-04,5,14,2
358,8,1963,34,1963-08-04,22,0,0
359,8,1963,89,1963-08-04,28,0,0
360,8,1963,74,1963-08-04,10,10,0
362,8,1963,59,1963-08-04,12,7,0
383,8,1963,82,1963-08-04,9,10,0
387,8,1963,90,1963-08-04,16,5,0
404,8,1963,81,1963-08-04,19,1,0
406,8,1963,57,1963-08-04,4,15,3
29,7,1963,34,1963-09-08,9,83,0
236,7,1963,83,1963-09-08,5,84,2
257,7,1963,59,1963-09-08,7,84,0
261,7,1963,82,1963-09-08,19,26,0
277,7,1963,34,1963-09-08,16,59,0
293,7,1963,89,1963-09-08,11,79,0
295,7,1963,90,1963-09-08,30,0,0
297,7,1963,59,1963-09-08,3,85,4
312,7,1963,91,1963-09-08,4,84,3
314,7,1963,83,1963-09-08,14,64,0
339,7,1963,34,1963-09-08,2,86,6
340,7,1963,6,1963-09-08,20,16,0
347,7,1963,74,1963-09-08,1,86,9
354,7,1963,82,1963-09-08,8,84,0
358,7,1963,6,1963-09-08,18,37,0
359,7,1963,89,1963-09-08,15,63,0
362,7,1963,59,1963-09-08,6,84,1
369,7,1963,79,1963-09-08,33,0,0
383,7,1963,82,1963-09-08,17,40,0
386,7,1963,57,1963-09-08,32,0,0
391,7,1963,82,1963-09-08,31,0,0
404,7,1963,81,1963-09-08,21,0,0
406,7,1963,57,1963-09-08,29,0,0
407,7,1963,81,1963-09-08,10,82,0
408,7,1963,81,1963-09-08,12,79,0
410,7,1963,74,1963-09-08,13,73,0
97,21,1963,82,1963-10-06,14,44,0
236,21,1963,83,1963-10-06,4,108,3
257,21,1963,59,1963-10-06,8,85,0
261,21,1963,81,1963-10-06,18,14,0
272,21,1963,57,1963-10-06,6,99,1
277,21,1963,34,1963-10-06,1,110,9
293,21,1963,89,1963-10-06,20,4,0
297,21,1963,59,1963-10-06,11,74,0
312,21,1963,82,1963-10-06,23,0,0
314,21,1963,83,1963-10-06,15,42,0
326,21,1963,74,1963-10-06,17,24,0
339,21,1963,34,1963-10-06,2,110,6
340,21,1963,6,1963-10-06,9,82,0
347,21,1963,74,1963-10-06,3,109,4
354,21,1963,82,1963-10-06,10,76,0
358,21,1963,6,1963-10-06,5,106,2
359,21,1963,89,1963-10-06,21,0,0
362,21,1963,59,1963-10-06,13,44,0
378,21,1963,82,1963-10-06,19,6,0
379,21,1963,74,1963-10-06,22,0,0
383,21,1963,82,1963-10-06,12,56,0
412,21,1963,93,1963-10-06,7,88,0
413,21,1963,74,1963-10-06,16,36,0
414,21,1963,93,1963-10-06,24,0,0
236,23,1963,83,1963-10-27,2,65,6
257,23,1963,59,1963-10-27,5,62,2
261,23,1963,81,1963-10-27,16,23,0
272,23,1963,57,1963-10-27,10,58,0
277,23,1963,34,1963-10-27,4,64,3
293,23,1963,89,1963-10-27,12,46,0
297,23,1963,59,1963-10-27,14,30,0
312,23,1963,82,1963-10-27,24,0,0
314,23,1963,83,1963-10-27,6,62,1
326,23,1963,74,1963-10-27,18,19,0
339,23,1963,34,1963-10-27,3,65,4
340,23,1963,6,1963-10-27,17,19,0
347,23,1963,74,1963-10-27,1,65,9
354,23,1963,82,1963-10-27,8,61,0
358,23,1963,6,1963-10-27,13,36,0
359,23,1963,89,1963-10-27,19,12,0
362,23,1963,59,1963-10-27,21,7,0
378,23,1963,82,1963-10-27,7,61,0
379,23,1963,58,1963-10-27,23,0,0
383,23,1963,82,1963-10-27,9,59,0
404,23,1963,82,1963-10-27,20,9,0
413,23,1963,74,1963-10-27,15,26,0
415,23,1963,34,1963-10-27,11,57,0
416,23,1963,59,1963-10-27,22,0,0
417,23,1963,74,1963-10-27,25,0,0
236,22,1963,83,1963-12-28,13,70,0
257,22,1963,59,1963-12-28,6,83,1
272,22,1963,57,1963-12-28,10,79,0
277,22,1963,34,1963-12-28,3,84,4
297,22,1963,59,1963-12-28,4,84,3
314,22,1963,83,1963-12-28,2,85,6
326,22,1963,74,1963-12-28,8,81,0
339,22,1963,34,1963-12-28,18,43,0
340,22,1963,6,1963-12-28,17,43,0
347,22,1963,74,1963-12-28,1,85,9
358,22,1963,6,1963-12-28,5,84,2
362,22,1963,59,1963-12-28,7,82,0
395,22,1963,74,1963-12-28,22,0,0
396,22,1963,59,1963-12-28,9,80,0
398,22,1963,74,1963-12-28,19,3,0
399,22,1963,87,1963-12-28,11,78,0
403,22,1963,87,1963-12-28,20,2,0
407,22,1963,81,1963-12-28,23,0,0
418,22,1963,60,1963-12-28,12,77,0
419,22,1963,94,1963-12-28,14,66,0
420,22,1963,1,1963-12-28,15,53,0
421,22,1963,83,1963-12-28,16,49,0
422,22,1963,82,1963-12-28,21,0,0
29,2,1964,34,1964-05-10,12,53,0
101,2,1964,90,1964-05-10,21,0,0
236,2,1964,95,1964-05-10,13,29,0
257,2,1964,59,1964-05-10,5,96,2
277,2,1964,34,1964-05-10,1,100,9
293,2,1964,59,1964-05-10,9,70,0
297,2,1964,59,1964-05-10,14,17,0
312,2,1964,82,1964-05-10,20,0,0
314,2,1964,95,1964-05-10,11,62,0
326,2,1964,91,1964-05-10,16,8,0
339,2,1964,34,1964-05-10,2,99,6
340,2,1964,6,1964-05-10,15,15,0
347,2,1964,74,1964-05-10,4,96,3
358,2,1964,6,1964-05-10,10,68,0
359,2,1964,34,1964-05-10,22,0,0
362,2,1964,34,1964-05-10,23,0,0
383,2,1964,82,1964-05-10,8,78,0
385,2,1964,74,1964-05-10,3,97,4
407,2,1964,82,1964-05-10,6,96,1
408,2,1964,95,1964-05-10,7,86,0
236,11,1964,95,1964-05-24,14,44,0
257,11,1964,96,1964-05-24,9,76,0
272,11,1964,57,1964-05-24,17,8,0
277,11,1964,34,1964-05-24,4,79,3
293,11,1964,59,1964-05-24,8,76,0
297,11,1964,59,1964-05-24,7,78,0
314,11,1964,95,1964-05-24,15,23,0
339,11,1964,34,1964-05-24,11,64,0
340,11,1964,6,1964-05-24,2,80,6
347,11,1964,74,1964-05-24,1,80,9
358,11,1964,6,1964-05-24,16,20,0
359,11,1964,34,1964-05-24,10,74,0
362,11,1964,34,1964-05-24,18,0,0
383,11,1964,96,1964-05-24,13,55,0
385,11,1964,74,1964-05-24,3,79,4
404,11,1964,82,1964-05-24,5,79,2
407,11,1964,82,1964-05-24,12,57,0
408,11,1964,95,1964-05-24,6,78,1
101,5,1964,90,1964-06-14,15,11,0
236,5,1964,95,1964-06-14,3,32,4
257,5,1964,95,1964-06-14,16,8,0
277,5,1964,34,1964-06-14,5,31,2
293,5,1964,59,1964-06-14,13,13,0
297,5,1964,59,1964-06-14,2,32,6
312,5,1964,91,1964-06-14,10,28,0
314,5,1964,95,1964-06-14,6,31,1
326,5,1964,91,1964-06-14,7,31,0
339,5,1964,34,1964-06-14,4,32,3
340,5,1964,6,1964-06-14,17,4,0
347,5,1964,74,1964-06-14,1,32,9
358,5,1964,6,1964-06-14,14,12,0
359,5,1964,34,1964-06-14,8,31,0
383,5,1964,95,1964-06-14,12,14,0
385,5,1964,74,1964-06-14,9,28,0
404,5,1964,82,1964-06-14,18,3,0
423,5,1964,74,1964-06-14,11,28,0
29,10,1964,34,1964-06-28,11,52,0
236,10,1964,95,1964-06-28,3,57,4
277,10,1964,34,1964-06-28,2,57,6
293,10,1964,59,1964-06-28,7,56,0
297,10,1964,59,1964-06-28,6,56,1
312,10,1964,91,1964-06-28,13,32,0
314,10,1964,95,1964-06-28,1,57,9
326,10,1964,91,1964-06-28,16,6,0
339,10,1964,34,1964-06-28,5,57,2
340,10,1964,6,1964-06-28,15,6,0
347,10,1964,74,1964-06-28,14,31,0
358,10,1964,6,1964-06-28,9,55,0
383,10,1964,96,1964-06-28,17,4,0
385,10,1964,74,1964-06-28,4,57,3
404,10,1964,82,1964-06-28,10,53,0
407,10,1964,82,1964-06-28,8,56,0
408,10,1964,95,1964-06-28,12,50,0
236,24,1964,95,1964-07-11,4,79,3
257,24,1964,96,1964-07-11,15,45,0
277,24,1964,34,1964-07-11,2,80,6
293,24,1964,59,1964-07-11,6,78,1
297,24,1964,59,1964-07-11,22,7,0
312,24,1964,91,1964-07-11,10,77,0
314,24,1964,95,1964-07-11,13,75,0
326,24,1964,82,1964-07-11,19,23,0
339,24,1964,34,1964-07-11,8,77,0
340,24,1964,6,1964-07-11,3,80,4
347,24,1964,74,1964-07-11,1,80,9
358,24,1964,6,1964-07-11,5,78,2
359,24,1964,34,1964-07-11,12,76,0
362,24,1964,34,1964-07-11,17,38,0
383,24,1964,96,1964-07-11,11,76,0
404,24,1964,82,1964-07-11,21,9,0
407,24,1964,82,1964-07-11,20,17,0
408,24,1964,95,1964-07-11,7,78,0
409,24,1964,96,1964-07-11,18,37,0
410,24,1964,74,1964-07-11,9,77,0
423,24,1964,82,1964-07-11,16,43,0
424,24,1964,59,1964-07-11,14,56,0
425,24,1964,97,1964-07-11,23,0,0
426,24,1964,34,1964-07-11,25,0,0
29,8,1964,34,1964-08-02,5,14,2
188,8,1964,59,1964-08-02,18,3,0
236,8,1964,95,1964-08-02,12,11,0
257,8,1964,96,1964-08-02,21,0,0
277,8,1964,34,1964-08-02,2,15,6
293,8,1964,59,1964-08-02,20,1,0
297,8,1964,59,1964-08-02,16,4,0
314,8,1964,95,1964-08-02,10,14,0
339,8,1964,34,1964-08-02,7,14,0
340,8,1964,6,1964-08-02,1,15,9
347,8,1964,74,1964-08-02,15,7,0
358,8,1964,6,1964-08-02,3,15,4
359,8,1964,34,1964-08-02,19,2,0
362,8,1964,34,1964-08-02,6,14,1
383,8,1964,96,1964-08-02,4,15,3
404,8,1964,82,1964-08-02,11,12,0
406,8,1964,74,1964-08-02,9,14,0
407,8,1964,82,1964-08-02,22,0,0
408,8,1964,95,1964-08-02,17,4,0
410,8,1964,74,1964-08-02,8,14,0
423,8,1964,82,1964-08-02,14,10,0
427,8,1964,98,1964-08-02,13,11,0
236,25,1964,95,1964-08-23,9,76,0
257,25,1964,95,1964-08-23,6,101,1
277,25,1964,34,1964-08-23,20,5,0
293,25,1964,59,1964-08-23,11,58,0
297,25,1964,59,1964-08-23,13,43,0
312,25,1964,91,1964-08-23,5,102,2
314,25,1964,95,1964-08-23,12,47,0
326,25,1964,91,1964-08-23,16,21,0
339,25,1964,34,1964-08-23,2,105,6
340,25,1964,6,1964-08-23,18,9,0
347,25,1964,74,1964-08-23,15,40,0
358,25,1964,6,1964-08-23,1,105,9
359,25,1964,34,1964-08-23,7,96,0
362,25,1964,34,1964-08-23,4,102,3
383,25,1964,96,1964-08-23,17,18,0
404,25,1964,74,1964-08-23,19,7,0
407,25,1964,82,1964-08-23,8,95,0
408,25,1964,95,1964-08-23,3,102,4
410,25,1964,74,1964-08-23,14,41,0
428,25,1964,96,1964-08-23,10,58,0
29,7,1964,34,1964-09-06,17,22,0
236,7,1964,95,1964-09-06,14,59,0
257,7,1964,95,1964-09-06,12,74,0
277,7,1964,34,1964-09-06,20,0,0
297,7,1964,59,1964-09-06,2,78,6
312,7,1964,91,1964-09-06,5,77,2
314,7,1964,95,1964-09-06,10,75,0
328,7,1964,99,1964-09-06,16,25,0
339,7,1964,34,1964-09-06,4,77,3
340,7,1964,6,1964-09-06,1,78,9
347,7,1964,74,1964-09-06,15,28,0
358,7,1964,6,1964-09-06,3,77,4
359,7,1964,34,1964-09-06,8,77,0
383,7,1964,96,1964-09-06,7,77,0
405,7,1964,6,1964-09-06,9,77,0
407,7,1964,82,1964-09-06,19,5,0
408,7,1964,95,1964-09-06,11,75,0
410,7,1964,74,1964-09-06,6,77,1
423,7,1964,82,1964-09-06,13,72,0
427,7,1964,98,1964-09-06,18,13,0
236,21,1964,95,1964-10-04,17,14,0
257,21,1964,95,1964-10-04,15,37,0
277,21,1964,34,1964-10-04,1,110,9
293,21,1964,59,1964-10-04,18,4,0
297,21,1964,59,1964-10-04,16,27,0
312,21,1964,91,1964-10-04,19,2,0
314,21,1964,95,1964-10-04,9,69,0
326,21,1964,91,1964-10-04,6,106,1
339,21,1964,34,1964-10-04,4,107,3
340,21,1964,6,1964-10-04,2,110,6
347,21,1964,74,1964-10-04,7,102,0
358,21,1964,6,1964-10-04,11,58,0
378,21,1964,96,1964-10-04,10,65,0
379,21,1964,74,1964-10-04,5,107,2
383,21,1964,96,1964-10-04,3,109,4
404,21,1964,82,1964-10-04,14,47,0
407,21,1964,82,1964-10-04,8,101,0
410,21,1964,74,1964-10-04,12,54,0
427,21,1964,98,1964-10-04,13,50,0
236,23,1964,95,1964-10-25,15,44,0
257,23,1964,95,1964-10-25,18,9,0
277,23,1964,34,1964-10-25,11,63,0
293,23,1964,59,1964-10-25,9,63,0
297,23,1964,59,1964-10-25,7,64,0
312,23,1964,91,1964-10-25,12,61,0
314,23,1964,95,1964-10-25,1,65,9
326,23,1964,91,1964-10-25,19,6,0
339,23,1964,34,1964-10-25,8,64,0
340,23,1964,6,1964-10-25,2,65,6
347,23,1964,74,1964-10-25,5,64,2
358,23,1964,6,1964-10-25,3,65,4
378,23,1964,96,1964-10-25,13,60,0
383,23,1964,96,1964-10-25,17,11,0
404,23,1964,82,1964-10-25,14,46,0
407,23,1964,82,1964-10-25,16,12,0
410,23,1964,74,1964-10-25,4,65,3
413,23,1964,6,1964-10-25,6,64,1
415,23,1964,74,1964-10-25,10,63,0
236,22,1965,95,1965-01-01,8,81,0
257,22,1965,95,1965-01-01,17,42,0
277,22,1965,34,1965-01-01,3,85,4
297,22,1965,59,1965-01-01,5,84,2
314,22,1965,95,1965-01-01,20,11,0
340,22,1965,6,1965-01-01,2,85,6
347,22,1965,74,1965-01-01,1,85,9
358,22,1965,6,1965-01-01,15,66,0
362,22,1965,82,1965-01-01,11,77,0
383,22,1965,96,1965-01-01,7,83,0
396,22,1965,59,1965-01-01,19,20,0
403,22,1965,102,1965-01-01,13,73,0
408,22,1965,95,1965-01-01,16,50,0
410,22,1965,74,1965-01-01,4,85,3
420,22,1965,1,1965-01-01,10,79,0
421,22,1965,97,1965-01-01,14,71,0
425,22,1965,96,1965-01-01,12,75,0
428,22,1965,59,1965-01-01,18,39,0
430,22,1965,34,1965-01-01,6,83,1
431,22,1965,97,1965-01-01,9,81,0
435,22,1965,100,1965-01-01,29,0,0
436,22,1965,60,1965-01-01,30,0,0
437,22,1965,59,1965-01-01,31,0,0
236,2,1965,95,1965-05-30,11,43,0
257,2,1965,95,1965-05-30,7,97,0
277,2,1965,34,1965-05-30,1,100,9
297,2,1965,59,1965-05-30,5,98,2
339,2,1965,98,1965-05-30,16,0,0
340,2,1965,6,1965-05-30,4,99,3
358,2,1965,6,1965-05-30,2,100,6
383,2,1965,96,1965-05-30,6,98,1
407,2,1965,82,1965-05-30,15,12,0
408,2,1965,95,1965-05-30,9,85,0
425,2,1965,96,1965-05-30,14,29,0
426,2,1965,82,1965-05-30,12,43,0
427,2,1965,98,1965-05-30,13,33,0
430,2,1965,34,1965-05-30,3,100,4
431,2,1965,74,1965-05-30,10,79,0
438,2,1965,95,1965-05-30,8,92,0
236,5,1965,95,1965-06-13,4,31,3
257,5,1965,95,1965-06-13,16,9,0
261,5,1965,34,1965-06-13,15,12,0
277,5,1965,34,1965-06-13,5,31,2
297,5,1965,59,1965-06-13,3,31,4
304,5,1965,34,1965-06-13,12,29,0
312,5,1965,82,1965-06-13,13,27,0
314,5,1965,95,1965-06-13,10,30,0
339,5,1965,98,1965-06-13,6,31,1
340,5,1965,6,1965-06-13,18,5,0
347,5,1965,74,1965-06-13,1,32,9
358,5,1965,6,1965-06-13,9,30,0
383,5,1965,96,1965-06-13,8,31,0
410,5,1965,74,1965-06-13,7,31,0
425,5,1965,96,1965-06-13,19,3,0
426,5,1965,82,1965-06-13,14,26,0
427,5,1965,98,1965-06-13,17,9,0
428,5,1965,59,1965-06-13,11,29,0
430,5,1965,34,1965-06-13,2,32,6
257,26,1965,95,1965-06-27,11,21,0
277,26,1965,34,1965-06-27,5,39,2
297,26,1965,59,1965-06-27,10,23,0
312,26,1965,82,1965-06-27,13,18,0
314,26,1965,95,1965-06-27,14,16,0
339,26,1965,98,1965-06-27,15,9,0
340,26,1965,6,1965-06-27,3,40,4
347,26,1965,74,1965-06-27,1,40,9
358,26,1965,6,1965-06-27,8,36,0
383,26,1965,96,1965-06-27,6,39,1
404,26,1965,82,1965-06-27,12,20,0
408,26,1965,95,1965-06-27,9,34,0
410,26,1965,74,1965-06-27,7,39,0
427,26,1965,98,1965-06-27,16,4,0
428,26,1965,59,1965-06-27,17,3,0
430,26,1965,34,1965-06-27,2,40,6
438,26,1965,95,1965-06-27,4,40,3
236,1,1965,95,1965-07-10,21,0,0
257,1,1965,95,1965-07-10,7,79,0
261,1,1965,34,1965-07-10,12,70,0
277,1,1965,34,1965-07-10,2,80,6
297,1,1965,59,1965-07-10,10,77,0
312,1,1965,82,1965-07-10,15,41,0
314,1,1965,95,1965-07-10,6,79,1
339,1,1965,98,1965-07-10,19,26,0
340,1,1965,6,1965-07-10,3,80,4
347,1,1965,74,1965-07-10,1,80,9
358,1,1965,6,1965-07-10,20,2,0
383,1,1965,96,1965-07-10,9,78,0
408,1,1965,95,1965-07-10,17,33,0
409,1,1965,96,1965-07-10,11,73,0
410,1,1965,74,1965-07-10,4,80,3
425,1,1965,96,1965-07-10,8,78,0
426,1,1965,82,1965-07-10,13,63,0
428,1,1965,59,1965-07-10,14,62,0
430,1,1965,34,1965-07-10,5,80,2
438,1,1965,95,1965-07-10,18,29,0
439,1,1965,59,1965-07-10,16,38,0
257,11,1965,95,1965-07-18,16,16,0
277,11,1965,34,1965-07-18,4,80,3
297,11,1965,59,1965-07-18,15,36,0
312,11,1965,82,1965-07-18,10,78,0
314,11,1965,95,1965-07-18,3,80,4
339,11,1965,98,1965-07-18,6,79,1
340,11,1965,6,1965-07-18,7,79,0
347,11,1965,74,1965-07-18,1,80,9
358,11,1965,6,1965-07-18,9,79,0
383,11,1965,96,1965-07-18,13,55,0
408,11,1965,95,1965-07-18,17,11,0
410,11,1965,74,1965-07-18,8,79,0
425,11,1965,96,1965-07-18,11,77,0
426,11,1965,82,1965-07-18,12,77,0
428,11,1965,59,1965-07-18,14,48,0
430,11,1965,34,1965-07-18,2,80,6
438,11,1965,95,1965-07-18,5,79,2
236,8,1965,95,1965-08-01,5,15,2
257,8,1965,95,1965-08-01,7,15,0
261,8,1965,34,1965-08-01,8,14,0
277,8,1965,34,1965-08-01,2,15,6
297,8,1965,59,1965-08-01,14,7,0
314,8,1965,95,1965-08-01,3,15,4
340,8,1965,6,1965-08-01,9,11,0
347,8,1965,74,1965-08-01,1,15,9
358,8,1965,6,1965-08-01,6,15,1
383,8,1965,96,1965-08-01,10,9,0
404,8,1965,82,1965-08-01,16,3,0
406,8,1965,74,1965-08-01,12,8,0
410,8,1965,74,1965-08-01,11,8,0
425,8,1965,96,1965-08-01,19,0,0
426,8,1965,82,1965-08-01,13,8,0
428,8,1965,59,1965-08-01,4,15,3
430,8,1965,34,1965-08-01,18,2,0
431,8,1965,74,1965-08-01,17,3,0
438,8,1965,95,1965-08-01,15,5,0
257,7,1965,95,1965-09-12,7,74,0
261,7,1965,34,1965-09-12,21,22,0
277,7,1965,34,1965-09-12,2,76,6
297,7,1965,59,1965-09-12,5,75,2
312,7,1965,82,1965-09-12,9,74,0
314,7,1965,95,1965-09-12,3,76,4
339,7,1965,98,1965-09-12,14,56,0
340,7,1965,6,1965-09-12,19,34,0
347,7,1965,74,1965-09-12,10,63,0
358,7,1965,6,1965-09-12,4,76,3
359,7,1965,95,1965-09-12,22,12,0
371,7,1965,6,1965-09-12,12,58,0
372,7,1965,34,1965-09-12,13,58,0
383,7,1965,96,1965-09-12,17,43,0
410,7,1965,74,1965-09-12,11,62,0
425,7,1965,96,1965-09-12,16,45,0
426,7,1965,82,1965-09-12,6,75,1
427,7,1965,98,1965-09-12,20,27,0
428,7,1965,59,1965-09-12,8,74,0
429,7,1965,74,1965-09-12,18,37,0
430,7,1965,34,1965-09-12,1,76,9
438,7,1965,95,1965-09-12,15,46,0
442,7,1965,34,1965-09-12,23,8,0
236,21,1965,95,1965-10-03,3,110,4
257,21,1965,95,1965-10-03,8,107,0
277,21,1965,34,1965-10-03,1,110,9
297,21,1965,59,1965-10-03,16,11,0
312,21,1965,82,1965-10-03,18,9,0
314,21,1965,95,1965-10-03,2,110,6
339,21,1965,98,1965-10-03,7,108,0
347,21,1965,74,1965-10-03,15,11,0
358,21,1965,6,1965-10-03,4,109,3
383,21,1965,96,1965-10-03,11,99,0
410,21,1965,74,1965-10-03,17,9,0
413,21,1965,6,1965-10-03,5,109,2
415,21,1965,74,1965-10-03,12,95,0
426,21,1965,82,1965-10-03,10,101,0
427,21,1965,98,1965-10-03,13,92,0
428,21,1965,59,1965-10-03,6,108,1
430,21,1965,34,1965-10-03,14,12,0
443,21,1965,6,1965-10-03,9,106,0
236,23,1965,95,1965-10-24,13,38,0
257,23,1965,95,1965-10-24,11,43,0
277,23,1965,34,1965-10-24,9,56,0
297,23,1965,59,1965-10-24,16,25,0
312,23,1965,82,1965-10-24,18,0,0
314,23,1965,95,1965-10-24,2,65,6
339,23,1965,98,1965-10-24,1,65,9
347,23,1965,74,1965-10-24,17,8,0
358,23,1965,6,1965-10-24,8,62,0
383,23,1965,96,1965-10-24,4,65,3
405,23,1965,6,1965-10-24,19,0,0
410,23,1965,74,1965-10-24,3,65,4
413,23,1965,6,1965-10-24,7,62,0
415,23,1965,74,1965-10-24,10,55,0
426,23,1965,82,1965-10-24,6,64,1
427,23,1965,98,1965-10-24,5,64,2
428,23,1965,59,1965-10-24,12,39,0
430,23,1965,34,1965-10-24,14,35,0
443,23,1965,82,1965-10-24,15,29,0
236,2,1966,105,1966-05-22,12,17,0
257,2,1966,60,1966-05-22,7,73,0
277,2,1966,34,1966-05-22,3,99,4
297,2,1966,104,1966-05-22,15,9,0
339,2,1966,60,1966-05-22,5,80,0
340,2,1966,6,1966-05-22,13,16,0
347,2,1966,74,1966-05-22,8,60,0
358,2,1966,6,1966-05-22,2,100,6
383,2,1966,96,1966-05-22,10,35,0
408,2,1966,95,1966-05-22,16,3,0
410,2,1966,82,1966-05-22,11,34,0
428,2,1966,60,1966-05-22,9,56,0
430,2,1966,34,1966-05-22,1,100,9
438,2,1966,95,1966-05-22,14,15,0
443,2,1966,34,1966-05-22,4,95,3
444,2,1966,60,1966-05-22,6,75,0
236,5,1966,105,1966-06-12,4,26,3
257,5,1966,60,1966-06-12,9,0,0
277,5,1966,34,1966-06-12,11,0,0
297,5,1966,106,1966-06-12,16,0,0
314,5,1966,107,1966-06-12,7,23,0
339,5,1966,60,1966-06-12,5,25,2
340,5,1966,6,1966-06-12,1,28,9
347,5,1966,74,1966-06-12,12,0,0
352,5,1966,34,1966-06-12,18,0,0
358,5,1966,6,1966-06-12,3,27,4
383,5,1966,60,1966-06-12,15,0,0
385,5,1966,82,1966-06-12,17,0,0
410,5,1966,82,1966-06-12,10,0,0
428,5,1966,60,1966-06-12,2,28,6
430,5,1966,34,1966-06-12,8,0,0
438,5,1966,95,1966-06-12,14,0,0
443,5,1966,34,1966-06-12,13,0,0
444,5,1966,60,1966-06-12,6,24,0
236,6,1966,105,1966-07-03,1,48,9
257,6,1966,95,1966-07-03,12,32,0
277,6,1966,34,1966-07-03,13,13,0
314,6,1966,107,1966-07-03,5,45,2
324,6,1966,6,1966-07-03,2,48,6
340,6,1966,60,1966-07-03,16,5,0
358,6,1966,6,1966-07-03,11,37,0
383,6,1966,60,1966-07-03,14,10,0
385,6,1966,82,1966-07-03,17,3,0
404,6,1966,60,1966-07-03,8,44,0
408,6,1966,95,1966-07-03,7,44,0
410,6,1966,82,1966-07-03,15,8,0
413,6,1966,74,1966-07-03,10,40,0
424,6,1966,96,1966-07-03,6,45,1
428,6,1966,60,1966-07-03,4,46,3
438,6,1966,105,1966-07-03,3,46,4
444,6,1966,60,1966-07-03,9,42,0
236,24,1966,105,1966-07-16,1,80,9
257,24,1966,95,1966-07-16,15,42,0
277,24,1966,34,1966-07-16,3,79,4
297,24,1966,106,1966-07-16,6,78,1
314,24,1966,107,1966-07-16,19,9,0
326,24,1966,108,1966-07-16,20,0,0
340,24,1966,60,1966-07-16,14,67,0
347,24,1966,74,1966-07-16,4,79,3
383,24,1966,60,1966-07-16,13,70,0
385,24,1966,82,1966-07-16,16,32,0
408,24,1966,95,1966-07-16,12,70,0
410,24,1966,82,1966-07-16,18,15,0
424,24,1966,96,1966-07-16,8,76,0
428,24,1966,60,1966-07-16,5,79,2
430,24,1966,34,1966-07-16,17,17,0
438,24,1966,105,1966-07-16,2,80,6
443,24,1966,34,1966-07-16,9,76,0
444,24,1966,60,1966-07-16,10,75,0
445,24,1966,95,1966-07-16,7,78,0
446,24,1966,109,1966-07-16,11,73,0
236,11,1966,105,1966-07-24,1,90,9
257,11,1966,60,1966-07-24,7,84,0
277,11,1966,34,1966-07-24,2,89,6
314,11,1966,107,1966-07-24,15,26,0
324,11,1966,6,1966-07-24,16,10,0
340,11,1966,60,1966-07-24,12,44,0
347,11,1966,74,1966-07-24,3,88,4
358,11,1966,6,1966-07-24,6,87,1
383,11,1966,60,1966-07-24,10,79,0
385,11,1966,82,1966-07-24,14,28,0
408,11,1966,95,1966-07-24,11,73,0
410,11,1966,82,1966-07-24,5,87,2
424,11,1966,96,1966-07-24,8,84,0
428,11,1966,60,1966-07-24,17,2,0
430,11,1966,34,1966-07-24,4,88,3
438,11,1966,105,1966-07-24,13,37,0
444,11,1966,60,1966-07-24,9,84,0
236,8,1966,105,1966-08-07,1,15,9
257,8,1966,60,1966-08-07,15,3,0
277,8,1966,34,1966-08-07,4,15,3
314,8,1966,107,1966-08-07,7,14,0
324,8,1966,6,1966-08-07,13,9,0
340,8,1966,60,1966-08-07,2,15,6
347,8,1966,74,1966-08-07,10,11,0
358,8,1966,6,1966-08-07,6,15,1
385,8,1966,82,1966-08-07,8,14,0
405,8,1966,6,1966-08-07,12,9,0
408,8,1966,95,1966-08-07,17,2,0
410,8,1966,82,1966-08-07,9,12,0
424,8,1966,96,1966-08-07,18,0,0
428,8,1966,60,1966-08-07,3,15,4
430,8,1966,34,1966-08-07,5,15,2
438,8,1966,105,1966-08-07,14,8,0
443,8,1966,34,1966-08-07,16,3,0
444,8,1966,60,1966-08-07,19,0,0
446,8,1966,109,1966-08-07,11,10,0
236,7,1966,105,1966-09-04,16,7,0
257,7,1966,60,1966-09-04,19,3,0
277,7,1966,34,1966-09-04,20,0,0
314,7,1966,110,1966-09-04,17,7,0
324,7,1966,6,1966-09-04,2,68,6
339,7,1966,98,1966-09-04,15,16,0
340,7,1966,60,1966-09-04,14,31,0
347,7,1966,82,1966-09-04,11,58,0
358,7,1966,6,1966-09-04,13,33,0
359,7,1966,6,1966-09-04,10,59,0
383,7,1966,60,1966-09-04,12,46,0
385,7,1966,82,1966-09-04,8,63,0
405,7,1966,6,1966-09-04,1,68,9
408,7,1966,95,1966-09-04,6,66,1
410,7,1966,82,1966-09-04,5,67,2
428,7,1966,60,1966-09-04,4,67,3
429,7,1966,74,1966-09-04,9,63,0
430,7,1966,34,1966-09-04,18,5,0
438,7,1966,105,1966-09-04,3,68,4
443,7,1966,34,1966-09-04,7,65,0
236,21,1966,105,1966-10-02,12,55,0
257,21,1966,60,1966-10-02,11,57,0
277,21,1966,34,1966-10-02,14,52,0
297,21,1966,104,1966-10-02,5,105,2
312,21,1966,34,1966-10-02,7,96,0
314,21,1966,110,1966-10-02,18,13,0
339,21,1966,98,1966-10-02,8,81,0
340,21,1966,60,1966-10-02,3,107,4
347,21,1966,82,1966-10-02,1,108,9
358,21,1966,6,1966-10-02,15,34,0
383,21,1966,60,1966-10-02,4,105,3
385,21,1966,74,1966-10-02,6,101,1
410,21,1966,82,1966-10-02,9,74,0
413,21,1966,82,1966-10-02,17,13,0
427,21,1966,98,1966-10-02,10,58,0
428,21,1966,60,1966-10-02,2,107,6
430,21,1966,34,1966-10-02,13,53,0
438,21,1966,105,1966-10-02,16,18,0
443,21,1966,107,1966-10-02,19,5,0
236,23,1966,105,1966-10-23,2,65,6
257,23,1966,60,1966-10-23,6,63,1
277,23,1966,34,1966-10-23,16,18,0
297,23,1966,104,1966-10-23,10,40,0
312,23,1966,34,1966-10-23,13,28,0
314,23,1966,107,1966-10-23,5,64,2
339,23,1966,98,1966-10-23,4,64,3
340,23,1966,60,1966-10-23,1,65,9
347,23,1966,82,1966-10-23,17,9,0
383,23,1966,60,1966-10-23,11,33,0
385,23,1966,82,1966-10-23,7,61,0
413,23,1966,82,1966-10-23,9,49,0
415,23,1966,60,1966-10-23,18,9,0
427,23,1966,98,1966-10-23,8,60,0
428,23,1966,60,1966-10-23,12,32,0
430,23,1966,34,1966-10-23,14,26,0
438,23,1966,105,1966-10-23,3,64,4
443,23,1966,110,1966-10-23,15,24,0
236,27,1967,105,1967-01-02,6,76,1
257,27,1967,60,1967-01-02,15,30,0
277,27,1967,82,1967-01-02,17,6,0
314,27,1967,107,1967-01-02,11,44,0
340,27,1967,98,1967-01-02,3,79,4
347,27,1967,82,1967-01-02,16,22,0
383,27,1967,60,1967-01-02,12,41,0
396,27,1967,59,1967-01-02,2,80,6
403,27,1967,101,1967-01-02,9,56,0
408,27,1967,95,1967-01-02,5,78,2
410,27,1967,34,1967-01-02,14,31,0
413,27,1967,60,1967-01-02,1,80,9
428,27,1967,60,1967-01-02,13,38,0
430,27,1967,34,1967-01-02,18,2,0
434,27,1967,95,1967-01-02,7,63,0
438,27,1967,105,1967-01-02,4,78,3
447,27,1967,95,1967-01-02,8,60,0
448,27,1967,82,1967-01-02,10,51,0
236,2,1967,105,1967-05-07,16,0,0
277,2,1967,82,1967-05-07,2,99,6
297,2,1967,112,1967-05-07,4,98,3
314,2,1967,110,1967-05-07,14,4,0
340,2,1967,98,1967-05-07,10,32,0
347,2,1967,74,1967-05-07,9,42,0
358,2,1967,6,1967-05-07,7,81,0
383,2,1967,60,1967-05-07,11,31,0
404,2,1967,6,1967-05-07,3,98,4
410,2,1967,34,1967-05-07,6,96,1
413,2,1967,60,1967-05-07,5,96,2
428,2,1967,60,1967-05-07,13,14,0
430,2,1967,34,1967-05-07,12,14,0
438,2,1967,105,1967-05-07,1,100,9
448,2,1967,34,1967-05-07,8,64,0
449,2,1967,111,1967-05-07,15,4,0
236,11,1967,105,1967-06-04,2,90,6
277,11,1967,94,1967-06-04,15,11,0
297,11,1967,112,1967-06-04,17,1,0
314,11,1967,110,1967-06-04,16,8,0
324,11,1967,6,1967-06-04,5,89,2
340,11,1967,98,1967-06-04,11,73,0
347,11,1967,94,1967-06-04,1,90,9
383,11,1967,60,1967-06-04,10,83,0
404,11,1967,6,1967-06-04,4,90,3
405,11,1967,6,1967-06-04,6,89,1
408,11,1967,95,1967-06-04,9,86,0
410,11,1967,34,1967-06-04,8,87,0
413,11,1967,60,1967-06-04,14,39,0
428,11,1967,60,1967-06-04,13,41,0
430,11,1967,34,1967-06-04,12,51,0
438,11,1967,105,1967-06-04,3,90,4
445,11,1967,82,1967-06-04,7,88,0
236,5,1967,105,1967-06-18,12,15,0
257,5,1967,60,1967-06-18,14,10,0
277,5,1967,94,1967-06-18,15,3,0
314,5,1967,110,1967-06-18,1,28,9
324,5,1967,6,1967-06-18,18,0,0
340,5,1967,98,1967-06-18,16,1,0
347,5,1967,94,1967-06-18,6,27,1
383,5,1967,60,1967-06-18,7,27,0
404,5,1967,6,1967-06-18,3,28,4
405,5,1967,6,1967-06-18,11,24,0
408,5,1967,95,1967-06-18,8,26,0
410,5,1967,34,1967-06-18,5,27,2
413,5,1967,60,1967-06-18,9,25,0
428,5,1967,60,1967-06-18,4,28,3
430,5,1967,34,1967-06-18,2,28,6
438,5,1967,105,1967-06-18,13,14,0
444,5,1967,60,1967-06-18,10,25,0
445,5,1967,34,1967-06-18,17,1,0
236,28,1967,105,1967-07-02,1,80,9
277,28,1967,94,1967-07-02,14,13,0
297,28,1967,110,1967-07-02,11,26,0
314,28,1967,110,1967-07-02,9,40,0
347,28,1967,94,1967-07-02,12,23,0
383,28,1967,60,1967-07-02,4,77,3
404,28,1967,6,1967-07-02,8,47,0
408,28,1967,95,1967-07-02,13,16,0
410,28,1967,34,1967-07-02,15,9,0
413,28,1967,60,1967-07-02,6,76,1
428,28,1967,60,1967-07-02,10,33,0
430,28,1967,34,1967-07-02,3,79,4
438,28,1967,105,1967-07-02,2,80,6
444,28,1967,60,1967-07-02,7,68,0
445,28,1967,34,1967-07-02,5,76,2
236,1,1967,105,1967-07-15,4,80,3
257,1,1967,60,1967-07-15,20,0,0
277,1,1967,94,1967-07-15,12,64,0
297,1,1967,110,1967-07-15,18,14,0
314,1,1967,110,1967-07-15,14,34,0
340,1,1967,98,1967-07-15,6,78,1
347,1,1967,94,1967-07-15,1,80,9
383,1,1967,60,1967-07-15,19,10,0
404,1,1967,6,1967-07-15,3,80,4
408,1,1967,95,1967-07-15,11,67,0
410,1,1967,34,1967-07-15,13,44,0
413,1,1967,60,1967-07-15,5,79,2
428,1,1967,60,1967-07-15,16,26,0
430,1,1967,34,1967-07-15,17,20,0
438,1,1967,105,1967-07-15,2,80,6
444,1,1967,105,1967-07-15,10,76,0
445,1,1967,34,1967-07-15,7,77,0
448,1,1967,34,1967-07-15,21,0,0
451,1,1967,34,1967-07-15,8,77,0
452,1,1967,60,1967-07-15,9,76,0
453,1,1967,113,1967-07-15,15,29,0
236,8,1967,105,1967-08-06,2,15,6
257,8,1967,60,1967-08-06,6,15,2
277,8,1967,94,1967-08-06,16,8,0
297,8,1967,110,1967-08-06,22,3,0
314,8,1967,110,1967-08-06,12,12,0
340,8,1967,98,1967-08-06,4,15,3
347,8,1967,94,1967-08-06,19,4,0
383,8,1967,60,1967-08-06,15,12,0
404,8,1967,6,1967-08-06,3,15,4
410,8,1967,34,1967-08-06,23,3,0
413,8,1967,60,1967-08-06,11,13,0
428,8,1967,60,1967-08-06,20,4,0
430,8,1967,34,1967-08-06,18,5,0
438,8,1967,105,1967-08-06,1,15,9
444,8,1967,105,1967-08-06,8,14,1
445,8,1967,34,1967-08-06,9,13,0
451,8,1967,81,1967-08-06,10,13,0
452,8,1967,97,1967-08-06,7,15,0
454,8,1967,94,1967-08-06,5,15,0
455,8,1967,111,1967-08-06,13,12,0
456,8,1967,114,1967-08-06,14,12,0
457,8,1967,81,1967-08-06,17,6,0
458,8,1967,114,1967-08-06,21,4,0
459,8,1967,111,1967-08-06,24,2,0
236,29,1967,105,1967-08-27,1,90,9
257,29,1967,60,1967-08-27,8,85,0
277,29,1967,94,1967-08-27,4,88,3
297,29,1967,112,1967-08-27,7,86,0
314,29,1967,110,1967-08-27,3,89,4
347,29,1967,94,1967-08-27,12,69,0
404,29,1967,6,1967-08-27,6,87,1
410,29,1967,34,1967-08-27,5,87,2
426,29,1967,60,1967-08-27,10,84,0
428,29,1967,60,1967-08-27,17,4,0
430,29,1967,34,1967-08-27,14,65,0
438,29,1967,105,1967-08-27,2,90,6
445,29,1967,34,1967-08-27,16,18,0
451,29,1967,34,1967-08-27,9,85,0
460,29,1967,82,1967-08-27,11,81,0
461,29,1967,94,1967-08-27,13,69,0
462,29,1967,107,1967-08-27,15,47,0
236,7,1967,105,1967-09-10,2,68,6
257,7,1967,60,1967-09-10,12,46,0
277,7,1967,94,1967-09-10,8,58,0
297,7,1967,112,1967-09-10,11,46,0
314,7,1967,110,1967-09-10,18,4,0
340,7,1967,98,1967-09-10,1,68,9
347,7,1967,94,1967-09-10,3,68,4
359,7,1967,94,1967-09-10,10,50,0
383,7,1967,60,1967-09-10,9,50,0
404,7,1967,6,1967-09-10,7,64,0
405,7,1967,110,1967-09-10,17,5,0
410,7,1967,34,1967-09-10,5,67,2
428,7,1967,60,1967-09-10,4,68,3
430,7,1967,34,1967-09-10,13,45,0
438,7,1967,105,1967-09-10,14,30,0
444,7,1967,105,1967-09-10,15,26,0
445,7,1967,34,1967-09-10,16,16,0
455,7,1967,60,1967-09-10,6,66,1
236,21,1967,105,1967-10-01,5,104,2
257,21,1967,60,1967-10-01,6,101,1
277,21,1967,94,1967-10-01,2,108,6
297,21,1967,112,1967-10-01,17,16,0
314,21,1967,110,1967-10-01,16,24,0
340,21,1967,98,1967-10-01,8,96,0
347,21,1967,94,1967-10-01,1,108,9
383,21,1967,60,1967-10-01,4,106,3
404,21,1967,6,1967-10-01,9,95,0
410,21,1967,34,1967-10-01,14,35,0
415,21,1967,94,1967-10-01,18,7,0
428,21,1967,60,1967-10-01,15,33,0
430,21,1967,34,1967-10-01,10,72,0
438,21,1967,105,1967-10-01,3,107,4
444,21,1967,105,1967-10-01,12,43,0
445,21,1967,34,1967-10-01,13,41,0
450,21,1967,104,1967-10-01,7,101,0
455,21,1967,60,1967-10-01,11,45,0
236,23,1967,105,1967-10-22,2,65,6
257,23,1967,60,1967-10-22,10,61,0
277,23,1967,94,1967-10-22,16,18,0
297,23,1967,112,1967-10-22,13,45,0
314,23,1967,107,1967-10-22,18,4,0
340,23,1967,98,1967-10-22,4,64,3
347,23,1967,94,1967-10-22,1,65,9
383,23,1967,60,1967-10-22,12,59,0
404,23,1967,6,1967-10-22,9,62,0
410,23,1967,34,1967-10-22,5,63,2
413,23,1967,60,1967-10-22,6,63,1
415,23,1967,82,1967-10-22,17,12,0
430,23,1967,34,1967-10-22,15,24,0
438,23,1967,105,1967-10-22,3,64,4
444,23,1967,105,1967-10-22,11,41,0
445,23,1967,34,1967-10-22,14,33,0
450,23,1967,104,1967-10-22,7,63,0
460,23,1967,82,1967-10-22,19,0,0
464,23,1967,6,1967-10-22,8,63,0
236,27,1968,105,1968-01-01,18,16,0
257,27,1968,60,1968-01-01,13,46,0
277,27,1968,94,1968-01-01,2,80,6
314,27,1968,110,1968-01-01,11,58,0
340,27,1968,98,1968-01-01,8,75,0
347,27,1968,94,1968-01-01,1,80,9
383,27,1968,60,1968-01-01,7,77,0
396,27,1968,105,1968-01-01,9,75,0
403,27,1968,87,1968-01-01,15,35,0
404,27,1968,6,1968-01-01,4,78,3
405,27,1968,115,1968-01-01,23,2,0
410,27,1968,34,1968-01-01,20,7,0
413,27,1968,34,1968-01-01,17,20,0
428,27,1968,105,1968-01-01,3,80,4
430,27,1968,116,1968-01-01,14,43,0
433,27,1968,95,1968-01-01,10,71,0
434,27,1968,105,1968-01-01,22,3,0
438,27,1968,112,1968-01-01,5,78,2
450,27,1968,116,1968-01-01,6,77,1
455,27,1968,6,1968-01-01,12,51,0
465,27,1968,59,1968-01-01,16,22,0
466,27,1968,6,1968-01-01,19,13,0
467,27,1968,60,1968-01-01,21,4,0
236,30,1968,105,1968-05-12,14,0,0
277,30,1968,94,1968-05-12,1,90,9
297,30,1968,104,1968-05-12,6,77,0
340,30,1968,98,1968-05-12,7,74,0
383,30,1968,94,1968-05-12,8,62,0
404,30,1968,6,1968-05-12,9,57,0
405,30,1968,115,1968-05-12,4,89,3
413,30,1968,34,1968-05-12,11,27,0
428,30,1968,105,1968-05-12,13,10,0
438,30,1968,104,1968-05-12,2,90,6
448,30,1968,34,1968-05-12,10,52,0
450,30,1968,116,1968-05-12,5,81,2
455,30,1968,6,1968-05-12,12,13,0
467,30,1968,115,1968-05-12,3,89,4
236,2,1968,105,1968-05-26,13,7,0
277,2,1968,94,1968-05-26,1,80,9
297,2,1968,104,1968-05-26,15,0,0
304,2,1968,115,1968-05-26,3,76,4
314,2,1968,110,1968-05-26,11,9,0
340,2,1968,98,1968-05-26,6,16,0
383,2,1968,94,1968-05-26,8,17,0
405,2,1968,115,1968-05-26,4,76,3
413,2,1968,34,1968-05-26,7,16,0
426,2,1968,34,1968-05-26,2,80,6
428,2,1968,105,1968-05-26,12,8,0
438,2,1968,104,1968-05-26,5,73,2
448,2,1968,34,1968-05-26,10,11,0
449,2,1968,116,1968-05-26,14,3,0
450,2,1968,111,1968-05-26,9,11,0
454,2,1968,94,1968-05-26,16,0,0
236,5,1968,105,1968-06-09,15,6,0
257,5,1968,112,1968-06-09,18,1,0
277,5,1968,94,1968-06-09,16,5,0
297,5,1968,104,1968-06-09,1,28,9
304,5,1968,115,1968-06-09,6,26,1
340,5,1968,98,1968-06-09,11,11,0
383,5,1968,94,1968-06-09,7,25,0
404,5,1968,6,1968-06-09,12,8,0
413,5,1968,34,1968-06-09,2,28,6
426,5,1968,34,1968-06-09,14,6,0
428,5,1968,105,1968-06-09,17,5,0
430,5,1968,116,1968-06-09,4,27,3
438,5,1968,104,1968-06-09,10,18,0
448,5,1968,34,1968-06-09,9,22,0
450,5,1968,111,1968-06-09,8,25,0
454,5,1968,94,1968-06-09,5,26,2
455,5,1968,6,1968-06-09,3,28,4
467,5,1968,115,1968-06-09,13,6,0
236,11,1968,105,1968-06-23,16,22,0
257,11,1968,112,1968-06-23,8,82,0
277,11,1968,94,1968-06-23,9,81,0
297,11,1968,104,1968-06-23,17,19,0
304,11,1968,115,1968-06-23,19,9,0
314,11,1968,105,1968-06-23,11,63,0
340,11,1968,98,1968-06-23,13,50,0
383,11,1968,94,1968-06-23,12,55,0
404,11,1968,6,1968-06-23,6,85,1
413,11,1968,34,1968-06-23,3,89,4
426,11,1968,34,1968-06-23,7,85,0
428,11,1968,105,1968-06-23,15,39,0
430,11,1968,116,1968-06-23,1,90,9
438,11,1968,104,1968-06-23,18,10,0
448,11,1968,34,1968-06-23,14,50,0
450,11,1968,111,1968-06-23,2,90,6
453,11,1968,105,1968-06-23,5,87,2
454,11,1968,94,1968-06-23,10,80,0
455,11,1968,6,1968-06-23,4,88,3
236,10,1968,105,1968-07-07,14,15,0
277,10,1968,94,1968-07-07,15,14,0
297,10,1968,104,1968-07-07,8,56,0
340,10,1968,98,1968-07-07,2,60,6
383,10,1968,94,1968-07-07,11,54,0
404,10,1968,6,1968-07-07,10,55,0
413,10,1968,34,1968-07-07,12,53,0
426,10,1968,34,1968-07-07,7,57,0
428,10,1968,105,1968-07-07,13,45,0
430,10,1968,116,1968-07-07,3,59,4
438,10,1968,104,1968-07-07,5,58,2
448,10,1968,34,1968-07-07,6,57,1
449,10,1968,115,1968-07-07,16,14,0
450,10,1968,111,1968-07-07,9,56,0
455,10,1968,6,1968-07-07,1,60,9
459,10,1968,98,1968-07-07,17,2,0
468,10,1968,115,1968-07-07,4,58,3
236,24,1968,105,1968-07-20,20,0,0
257,24,1968,112,1968-07-20,19,6,0
277,24,1968,94,1968-07-20,14,26,0
297,24,1968,104,1968-07-20,7,77,0
314,24,1968,110,1968-07-20,18,8,0
340,24,1968,98,1968-07-20,5,78,2
383,24,1968,94,1968-07-20,1,80,9
404,24,1968,6,1968-07-20,2,80,6
413,24,1968,34,1968-07-20,10,52,0
426,24,1968,34,1968-07-20,17,10,0
428,24,1968,105,1968-07-20,9,55,0
430,24,1968,116,1968-07-20,6,78,1
438,24,1968,104,1968-07-20,4,79,3
448,24,1968,34,1968-07-20,8,72,0
450,24,1968,111,1968-07-20,16,11,0
453,24,1968,105,1968-07-20,11,52,0
454,24,1968,94,1968-07-20,12,43,0
455,24,1968,6,1968-07-20,3,79,4
468,24,1968,115,1968-07-20,15,26,0
469,24,1968,115,1968-07-20,13,34,0
236,8,1968,105,1968-08-04,5,14,2
277,8,1968,94,1968-08-04,2,14,6
297,8,1968,117,1968-08-04,13,13,0
304,8,1968,115,1968-08-04,18,6,0
314,8,1968,110,1968-08-04,9,14,0
340,8,1968,98,1968-08-04,19,3,0
383,8,1968,94,1968-08-04,17,6,0
404,8,1968,6,1968-08-04,15,11,0
413,8,1968,34,1968-08-04,6,14,1
426,8,1968,34,1968-08-04,14,13,0
428,8,1968,105,1968-08-04,3,14,4
430,8,1968,116,1968-08-04,1,14,9
438,8,1968,104,1968-08-04,7,14,0
448,8,1968,34,1968-08-04,8,14,0
450,8,1968,111,1968-08-04,16,8,0
454,8,1968,94,1968-08-04,11,13,0
455,8,1968,6,1968-08-04,4,14,3
457,8,1968,81,1968-08-04,10,14,0
458,8,1968,105,1968-08-04,12,13,0
468,8,1968,115,1968-08-04,20,0,0
236,7,1968,105,1968-09-08,8,56,0
257,7,1968,112,1968-09-08,6,64,1
277,7,1968,94,1968-09-08,16,10,0
297,7,1968,104,1968-09-08,12,34,0
314,7,1968,110,1968-09-08,15,19,0
340,7,1968,98,1968-09-08,17,8,0
383,7,1968,94,1968-09-08,7,58,0
404,7,1968,6,1968-09-08,18,8,0
413,7,1968,34,1968-09-08,14,22,0
428,7,1968,105,1968-09-08,13,33,0
430,7,1968,116,1968-09-08,9,42,0
438,7,1968,104,1968-09-08,1,68,9
448,7,1968,34,1968-09-08,4,67,3
449,7,1968,116,1968-09-08,2,68,6
450,7,1968,111,1968-09-08,5,66,2
451,7,1968,98,1968-09-08,10,42,0
454,7,1968,94,1968-09-08,11,38,0
455,7,1968,6,1968-09-08,3,68,4
468,7,1968,115,1968-09-08,20,2,0
470,7,1968,6,1968-09-08,19,4,0
236,31,1968,105,1968-09-22,14,31,0
257,31,1968,112,1968-09-22,20,0,0
277,31,1968,94,1968-09-22,4,86,3
297,31,1968,104,1968-09-22,2,89,6
304,31,1968,115,1968-09-22,10,56,0
314,31,1968,104,1968-09-22,16,29,0
340,31,1968,98,1968-09-22,19,10,0
383,31,1968,94,1968-09-22,15,29,0
404,31,1968,6,1968-09-22,8,72,0
413,31,1968,34,1968-09-22,3,88,4
428,31,1968,105,1968-09-22,12,39,0
430,31,1968,116,1968-09-22,6,83,1
438,31,1968,104,1968-09-22,1,90,9
448,31,1968,34,1968-09-22,17,22,0
449,31,1968,116,1968-09-22,9,71,0
450,31,1968,111,1968-09-22,7,77,0
454,31,1968,94,1968-09-22,13,32,0
455,31,1968,6,1968-09-22,21,0,0
468,31,1968,115,1968-09-22,5,86,2
471,31,1968,111,1968-09-22,11,54,0
472,31,1968,94,1968-09-22,18,18,0
236,21,1968,105,1968-10-06,10,77,0
257,21,1968,112,1968-10-06,14,62,0
277,21,1968,94,1968-10-06,2,108,6
297,21,1968,104,1968-10-06,6,103,1
304,21,1968,115,1968-10-06,9,88,0
314,21,1968,104,1968-10-06,4,107,3
340,21,1968,98,1968-10-06,3,107,4
383,21,1968,94,1968-10-06,5,105,2
404,21,1968,6,1968-10-06,15,59,0
413,21,1968,34,1968-10-06,13,66,0
428,21,1968,105,1968-10-06,11,73,0
430,21,1968,116,1968-10-06,1,108,9
438,21,1968,117,1968-10-06,8,92,0
448,21,1968,34,1968-10-06,7,93,0
450,21,1968,111,1968-10-06,16,44,0
454,21,1968,94,1968-10-06,20,0,0
468,21,1968,115,1968-10-06,12,71,0
470,21,1968,6,1968-10-06,19,14,0
473,21,1968,34,1968-10-06,17,35,0
474,21,1968,94,1968-10-06,18,32,0
236,23,1968,105,1968-11-03,10,59,0
257,23,1968,98,1968-11-03,5,64,2
277,23,1968,94,1968-11-03,1,65,9
297,23,1968,104,1968-11-03,2,65,6
304,23,1968,115,1968-11-03,14,21,0
314,23,1968,104,1968-11-03,12,28,0
340,23,1968,98,1968-11-03,15,17,0
383,23,1968,94,1968-11-03,6,64,1
404,23,1968,6,1968-11-03,16,16,0
413,23,1968,34,1968-11-03,4,65,3
415,23,1968,94,1968-11-03,17,14,0
428,23,1968,105,1968-11-03,21,2,0
430,23,1968,116,1968-11-03,7,64,0
438,23,1968,104,1968-11-03,18,10,0
448,23,1968,34,1968-11-03,13,25,0
449,23,1968,116,1968-11-03,11,57,0
450,23,1968,111,1968-11-03,19,10,0
454,23,1968,94,1968-11-03,3,65,4
455,23,1968,6,1968-11-03,20,3,0
468,23,1968,115,1968-11-03,8,63,0
471,23,1968,111,1968-11-03,9,62,0
236,27,1969,97,1969-03-01,14,32,0
277,27,1969,94,1969-03-01,2,80,6
297,27,1969,104,1969-03-01,5,79,2
340,27,1969,34,1969-03-01,11,40,0
383,27,1969,94,1969-03-01,4,80,3
396,27,1969,94,1969-03-01,16,31,0
403,27,1969,105,1969-03-01,8,73,0
404,27,1969,6,1969-03-01,13,34,0
413,27,1969,34,1969-03-01,12,38,0
420,27,1969,105,1969-03-01,9,67,0
428,27,1969,94,1969-03-01,10,44,0
430,27,1969,116,1969-03-01,1,80,9
438,27,1969,104,1969-03-01,3,80,4
450,27,1969,116,1969-03-01,6,78,1
454,27,1969,34,1969-03-01,7,77,0
455,27,1969,97,1969-03-01,17,20,0
465,27,1969,104,1969-03-01,18,12,0
474,27,1969,94,1969-03-01,15,31,0
236,32,1969,97,1969-05-04,9,51,0
277,32,1969,94,1969-05-04,13,8,0
297,32,1969,104,1969-05-04,2,88,6
340,32,1969,34,1969-05-04,5,84,2
383,32,1969,94,1969-05-04,10,30,0
404,32,1969,6,1969-05-04,8,56,0
413,32,1969,34,1969-05-04,7,73,0
428,32,1969,94,1969-05-04,11,19,0
430,32,1969,116,1969-05-04,1,90,9
438,32,1969,104,1969-05-04,4,87,3
448,32,1969,97,1969-05-04,12,18,0
450,32,1969,116,1969-05-04,3,87,4
454,32,1969,34,1969-05-04,14,1,0
455,32,1969,97,1969-05-04,6,83,1
236,2,1969,97,1969-05-18,15,9,0
277,2,1969,94,1969-05-18,1,80,9
297,2,1969,104,1969-05-18,5,79,2
340,2,1969,34,1969-05-18,14,9,0
383,2,1969,94,1969-05-18,3,80,4
404,2,1969,6,1969-05-18,11,16,0
413,2,1969,34,1969-05-18,12,15,0
426,2,1969,94,1969-05-18,4,80,3
430,2,1969,116,1969-05-18,9,22,0
438,2,1969,104,1969-05-18,6,78,1
448,2,1969,97,1969-05-18,2,80,6
450,2,1969,116,1969-05-18,10,20,0
453,2,1969,97,1969-05-18,13,15,0
454,2,1969,34,1969-05-18,16,0,0
455,2,1969,97,1969-05-18,8,48,0
468,2,1969,60,1969-05-18,7,74,0
236,11,1969,97,1969-06-21,6,90,1
277,11,1969,94,1969-06-21,7,88,0
297,11,1969,104,1969-06-21,12,24,0
340,11,1969,34,1969-06-21,9,87,0
383,11,1969,94,1969-06-21,2,90,6
404,11,1969,6,1969-06-21,3,90,4
428,11,1969,94,1969-06-21,13,16,0
430,11,1969,116,1969-06-21,1,90,9
438,11,1969,104,1969-06-21,4,90,3
448,11,1969,97,1969-06-21,14,12,0
450,11,1969,104,1969-06-21,8,87,0
453,11,1969,97,1969-06-21,11,54,0
454,11,1969,34,1969-06-21,15,9,0
455,11,1969,97,1969-06-21,5,90,2
468,11,1969,104,1969-06-21,10,84,0
277,26,1969,94,1969-07-06,6,37,1
297,26,1969,104,1969-07-06,4,37,3
383,26,1969,94,1969-07-06,9,34,0
404,26,1969,6,1969-07-06,10,30,0
428,26,1969,94,1969-07-06,11,22,0
430,26,1969,116,1969-07-06,1,38,9
438,26,1969,104,1969-07-06,8,35,0
448,26,1969,97,1969-07-06,12,21,0
450,26,1969,116,1969-07-06,2,38,6
453,26,1969,97,1969-07-06,7,36,0
455,26,1969,97,1969-07-06,3,38,4
468,26,1969,104,1969-07-06,5,37,2
475,26,1969,94,1969-07-06,13,1,0
257,1,1969,94,1969-07-19,15,6,0
277,1,1969,94,1969-07-19,7,82,0
297,1,1969,104,1969-07-19,3,83,4
340,1,1969,34,1969-07-19,17,1,0
383,1,1969,94,1969-07-19,8,81,0
404,1,1969,6,1969-07-19,12,45,0
413,1,1969,6,1969-07-19,11,61,0
428,1,1969,94,1969-07-19,4,83,3
430,1,1969,116,1969-07-19,1,84,9
438,1,1969,104,1969-07-19,13,27,0
448,1,1969,97,1969-07-19,5,83,2
450,1,1969,116,1969-07-19,9,78,0
454,1,1969,34,1969-07-19,14,19,0
455,1,1969,97,1969-07-19,2,83,6
468,1,1969,104,1969-07-19,6,82,1
470,1,1969,104,1969-07-19,16,5,0
475,1,1969,94,1969-07-19,10,75,0
257,8,1969,94,1969-08-03,10,4,0
277,8,1969,94,1969-08-03,4,14,3
297,8,1969,104,1969-08-03,3,14,4
340,8,1969,34,1969-08-03,14,0,0
383,8,1969,94,1969-08-03,5,12,2
428,8,1969,94,1969-08-03,9,10,0
430,8,1969,116,1969-08-03,2,14,6
438,8,1969,104,1969-08-03,7,11,0
448,8,1969,97,1969-08-03,11,1,0
450,8,1969,116,1969-08-03,6,12,1
454,8,1969,118,1969-08-03,8,11,0
455,8,1969,97,1969-08-03,1,14,9
468,8,1969,104,1969-08-03,12,0,0
474,8,1969,94,1969-08-03,13,0,0
236,7,1969,97,1969-09-07,14,6,0
277,7,1969,94,1969-09-07,9,63,0
297,7,1969,104,1969-09-07,4,68,3
340,7,1969,34,1969-09-07,11,60,0
383,7,1969,94,1969-09-07,8,64,0
413,7,1969,6,1969-09-07,6,66,1
428,7,1969,94,1969-09-07,2,68,6
430,7,1969,116,1969-09-07,1,68,9
438,7,1969,104,1969-09-07,7,66,0
448,7,1969,97,1969-09-07,5,68,2
450,7,1969,116,1969-09-07,3,68,4
453,7,1969,97,1969-09-07,13,9,0
454,7,1969,34,1969-09-07,12,48,0
455,7,1969,97,1969-09-07,10,61,0
475,7,1969,94,1969-09-07,15,3,0
236,29,1969,97,1969-09-20,2,90,6
277,29,1969,94,1969-09-20,9,42,0
297,29,1969,104,1969-09-20,5,87,2
305,29,1969,94,1969-09-20,7,81,0
340,29,1969,34,1969-09-20,15,15,0
383,29,1969,94,1969-09-20,10,40,0
413,29,1969,6,1969-09-20,12,37,0
428,29,1969,94,1969-09-20,3,90,4
430,29,1969,116,1969-09-20,13,32,0
438,29,1969,104,1969-09-20,18,9,0
448,29,1969,97,1969-09-20,16,13,0
449,29,1969,116,1969-09-20,6,84,1
450,29,1969,116,1969-09-20,4,89,3
453,29,1969,97,1969-09-20,20,0,0
454,29,1969,34,1969-09-20,19,2,0
455,29,1969,97,1969-09-20,1,90,9
462,29,1969,107,1969-09-20,14,22,0
472,29,1969,34,1969-09-20,8,80,0
475,29,1969,94,1969-09-20,11,40,0
476,29,1969,95,1969-09-20,17,10,0
236,21,1969,97,1969-10-05,4,106,3
277,21,1969,94,1969-10-05,8,90,0
297,21,1969,104,1969-10-05,18,0,0
305,21,1969,94,1969-10-05,14,25,0
340,21,1969,34,1969-10-05,3,106,4
383,21,1969,94,1969-10-05,16,3,0
413,21,1969,6,1969-10-05,5,101,2
428,21,1969,94,1969-10-05,1,108,9
430,21,1969,116,1969-10-05,13,35,0
438,21,1969,104,1969-10-05,12,52,0
448,21,1969,97,1969-10-05,2,108,6
449,21,1969,116,1969-10-05,7,92,0
450,21,1969,116,1969-10-05,11,72,0
453,21,1969,97,1969-10-05,6,98,1
454,21,1969,34,1969-10-05,15,23,0
455,21,1969,97,1969-10-05,9,77,0
474,21,1969,94,1969-10-05,17,3,0
477,21,1969,34,1969-10-05,10,76,0
236,23,1969,97,1969-10-19,3,65,4
297,23,1969,104,1969-10-19,17,0,0
305,23,1969,94,1969-10-19,9,62,0
340,23,1969,34,1969-10-19,12,53,0
383,23,1969,94,1969-10-19,15,4,0
413,23,1969,6,1969-10-19,7,63,0
428,23,1969,94,1969-10-19,13,21,0
430,23,1969,116,1969-10-19,4,65,3
438,23,1969,104,1969-10-19,1,65,9
448,23,1969,97,1969-10-19,10,61,0
449,23,1969,116,1969-10-19,8,63,0
450,23,1969,116,1969-10-19,5,65,2
453,23,1969,97,1969-10-19,11,60,0
454,23,1969,34,1969-10-19,6,63,1
455,23,1969,97,1969-10-19,2,65,6
475,23,1969,94,1969-10-19,16,3,0
477,23,1969,34,1969-10-19,14,6,0
236,27,1970,83,1970-03-07,1,80,9
277,27,1970,58,1970-03-07,6,79,1
297,27,1970,104,1970-03-07,18,39,0
340,27,1970,104,1970-03-07,15,60,0
383,27,1970,119,1970-03-07,10,75,0
396,27,1970,58,1970-03-07,8,78,0
404,27,1970,119,1970-03-07,23,14,0
413,27,1970,34,1970-03-07,9,76,0
420,27,1970,83,1970-03-07,11,75,0
428,27,1970,58,1970-03-07,13,72,0
430,27,1970,119,1970-03-07,3,80,4
434,27,1970,58,1970-03-07,12,73,0
438,27,1970,104,1970-03-07,2,80,6
448,27,1970,85,1970-03-07,19,39,0
449,27,1970,119,1970-03-07,17,57,0
450,27,1970,111,1970-03-07,4,80,3
454,27,1970,34,1970-03-07,22,22,0
455,27,1970,6,1970-03-07,14,60,0
471,27,1970,111,1970-03-07,7,78,0
474,27,1970,119,1970-03-07,20,26,0
475,27,1970,58,1970-03-07,5,79,2
477,27,1970,34,1970-03-07,16,58,0
478,27,1970,83,1970-03-07,21,23,0
236,30,1970,83,1970-04-19,7,61,0
277,30,1970,58,1970-04-19,4,89,3
297,30,1970,104,1970-04-19,2,89,6
340,30,1970,104,1970-04-19,6,76,0
404,30,1970,119,1970-04-19,12,10,0
413,30,1970,34,1970-04-19,14,4,0
428,30,1970,58,1970-04-19,13,9,0
430,30,1970,119,1970-04-19,1,90,9
438,30,1970,104,1970-04-19,11,10,0
448,30,1970,85,1970-04-19,17,0,0
449,30,1970,119,1970-04-19,5,88,2
450,30,1970,111,1970-04-19,10,31,0
454,30,1970,34,1970-04-19,16,0,0
455,30,1970,6,1970-04-19,15,0,0
471,30,1970,111,1970-04-19,9,33,0
474,30,1970,119,1970-04-19,3,89,4
478,30,1970,83,1970-04-19,8,43,0
236,2,1970,83,1970-05-10,2,80,6
277,2,1970,58,1970-05-10,5,79,2
297,2,1970,104,1970-05-10,14,19,0
340,2,1970,104,1970-05-10,15,14,0
383,2,1970,119,1970-05-10,8,76,0
404,2,1970,119,1970-05-10,9,60,0
413,2,1970,34,1970-05-10,6,78,1
428,2,1970,58,1970-05-10,1,80,9
430,2,1970,119,1970-05-10,11,57,0
438,2,1970,104,1970-05-10,4,80,3
448,2,1970,85,1970-05-10,10,58,0
450,2,1970,111,1970-05-10,13,21,0
454,2,1970,34,1970-05-10,12,42,0
455,2,1970,6,1970-05-10,16,11,0
471,2,1970,111,1970-05-10,3,80,4
480,2,1970,119,1970-05-10,7,78,0
236,5,1970,83,1970-06-07,10,19,0
277,5,1970,58,1970-06-07,11,19,0
383,5,1970,119,1970-06-07,7,26,0
404,5,1970,119,1970-06-07,2,28,6
413,5,1970,34,1970-06-07,1,28,9
428,5,1970,58,1970-06-07,14,10,0
430,5,1970,119,1970-06-07,12,14,0
448,5,1970,85,1970-06-07,16,4,0
450,5,1970,111,1970-06-07,3,28,4
454,5,1970,34,1970-06-07,15,7,0
455,5,1970,6,1970-06-07,8,26,0
470,5,1970,83,1970-06-07,17,1,0
471,5,1970,111,1970-06-07,6,27,1
475,5,1970,58,1970-06-07,13,13,0
478,5,1970,83,1970-06-07,5,28,2
480,5,1970,119,1970-06-07,9,20,0
481,5,1970,6,1970-06-07,4,28,3
236,11,1970,83,1970-06-21,11,76,0
277,11,1970,58,1970-06-21,12,71,0
314,11,1970,104,1970-06-21,19,2,0
340,11,1970,104,1970-06-21,6,79,1
383,11,1970,119,1970-06-21,17,22,0
404,11,1970,119,1970-06-21,20,1,0
413,11,1970,34,1970-06-21,10,77,0
428,11,1970,58,1970-06-21,1,80,9
430,11,1970,119,1970-06-21,2,80,6
448,11,1970,85,1970-06-21,16,22,0
450,11,1970,111,1970-06-21,5,79,2
454,11,1970,34,1970-06-21,15,23,0
455,11,1970,6,1970-06-21,3,79,4
471,11,1970,111,1970-06-21,8,78,0
475,11,1970,58,1970-06-21,7,78,0
477,11,1970,34,1970-06-21,14,26,0
480,11,1970,119,1970-06-21,9,78,0
482,11,1970,6,1970-06-21,4,79,3
483,11,1970,119,1970-06-21,13,31,0
484,11,1970,104,1970-06-21,18,18,0
236,26,1970,83,1970-07-05,3,38,4
277,26,1970,58,1970-07-05,10,37,0
314,26,1970,104,1970-07-05,6,38,1
383,26,1970,119,1970-07-05,16,23,0
404,26,1970,119,1970-07-05,2,38,6
413,26,1970,34,1970-07-05,19,6,0
428,26,1970,58,1970-07-05,1,38,9
430,26,1970,119,1970-07-05,9,38,0
438,26,1970,104,1970-07-05,4,38,3
450,26,1970,111,1970-07-05,13,35,0
454,26,1970,34,1970-07-05,20,5,0
455,26,1970,6,1970-07-05,18,16,0
466,26,1970,120,1970-07-05,15,29,0
471,26,1970,111,1970-07-05,5,38,2
475,26,1970,58,1970-07-05,8,38,0
477,26,1970,34,1970-07-05,12,36,0
478,26,1970,83,1970-07-05,7,38,0
480,26,1970,119,1970-07-05,17,17,0
481,26,1970,6,1970-07-05,14,35,0
483,26,1970,119,1970-07-05,11,37,0
236,24,1970,83,1970-07-18,2,80,6
277,24,1970,58,1970-07-18,6,79,1
305,24,1970,58,1970-07-18,10,69,0
314,24,1970,104,1970-07-18,11,60,0
340,24,1970,122,1970-07-18,15,51,0
383,24,1970,119,1970-07-18,19,19,0
404,24,1970,119,1970-07-18,5,79,2
413,24,1970,34,1970-07-18,12,58,0
428,24,1970,58,1970-07-18,1,80,9
430,24,1970,119,1970-07-18,14,52,0
438,24,1970,104,1970-07-18,3,80,4
450,24,1970,111,1970-07-18,17,24,0
454,24,1970,34,1970-07-18,13,54,0
455,24,1970,6,1970-07-18,22,6,0
466,24,1970,120,1970-07-18,23,0,0
471,24,1970,111,1970-07-18,16,41,0
474,24,1970,119,1970-07-18,18,21,0
475,24,1970,58,1970-07-18,20,15,0
477,24,1970,34,1970-07-18,21,10,0
480,24,1970,119,1970-07-18,9,72,0
482,24,1970,6,1970-07-18,4,80,3
483,24,1970,119,1970-07-18,7,79,0
485,24,1970,58,1970-07-18,8,78,0
236,33,1970,83,1970-08-02,19,4,0
277,33,1970,58,1970-08-02,10,37,0
340,33,1970,122,1970-08-02,9,46,0
383,33,1970,119,1970-08-02,8,47,0
404,33,1970,119,1970-08-02,11,34,0
413,33,1970,34,1970-08-02,17,7,0
428,33,1970,58,1970-08-02,1,50,9
430,33,1970,119,1970-08-02,14,20,0
438,33,1970,104,1970-08-02,3,50,4
450,33,1970,111,1970-08-02,20,4,0
454,33,1970,34,1970-08-02,18,5,0
455,33,1970,6,1970-08-02,2,50,6
471,33,1970,111,1970-08-02,6,49,1
474,33,1970,119,1970-08-02,15,15,0
475,33,1970,58,1970-08-02,13,24,0
478,33,1970,83,1970-08-02,5,49,2
480,33,1970,119,1970-08-02,16,11,0
482,33,1970,6,1970-08-02,12,30,0
483,33,1970,119,1970-08-02,7,49,0
484,33,1970,104,1970-08-02,21,3,0
485,33,1970,58,1970-08-02,4,50,3
236,34,1970,83,1970-08-16,13,56,0
340,34,1970,122,1970-08-16,17,27,0
383,34,1970,119,1970-08-16,9,59,0
404,34,1970,119,1970-08-16,8,59,0
413,34,1970,34,1970-08-16,4,59,3
428,34,1970,58,1970-08-16,19,21,0
430,34,1970,119,1970-08-16,22,7,0
438,34,1970,104,1970-08-16,16,30,0
450,34,1970,111,1970-08-16,6,59,1
453,34,1970,121,1970-08-16,21,13,0
454,34,1970,34,1970-08-16,5,59,2
455,34,1970,6,1970-08-16,1,60,9
466,34,1970,120,1970-08-16,12,57,0
471,34,1970,111,1970-08-16,14,56,0
474,34,1970,119,1970-08-16,20,13,0
475,34,1970,58,1970-08-16,23,4,0
477,34,1970,34,1970-08-16,11,58,0
478,34,1970,83,1970-08-16,3,60,4
481,34,1970,6,1970-08-16,7,59,0
482,34,1970,6,1970-08-16,2,60,6
483,34,1970,119,1970-08-16,24,0,0
484,34,1970,104,1970-08-16,10,59,0
485,34,1970,58,1970-08-16,15,55,0
486,34,1970,85,1970-08-16,18,25,0
236,7,1970,83,1970-09-06,12,31,0
277,7,1970,58,1970-09-06,21,0,0
340,7,1970,122,1970-09-06,20,0,0
383,7,1970,119,1970-09-06,19,3,0
404,7,1970,119,1970-09-06,7,67,0
413,7,1970,34,1970-09-06,18,12,0
428,7,1970,58,1970-09-06,23,0,0
430,7,1970,119,1970-09-06,2,68,6
438,7,1970,104,1970-09-06,4,68,3
450,7,1970,111,1970-09-06,3,68,4
454,7,1970,34,1970-09-06,10,36,0
455,7,1970,6,1970-09-06,13,25,0
466,7,1970,120,1970-09-06,8,61,0
471,7,1970,111,1970-09-06,17,14,0
475,7,1970,58,1970-09-06,22,0,0
477,7,1970,34,1970-09-06,14,21,0
478,7,1970,83,1970-09-06,5,68,2
480,7,1970,119,1970-09-06,11,35,0
481,7,1970,6,1970-09-06,16,14,0
482,7,1970,6,1970-09-06,1,68,9
483,7,1970,119,1970-09-06,6,68,1
484,7,1970,104,1970-09-06,9,60,0
485,7,1970,58,1970-09-06,25,0,0
486,7,1970,85,1970-09-06,15,17,0
236,31,1970,83,1970-09-20,16,57,0
277,31,1970,58,1970-09-20,12,77,0
340,31,1970,122,1970-09-20,5,89,2
383,31,1970,119,1970-09-20,20,21,0
404,31,1970,119,1970-09-20,3,90,4
413,31,1970,34,1970-09-20,4,89,3
430,31,1970,123,1970-09-20,18,31,0
438,31,1970,104,1970-09-20,15,58,0
450,31,1970,111,1970-09-20,8,85,0
454,31,1970,34,1970-09-20,17,52,0
455,31,1970,6,1970-09-20,1,90,9
466,31,1970,120,1970-09-20,13,69,0
471,31,1970,111,1970-09-20,7,87,0
477,31,1970,34,1970-09-20,10,85,0
478,31,1970,83,1970-09-20,19,22,0
480,31,1970,119,1970-09-20,14,65,0
482,31,1970,6,1970-09-20,2,90,6
483,31,1970,119,1970-09-20,9,85,0
484,31,1970,104,1970-09-20,6,88,1
486,31,1970,85,1970-09-20,11,79,0
236,21,1970,83,1970-10-04,10,105,0
257,21,1970,104,1970-10-04,19,50,0
277,21,1970,58,1970-10-04,16,72,0
340,21,1970,122,1970-10-04,24,6,0
383,21,1970,119,1970-10-04,9,105,0
404,21,1970,119,1970-10-04,5,107,2
413,21,1970,34,1970-10-04,2,108,6
430,21,1970,123,1970-10-04,15,82,0
438,21,1970,104,1970-10-04,7,106,0
450,21,1970,111,1970-10-04,20,27,0
454,21,1970,34,1970-10-04,22,14,0
455,21,1970,6,1970-10-04,4,107,3
470,21,1970,122,1970-10-04,6,107,1
471,21,1970,111,1970-10-04,8,105,0
477,21,1970,34,1970-10-04,23,10,0
478,21,1970,83,1970-10-04,12,104,0
480,21,1970,119,1970-10-04,11,104,0
482,21,1970,6,1970-10-04,13,101,0
483,21,1970,119,1970-10-04,17,62,0
484,21,1970,104,1970-10-04,14,100,0
485,21,1970,58,1970-10-04,1,108,9
486,21,1970,85,1970-10-04,18,61,0
488,21,1970,58,1970-10-04,3,108,4
489,21,1970,83,1970-10-04,21,21,0
236,23,1970,83,1970-10-25,11,52,0
277,23,1970,58,1970-10-25,16,4,0
340,23,1970,122,1970-10-25,8,64,0
383,23,1970,119,1970-10-25,17,3,0
404,23,1970,119,1970-10-25,4,65,3
413,23,1970,34,1970-10-25,6,65,1
430,23,1970,123,1970-10-25,12,33,0
438,23,1970,104,1970-10-25,3,65,4
450,23,1970,111,1970-10-25,5,65,2
454,23,1970,34,1970-10-25,7,64,0
455,23,1970,6,1970-10-25,1,65,9
471,23,1970,111,1970-10-25,9,61,0
478,23,1970,83,1970-10-25,14,15,0
482,23,1970,6,1970-10-25,2,65,6
483,23,1970,119,1970-10-25,15,8,0
484,23,1970,104,1970-10-25,13,27,0
485,23,1970,58,1970-10-25,18,1,0
488,23,1970,58,1970-10-25,10,56,0
257,27,1971,117,1971-03-06,24,5,0
277,27,1971,83,1971-03-06,9,77,0
340,27,1971,122,1971-03-06,15,56,0
383,27,1971,34,1971-03-06,20,31,0
396,27,1971,124,1971-03-06,21,30,0
404,27,1971,111,1971-03-06,5,78,2
413,27,1971,34,1971-03-06,18,33,0
430,27,1971,123,1971-03-06,2,79,6
433,27,1971,83,1971-03-06,22,22,0
434,27,1971,83,1971-03-06,19,31,0
438,27,1971,117,1971-03-06,6,78,1
455,27,1971,6,1971-03-06,8,78,0
466,27,1971,125,1971-03-06,13,75,0
467,27,1971,122,1971-03-06,7,78,0
471,27,1971,124,1971-03-06,11,77,0
474,27,1971,6,1971-03-06,1,79,9
478,27,1971,122,1971-03-06,12,77,0
479,27,1971,124,1971-03-06,25,5,0
480,27,1971,124,1971-03-06,10,77,0
482,27,1971,6,1971-03-06,3,79,4
483,27,1971,123,1971-03-06,16,45,0
484,27,1971,117,1971-03-06,23,7,0
485,27,1971,94,1971-03-06,14,58,0
488,27,1971,94,1971-03-06,4,79,3
491,27,1971,34,1971-03-06,17,42,0
277,32,1971,83,1971-04-18,22,5,0
340,32,1971,122,1971-04-18,11,67,0
383,32,1971,34,1971-04-18,21,5,0
404,32,1971,111,1971-04-18,3,75,4
413,32,1971,34,1971-04-18,4,75,3
430,32,1971,123,1971-04-18,1,75,9
438,32,1971,117,1971-04-18,5,75,2
450,32,1971,111,1971-04-18,6,74,1
455,32,1971,6,1971-04-18,2,75,6
466,32,1971,125,1971-04-18,17,26,0
471,32,1971,124,1971-04-18,14,53,0
474,32,1971,6,1971-04-18,15,50,0
478,32,1971,122,1971-04-18,20,9,0
479,32,1971,124,1971-04-18,16,46,0
480,32,1971,124,1971-04-18,18,24,0
482,32,1971,6,1971-04-18,19,13,0
483,32,1971,123,1971-04-18,7,74,0
484,32,1971,117,1971-04-18,8,73,0
485,32,1971,94,1971-04-18,13,54,0
486,32,1971,83,1971-04-18,9,72,0
488,32,1971,94,1971-04-18,12,58,0
491,32,1971,34,1971-04-18,10,71,0
277,2,1971,83,1971-05-23,18,1,0
340,2,1971,122,1971-05-23,7,79,0
383,2,1971,34,1971-05-23,11,58,0
404,2,1971,111,1971-05-23,13,45,0
413,2,1971,34,1971-05-23,9,76,0
430,2,1971,123,1971-05-23,1,80,9
438,2,1971,117,1971-05-23,4,80,3
450,2,1971,111,1971-05-23,12,47,0
455,2,1971,6,1971-05-23,3,80,4
471,2,1971,124,1971-05-23,8,77,0
478,2,1971,122,1971-05-23,6,79,1
480,2,1971,124,1971-05-23,2,80,6
482,2,1971,6,1971-05-23,14,24,0
483,2,1971,123,1971-05-23,17,5,0
484,2,1971,117,1971-05-23,15,22,0
485,2,1971,94,1971-05-23,5,79,2
486,2,1971,83,1971-05-23,10,76,0
488,2,1971,94,1971-05-23,16,21,0
277,11,1971,83,1971-06-20,10,65,0
340,11,1971,122,1971-06-20,5,68,2
383,11,1971,34,1971-06-20,6,68,1
404,11,1971,111,1971-06-20,23,2,0
413,11,1971,34,1971-06-20,2,70,6
430,11,1971,123,1971-06-20,11,65,0
438,11,1971,117,1971-06-20,12,63,0
450,11,1971,111,1971-06-20,9,65,0
455,11,1971,6,1971-06-20,1,70,9
471,11,1971,124,1971-06-20,13,62,0
474,11,1971,6,1971-06-20,21,5,0
478,11,1971,122,1971-06-20,19,19,0
479,11,1971,124,1971-06-20,16,57,0
480,11,1971,124,1971-06-20,4,68,3
482,11,1971,6,1971-06-20,3,69,4
483,11,1971,123,1971-06-20,18,29,0
484,11,1971,117,1971-06-20,15,60,0
486,11,1971,83,1971-06-20,17,39,0
488,11,1971,94,1971-06-20,20,17,0
491,11,1971,34,1971-06-20,7,66,0
492,11,1971,124,1971-06-20,14,60,0
493,11,1971,122,1971-06-20,8,65,0
494,11,1971,126,1971-06-20,22,5,0
277,35,1971,83,1971-07-04,16,34,0
340,35,1971,122,1971-07-04,8,55,0
383,35,1971,34,1971-07-04,4,55,3
404,35,1971,111,1971-07-04,5,55,2
413,35,1971,34,1971-07-04,18,27,0
430,35,1971,123,1971-07-04,1,55,9
438,35,1971,117,1971-07-04,21,16,0
450,35,1971,111,1971-07-04,7,55,0
455,35,1971,6,1971-07-04,22,4,0
466,35,1971,125,1971-07-04,17,31,0
471,35,1971,124,1971-07-04,15,45,0
478,35,1971,122,1971-07-04,11,53,0
479,35,1971,124,1971-07-04,23,4,0
480,35,1971,125,1971-07-04,20,19,0
482,35,1971,6,1971-07-04,19,20,0
483,35,1971,123,1971-07-04,2,55,6
484,35,1971,117,1971-07-04,9,54,0
485,35,1971,94,1971-07-04,3,55,4
486,35,1971,83,1971-07-04,12,50,0
488,35,1971,94,1971-07-04,6,55,1
491,35,1971,34,1971-07-04,10,54,0
495,35,1971,124,1971-07-04,13,50,0
496,35,1971,124,1971-07-04,14,46,0
277,1,1971,83,1971-07-17,23,0,0
340,1,1971,122,1971-07-17,6,67,1
383,1,1971,34,1971-07-17,9,66,0
404,1,1971,111,1971-07-17,18,35,0
430,1,1971,123,1971-07-17,1,68,9
434,1,1971,94,1971-07-17,22,1,0
438,1,1971,117,1971-07-17,19,32,0
450,1,1971,111,1971-07-17,7,66,0
454,1,1971,117,1971-07-17,24,0,0
455,1,1971,6,1971-07-17,16,51,0
466,1,1971,125,1971-07-17,14,56,0
470,1,1971,122,1971-07-17,20,23,0
471,1,1971,124,1971-07-17,4,67,3
478,1,1971,122,1971-07-17,5,67,2
480,1,1971,124,1971-07-17,2,68,6
482,1,1971,6,1971-07-17,17,48,0
483,1,1971,123,1971-07-17,10,65,0
484,1,1971,117,1971-07-17,15,53,0
485,1,1971,94,1971-07-17,3,68,4
486,1,1971,83,1971-07-17,12,63,0
487,1,1971,124,1971-07-17,11,65,0
488,1,1971,126,1971-07-17,13,57,0
491,1,1971,34,1971-07-17,8,66,0
497,1,1971,124,1971-07-17,21,21,0
277,8,1971,83,1971-08-01,9,12,0
340,8,1971,122,1971-08-01,7,12,0
383,8,1971,34,1971-08-01,14,6,0
404,8,1971,111,1971-08-01,15,6,0
430,8,1971,123,1971-08-01,1,12,9
438,8,1971,117,1971-08-01,18,3,0
455,8,1971,6,1971-08-01,22,1,0
466,8,1971,125,1971-08-01,21,2,0
468,8,1971,34,1971-08-01,11,11,0
471,8,1971,124,1971-08-01,16,5,0
474,8,1971,6,1971-08-01,4,12,3
478,8,1971,122,1971-08-01,10,11,0
480,8,1971,124,1971-08-01,5,12,2
482,8,1971,6,1971-08-01,3,12,4
483,8,1971,123,1971-08-01,2,12,6
484,8,1971,117,1971-08-01,17,5,0
485,8,1971,94,1971-08-01,13,8,0
486,8,1971,83,1971-08-01,6,12,1
487,8,1971,125,1971-08-01,12,10,0
488,8,1971,94,1971-08-01,8,12,0
491,8,1971,34,1971-08-01,20,2,0
497,8,1971,124,1971-08-01,19,3,0
257,34,1971,117,1971-08-15,22,0,0
277,34,1971,83,1971-08-15,5,54,2
340,34,1971,122,1971-08-15,18,12,0
383,34,1971,34,1971-08-15,1,54,9
430,34,1971,123,1971-08-15,15,35,0
438,34,1971,117,1971-08-15,21,4,0
454,34,1971,117,1971-08-15,9,53,0
455,34,1971,6,1971-08-15,16,31,0
471,34,1971,124,1971-08-15,6,54,1
478,34,1971,122,1971-08-15,7,54,0
480,34,1971,124,1971-08-15,8,53,0
482,34,1971,6,1971-08-15,19,8,0
483,34,1971,123,1971-08-15,14,42,0
484,34,1971,34,1971-08-15,10,52,0
485,34,1971,94,1971-08-15,2,54,6
486,34,1971,83,1971-08-15,3,54,4
487,34,1971,125,1971-08-15,12,51,0
488,34,1971,94,1971-08-15,4,54,3
491,34,1971,34,1971-08-15,20,5,0
497,34,1971,124,1971-08-15,13,47,0
498,34,1971,34,1971-08-15,11,52,0
499,34,1971,124,1971-08-15,17,20,0
257,7,1971,117,1971-09-05,10,51,0
277,7,1971,83,1971-09-05,11,47,0
340,7,1971,122,1971-09-05,23,3,0
383,7,1971,34,1971-09-05,9,53,0
404,7,1971,111,1971-09-05,6,55,1
407,7,1971,122,1971-09-05,4,55,3
430,7,1971,123,1971-09-05,18,15,0
453,7,1971,121,1971-09-05,21,5,0
454,7,1971,117,1971-09-05,7,55,0
455,7,1971,6,1971-09-05,17,15,0
466,7,1971,125,1971-09-05,15,33,0
471,7,1971,124,1971-09-05,14,40,0
478,7,1971,122,1971-09-05,24,0,0
480,7,1971,124,1971-09-05,2,55,6
482,7,1971,6,1971-09-05,16,17,0
483,7,1971,123,1971-09-05,3,55,4
484,7,1971,34,1971-09-05,1,55,9
485,7,1971,126,1971-09-05,8,54,0
486,7,1971,83,1971-09-05,20,5,0
487,7,1971,124,1971-09-05,19,11,0
491,7,1971,34,1971-09-05,5,55,2
497,7,1971,124,1971-09-05,13,41,0
498,7,1971,34,1971-09-05,22,3,0
500,7,1971,124,1971-09-05,12,47,0
277,29,1971,83,1971-09-19,23,2,0
305,29,1971,94,1971-09-19,18,55,0
340,29,1971,122,1971-09-19,11,60,0
383,29,1971,34,1971-09-19,9,61,0
404,29,1971,111,1971-09-19,10,61,0
430,29,1971,123,1971-09-19,1,64,9
438,29,1971,117,1971-09-19,4,63,3
450,29,1971,111,1971-09-19,20,15,0
455,29,1971,6,1971-09-19,8,62,0
474,29,1971,6,1971-09-19,13,60,0
477,29,1971,34,1971-09-19,15,59,0
478,29,1971,122,1971-09-19,19,26,0
480,29,1971,124,1971-09-19,2,64,6
482,29,1971,6,1971-09-19,22,7,0
483,29,1971,123,1971-09-19,6,62,1
484,29,1971,34,1971-09-19,14,59,0
485,29,1971,94,1971-09-19,7,62,0
486,29,1971,83,1971-09-19,24,1,0
487,29,1971,124,1971-09-19,16,57,0
488,29,1971,94,1971-09-19,5,63,2
491,29,1971,34,1971-09-19,25,0,0
492,29,1971,124,1971-09-19,21,13,0
497,29,1971,124,1971-09-19,17,56,0
498,29,1971,34,1971-09-19,12,60,0
501,29,1971,117,1971-09-19,3,64,4
257,21,1971,117,1971-10-03,16,54,0
277,21,1971,83,1971-10-03,7,58,0
305,21,1971,94,1971-10-03,21,49,0
340,21,1971,122,1971-10-03,17,54,0
383,21,1971,34,1971-10-03,2,59,6
404,21,1971,111,1971-10-03,12,57,0
407,21,1971,122,1971-10-03,15,54,0
423,21,1971,123,1971-10-03,29,1,0
430,21,1971,123,1971-10-03,5,59,2
438,21,1971,117,1971-10-03,22,47,0
450,21,1971,111,1971-10-03,8,58,0
451,21,1971,117,1971-10-03,10,58,0
455,21,1971,6,1971-10-03,19,49,0
466,21,1971,125,1971-10-03,11,57,0
471,21,1971,124,1971-10-03,26,23,0
480,21,1971,124,1971-10-03,3,59,4
482,21,1971,6,1971-10-03,6,59,1
483,21,1971,123,1971-10-03,1,59,9
484,21,1971,34,1971-10-03,9,58,0
485,21,1971,94,1971-10-03,20,49,0
486,21,1971,83,1971-10-03,23,41,0
487,21,1971,124,1971-10-03,27,11,0
488,21,1971,94,1971-10-03,28,5,0
491,21,1971,34,1971-10-03,4,59,3
492,21,1971,124,1971-10-03,18,52,0
498,21,1971,34,1971-10-03,13,57,0
502,21,1971,83,1971-10-03,24,30,0
503,21,1971,34,1971-10-03,14,56,0
504,21,1971,122,1971-10-03,25,15,0
277,12,1972,83,1972-01-23,18,11,0
404,12,1972,111,1972-01-23,22,0,0
423,12,1972,117,1972-01-23,15,49,0
430,12,1972,123,1972-01-23,1,95,9
438,12,1972,117,1972-01-23,2,95,6
455,12,1972,6,1972-01-23,3,95,4
466,12,1972,122,1972-01-23,17,11,0
471,12,1972,119,1972-01-23,8,93,0
474,12,1972,6,1972-01-23,16,20,0
479,12,1972,34,1972-01-23,21,1,0
480,12,1972,119,1972-01-23,6,94,1
482,12,1972,6,1972-01-23,4,95,3
483,12,1972,123,1972-01-23,13,59,0
484,12,1972,34,1972-01-23,20,1,0
485,12,1972,58,1972-01-23,12,61,0
486,12,1972,122,1972-01-23,5,95,2
488,12,1972,34,1972-01-23,14,59,0
491,12,1972,34,1972-01-23,9,93,0
494,12,1972,58,1972-01-23,19,8,0
498,12,1972,34,1972-01-23,10,93,0
499,12,1972,119,1972-01-23,11,93,0
505,12,1972,83,1972-01-23,7,93,0
277,27,1972,83,1972-03-04,6,78,1
396,27,1972,122,1972-03-04,16,73,0
404,27,1972,111,1972-03-04,15,76,0
407,27,1972,122,1972-03-04,23,28,0
423,27,1972,117,1972-03-04,3,79,4
430,27,1972,123,1972-03-04,22,45,0
434,27,1972,58,1972-03-04,26,2,0
438,27,1972,117,1972-03-04,1,79,9
450,27,1972,34,1972-03-04,21,61,0
455,27,1972,6,1972-03-04,8,78,0
466,27,1972,122,1972-03-04,19,69,0
471,27,1972,119,1972-03-04,11,78,0
474,27,1972,6,1972-03-04,4,79,3
478,27,1972,119,1972-03-04,13,77,0
480,27,1972,119,1972-03-04,5,79,2
482,27,1972,6,1972-03-04,12,77,0
483,27,1972,123,1972-03-04,9,78,0
484,27,1972,34,1972-03-04,20,65,0
485,27,1972,58,1972-03-04,2,79,6
486,27,1972,122,1972-03-04,25,9,0
491,27,1972,34,1972-03-04,18,70,0
494,27,1972,58,1972-03-04,10,78,0
498,27,1972,34,1972-03-04,14,76,0
499,27,1972,119,1972-03-04,7,78,0
505,27,1972,83,1972-03-04,24,27,0
506,27,1972,119,1972-03-04,17,73,0
277,30,1972,83,1972-05-01,10,86,0
404,30,1972,111,1972-05-01,13,66,0
407,30,1972,122,1972-05-01,20,20,0
423,30,1972,117,1972-05-01,5,89,2
430,30,1972,123,1972-05-01,12,69,0
438,30,1972,117,1972-05-01,16,48,0
450,30,1972,34,1972-05-01,23,9,0
455,30,1972,6,1972-05-01,2,90,6
466,30,1972,122,1972-05-01,4,89,3
471,30,1972,119,1972-05-01,11,86,0
474,30,1972,6,1972-05-01,19,23,0
478,30,1972,119,1972-05-01,22,15,0
479,30,1972,34,1972-05-01,25,6,0
480,30,1972,119,1972-05-01,21,16,0
482,30,1972,6,1972-05-01,3,89,4
483,30,1972,123,1972-05-01,14,65,0
484,30,1972,34,1972-05-01,15,65,0
485,30,1972,58,1972-05-01,1,90,9
486,30,1972,122,1972-05-01,8,88,0
488,30,1972,34,1972-05-01,18,24,0
491,30,1972,34,1972-05-01,17,38,0
494,30,1972,58,1972-05-01,9,87,0
499,30,1972,119,1972-05-01,24,7,0
506,30,1972,119,1972-05-01,6,89,1
507,30,1972,83,1972-05-01,7,88,0
277,2,1972,83,1972-05-14,12,76,0
404,2,1972,111,1972-05-14,6,77,1
407,2,1972,122,1972-05-14,21,48,0
430,2,1972,123,1972-05-14,4,78,3
438,2,1972,117,1972-05-14,15,74,0
450,2,1972,34,1972-05-14,1,80,9
455,2,1972,6,1972-05-14,2,80,6
466,2,1972,122,1972-05-14,7,77,0
467,2,1972,117,1972-05-14,5,77,2
471,2,1972,119,1972-05-14,19,58,0
478,2,1972,119,1972-05-14,10,77,0
480,2,1972,119,1972-05-14,11,76,0
482,2,1972,6,1972-05-14,20,51,0
483,2,1972,123,1972-05-14,18,70,0
484,2,1972,34,1972-05-14,24,27,0
485,2,1972,58,1972-05-14,3,79,4
486,2,1972,122,1972-05-14,23,31,0
488,2,1972,34,1972-05-14,25,16,0
491,2,1972,34,1972-05-14,22,47,0
494,2,1972,58,1972-05-14,14,75,0
497,2,1972,119,1972-05-14,13,76,0
498,2,1972,34,1972-05-14,8,77,0
499,2,1972,119,1972-05-14,16,74,0
506,2,1972,119,1972-05-14,17,72,0
507,2,1972,83,1972-05-14,9,77,0
277,36,1972,83,1972-06-04,15,73,0
404,36,1972,111,1972-06-04,6,84,1
407,36,1972,122,1972-06-04,4,85,3
423,36,1972,117,1972-06-04,7,83,0
438,36,1972,117,1972-06-04,3,85,4
450,36,1972,34,1972-06-04,24,15,0
455,36,1972,6,1972-06-04,20,47,0
466,36,1972,122,1972-06-04,18,55,0
471,36,1972,119,1972-06-04,16,59,0
478,36,1972,119,1972-06-04,11,83,0
480,36,1972,119,1972-06-04,9,83,0
482,36,1972,6,1972-06-04,17,57,0
483,36,1972,123,1972-06-04,2,85,6
484,36,1972,34,1972-06-04,23,27,0
485,36,1972,58,1972-06-04,1,85,9
486,36,1972,122,1972-06-04,25,11,0
487,36,1972,127,1972-06-04,19,54,0
491,36,1972,34,1972-06-04,8,83,0
494,36,1972,58,1972-06-04,14,79,0
497,36,1972,119,1972-06-04,21,31,0
498,36,1972,34,1972-06-04,10,83,0
499,36,1972,119,1972-06-04,12,82,0
505,36,1972,83,1972-06-04,13,81,0
506,36,1972,119,1972-06-04,5,84,2
507,36,1972,83,1972-06-04,22,28,0
277,26,1972,83,1972-07-02,10,38,0
404,26,1972,111,1972-07-02,3,38,4
407,26,1972,122,1972-07-02,6,38,1
430,26,1972,123,1972-07-02,1,38,9
438,26,1972,117,1972-07-02,7,38,0
450,26,1972,34,1972-07-02,15,37,0
455,26,1972,6,1972-07-02,11,37,0
466,26,1972,122,1972-07-02,14,37,0
467,26,1972,117,1972-07-02,9,38,0
478,26,1972,119,1972-07-02,16,37,0
480,26,1972,119,1972-07-02,5,38,2
483,26,1972,123,1972-07-02,4,38,3
485,26,1972,58,1972-07-02,2,38,6
486,26,1972,122,1972-07-02,17,36,0
487,26,1972,6,1972-07-02,13,37,0
488,26,1972,34,1972-07-02,21,25,0
494,26,1972,58,1972-07-02,18,34,0
497,26,1972,119,1972-07-02,19,33,0
498,26,1972,34,1972-07-02,23,8,0
499,26,1972,119,1972-07-02,24,4,0
505,26,1972,83,1972-07-02,12,37,0
506,26,1972,119,1972-07-02,22,18,0
507,26,1972,83,1972-07-02,8,38,0
508,26,1972,123,1972-07-02,20,33,0
277,24,1972,83,1972-07-15,18,47,0
404,24,1972,111,1972-07-15,4,75,3
407,24,1972,122,1972-07-15,21,31,0
423,24,1972,117,1972-07-15,3,76,4
430,24,1972,123,1972-07-15,2,76,6
434,24,1972,58,1972-07-15,22,21,0
438,24,1972,117,1972-07-15,5,75,2
450,24,1972,34,1972-07-15,11,70,0
454,24,1972,34,1972-07-15,20,36,0
455,24,1972,6,1972-07-15,17,49,0
466,24,1972,122,1972-07-15,26,3,0
471,24,1972,128,1972-07-15,24,7,0
478,24,1972,119,1972-07-15,10,71,0
480,24,1972,119,1972-07-15,7,74,0
483,24,1972,123,1972-07-15,15,60,0
484,24,1972,34,1972-07-15,25,5,0
485,24,1972,58,1972-07-15,1,76,9
486,24,1972,122,1972-07-15,14,64,0
487,24,1972,127,1972-07-15,23,9,0
494,24,1972,58,1972-07-15,16,59,0
497,24,1972,119,1972-07-15,13,69,0
499,24,1972,119,1972-07-15,9,73,0
505,24,1972,83,1972-07-15,8,73,0
506,24,1972,119,1972-07-15,19,39,0
507,24,1972,83,1972-07-15,12,69,0
509,24,1972,6,1972-07-15,6,75,1
277,8,1972,83,1972-07-30,6,14,1
404,8,1972,111,1972-07-30,15,13,0
407,8,1972,122,1972-07-30,20,8,0
430,8,1972,123,1972-07-30,11,13,0
434,8,1972,58,1972-07-30,26,4,0
438,8,1972,117,1972-07-30,19,8,0
450,8,1972,34,1972-07-30,9,14,0
455,8,1972,6,1972-07-30,1,14,9
466,8,1972,122,1972-07-30,13,13,0
467,8,1972,117,1972-07-30,5,14,2
470,8,1972,127,1972-07-30,25,4,0
471,8,1972,119,1972-07-30,18,10,0
478,8,1972,119,1972-07-30,22,6,0
480,8,1972,119,1972-07-30,3,14,4
482,8,1972,6,1972-07-30,2,14,6
483,8,1972,123,1972-07-30,10,14,0
485,8,1972,58,1972-07-30,17,10,0
486,8,1972,122,1972-07-30,14,13,0
488,8,1972,34,1972-07-30,27,3,0
491,8,1972,34,1972-07-30,4,14,3
494,8,1972,58,1972-07-30,23,6,0
497,8,1972,119,1972-07-30,8,14,0
499,8,1972,119,1972-07-30,24,4,0
505,8,1972,83,1972-07-30,21,6,0
506,8,1972,119,1972-07-30,16,11,0
507,8,1972,83,1972-07-30,7,14,0
509,8,1972,6,1972-07-30,12,13,0
277,34,1972,83,1972-08-13,18,36,0
404,34,1972,111,1972-08-13,5,54,2
407,34,1972,122,1972-08-13,4,54,3
423,34,1972,117,1972-08-13,3,54,4
430,34,1972,123,1972-08-13,7,54,0
438,34,1972,117,1972-08-13,2,54,6
450,34,1972,34,1972-08-13,8,54,0
455,34,1972,6,1972-08-13,22,20,0
466,34,1972,122,1972-08-13,14,51,0
478,34,1972,119,1972-08-13,15,48,0
480,34,1972,119,1972-08-13,12,52,0
482,34,1972,6,1972-08-13,24,13,0
483,34,1972,123,1972-08-13,9,53,0
484,34,1972,34,1972-08-13,13,51,0
485,34,1972,58,1972-08-13,1,54,9
486,34,1972,122,1972-08-13,11,52,0
487,34,1972,127,1972-08-13,17,45,0
491,34,1972,34,1972-08-13,6,54,1
494,34,1972,58,1972-08-13,25,6,0
497,34,1972,119,1972-08-13,20,24,0
499,34,1972,119,1972-08-13,10,53,0
505,34,1972,83,1972-08-13,23,14,0
506,34,1972,119,1972-08-13,16,46,0
507,34,1972,83,1972-08-13,19,31,0
510,34,1972,129,1972-08-13,21,22,0
277,7,1972,83,1972-09-10,5,55,2
340,7,1972,122,1972-09-10,18,20,0
404,7,1972,111,1972-09-10,15,38,0
407,7,1972,122,1972-09-10,2,55,6
423,7,1972,117,1972-09-10,4,55,3
430,7,1972,123,1972-09-10,25,0,0
438,7,1972,117,1972-09-10,3,55,4
450,7,1972,34,1972-09-10,8,54,0
455,7,1972,6,1972-09-10,14,46,0
466,7,1972,122,1972-09-10,16,33,0
474,7,1972,6,1972-09-10,7,54,0
480,7,1972,119,1972-09-10,9,54,0
482,7,1972,6,1972-09-10,20,16,0
483,7,1972,123,1972-09-10,23,14,0
484,7,1972,34,1972-09-10,6,55,1
485,7,1972,58,1972-09-10,1,55,9
486,7,1972,122,1972-09-10,19,20,0
487,7,1972,127,1972-09-10,24,6,0
488,7,1972,34,1972-09-10,12,51,0
491,7,1972,34,1972-09-10,11,52,0
497,7,1972,119,1972-09-10,10,54,0
499,7,1972,119,1972-09-10,13,50,0
505,7,1972,83,1972-09-10,22,14,0
506,7,1972,119,1972-09-10,21,15,0
507,7,1972,83,1972-09-10,17,20,0
277,29,1972,83,1972-09-24,8,79,0
404,29,1972,111,1972-09-24,6,79,1
423,29,1972,117,1972-09-24,2,80,6
430,29,1972,123,1972-09-24,1,80,9
438,29,1972,117,1972-09-24,3,80,4
450,29,1972,34,1972-09-24,21,21,0
455,29,1972,6,1972-09-24,12,76,0
466,29,1972,122,1972-09-24,24,2,0
471,29,1972,119,1972-09-24,13,73,0
472,29,1972,34,1972-09-24,22,20,0
480,29,1972,119,1972-09-24,16,61,0
482,29,1972,6,1972-09-24,5,80,2
483,29,1972,123,1972-09-24,18,51,0
484,29,1972,34,1972-09-24,19,25,0
485,29,1972,58,1972-09-24,11,78,0
486,29,1972,122,1972-09-24,7,79,0
488,29,1972,58,1972-09-24,14,65,0
491,29,1972,34,1972-09-24,10,78,0
492,29,1972,119,1972-09-24,20,24,0
497,29,1972,119,1972-09-24,17,59,0
499,29,1972,119,1972-09-24,15,64,0
505,29,1972,83,1972-09-24,4,80,3
506,29,1972,119,1972-09-24,9,78,0
507,29,1972,83,1972-09-24,23,5,0
277,21,1972,83,1972-10-08,11,57,0
404,21,1972,111,1972-10-08,15,57,0
407,21,1972,122,1972-10-08,17,56,0
423,21,1972,117,1972-10-08,18,54,0
430,21,1972,123,1972-10-08,1,59,9
438,21,1972,117,1972-10-08,3,59,4
450,21,1972,34,1972-10-08,25,40,0
455,21,1972,6,1972-10-08,5,59,2
466,21,1972,122,1972-10-08,28,25,0
467,21,1972,34,1972-10-08,26,34,0
470,21,1972,127,1972-10-08,31,8,0
471,21,1972,119,1972-10-08,14,57,0
474,21,1972,6,1972-10-08,6,58,1
480,21,1972,119,1972-10-08,4,59,3
482,21,1972,6,1972-10-08,8,58,0
483,21,1972,123,1972-10-08,2,59,6
484,21,1972,34,1972-10-08,21,47,0
485,21,1972,58,1972-10-08,30,17,0
486,21,1972,122,1972-10-08,29,22,0
488,21,1972,58,1972-10-08,10,57,0
491,21,1972,34,1972-10-08,22,44,0
492,21,1972,119,1972-10-08,16,57,0
494,21,1972,58,1972-10-08,23,44,0
497,21,1972,119,1972-10-08,13,57,0
499,21,1972,119,1972-10-08,19,49,0
504,21,1972,122,1972-10-08,12,57,0
505,21,1972,83,1972-10-08,27,31,0
506,21,1972,119,1972-10-08,20,48,0
507,21,1972,83,1972-10-08,24,43,0
508,21,1972,123,1972-10-08,7,58,0
511,21,1972,117,1972-10-08,9,58,0
407,12,1973,122,1973-01-28,17,10,0
423,12,1973,117,1973-01-28,8,92,0
430,12,1973,123,1973-01-28,3,96,4
438,12,1973,117,1973-01-28,5,95,2
450,12,1973,34,1973-01-28,12,79,0
455,12,1973,6,1973-01-28,4,96,3
480,12,1973,58,1973-01-28,14,67,0
482,12,1973,34,1973-01-28,7,93,0
483,12,1973,123,1973-01-28,2,96,6
485,12,1973,58,1973-01-28,1,96,9
487,12,1973,130,1973-01-28,19,0,0
491,12,1973,130,1973-01-28,13,79,0
497,12,1973,119,1973-01-28,10,90,0
499,12,1973,34,1973-01-28,15,66,0
500,12,1973,119,1973-01-28,11,84,0
505,12,1973,83,1973-01-28,16,16,0
506,12,1973,122,1973-01-28,18,10,0
507,12,1973,83,1973-01-28,6,95,1
509,12,1973,6,1973-01-28,9,92,0
407,37,1973,122,1973-02-11,16,6,0
423,37,1973,117,1973-02-11,20,3,0
430,37,1973,123,1973-02-11,2,40,6
438,37,1973,117,1973-02-11,3,40,4
450,37,1973,34,1973-02-11,13,23,0
455,37,1973,6,1973-02-11,5,39,2
480,37,1973,58,1973-02-11,18,5,0
482,37,1973,34,1973-02-11,6,39,1
483,37,1973,123,1973-02-11,10,38,0
485,37,1973,58,1973-02-11,1,40,9
487,37,1973,130,1973-02-11,9,38,0
491,37,1973,130,1973-02-11,7,39,0
497,37,1973,119,1973-02-11,14,18,0
499,37,1973,34,1973-02-11,8,38,0
500,37,1973,119,1973-02-11,17,6,0
505,37,1973,83,1973-02-11,11,38,0
506,37,1973,122,1973-02-11,15,9,0
507,37,1973,83,1973-02-11,19,5,0
509,37,1973,6,1973-02-11,4,39,3
512,37,1973,122,1973-02-11,12,36,0
407,27,1973,122,1973-03-03,25,2,0
423,27,1973,117,1973-03-03,2,79,6
430,27,1973,123,1973-03-03,1,79,9
433,27,1973,130,1973-03-03,18,35,0
434,27,1973,58,1973-03-03,22,3,0
438,27,1973,117,1973-03-03,5,77,2
450,27,1973,34,1973-03-03,21,4,0
454,27,1973,131,1973-03-03,20,14,0
455,27,1973,6,1973-03-03,24,2,0
466,27,1973,122,1973-03-03,8,77,0
480,27,1973,58,1973-03-03,11,73,0
482,27,1973,34,1973-03-03,23,2,0
483,27,1973,123,1973-03-03,15,66,0
485,27,1973,58,1973-03-03,3,79,4
491,27,1973,130,1973-03-03,10,73,0
497,27,1973,119,1973-03-03,16,65,0
499,27,1973,34,1973-03-03,19,26,0
500,27,1973,119,1973-03-03,14,66,0
505,27,1973,83,1973-03-03,7,77,0
506,27,1973,122,1973-03-03,12,69,0
507,27,1973,83,1973-03-03,17,52,0
509,27,1973,6,1973-03-03,4,78,3
511,27,1973,117,1973-03-03,9,75,0
513,27,1973,131,1973-03-03,6,77,1
514,27,1973,123,1973-03-03,13,67,0
277,32,1973,131,1973-04-29,18,27,0
407,32,1973,122,1973-04-29,19,25,0
423,32,1973,117,1973-04-29,4,74,3
430,32,1973,123,1973-04-29,16,47,0
438,32,1973,117,1973-04-29,6,74,1
450,32,1973,34,1973-04-29,5,74,2
454,32,1973,131,1973-04-29,20,23,0
455,32,1973,6,1973-04-29,12,69,0
466,32,1973,83,1973-04-29,21,17,0
471,32,1973,119,1973-04-29,8,73,0
480,32,1973,58,1973-04-29,15,56,0
482,32,1973,34,1973-04-29,9,69,0
483,32,1973,123,1973-04-29,2,75,6
485,32,1973,58,1973-04-29,1,75,9
487,32,1973,130,1973-04-29,11,69,0
491,32,1973,130,1973-04-29,14,63,0
497,32,1973,119,1973-04-29,7,74,0
499,32,1973,34,1973-04-29,17,28,0
505,32,1973,83,1973-04-29,13,66,0
506,32,1973,122,1973-04-29,22,13,0
507,32,1973,83,1973-04-29,10,69,0
513,32,1973,131,1973-04-29,3,75,4
277,38,1973,131,1973-05-20,9,65,0
404,38,1973,127,1973-05-20,6,67,1
407,38,1973,122,1973-05-20,23,4,0
423,38,1973,117,1973-05-20,16,33,0
430,38,1973,123,1973-05-20,1,70,9
438,38,1973,117,1973-05-20,7,67,0
450,38,1973,34,1973-05-20,13,56,0
454,38,1973,131,1973-05-20,20,11,0
455,38,1973,6,1973-05-20,21,6,0
466,38,1973,83,1973-05-20,4,69,3
480,38,1973,58,1973-05-20,15,42,0
482,38,1973,34,1973-05-20,10,63,0
483,38,1973,123,1973-05-20,2,70,6
485,38,1973,58,1973-05-20,3,70,4
487,38,1973,130,1973-05-20,22,6,0
491,38,1973,130,1973-05-20,17,16,0
497,38,1973,119,1973-05-20,11,63,0
499,38,1973,34,1973-05-20,5,69,2
500,38,1973,119,1973-05-20,12,60,0
505,38,1973,83,1973-05-20,18,14,0
506,38,1973,122,1973-05-20,8,66,0
507,38,1973,83,1973-05-20,14,46,0
513,38,1973,131,1973-05-20,19,13,0
277,2,1973,131,1973-06-03,13,62,0
404,2,1973,127,1973-06-03,23,22,0
407,2,1973,122,1973-06-03,8,75,0
423,2,1973,117,1973-06-03,5,76,2
430,2,1973,123,1973-06-03,1,78,9
438,2,1973,117,1973-06-03,6,76,1
450,2,1973,34,1973-06-03,18,39,0
454,2,1973,131,1973-06-03,10,72,0
455,2,1973,6,1973-06-03,16,44,0
466,2,1973,83,1973-06-03,7,75,0
480,2,1973,58,1973-06-03,3,77,4
482,2,1973,34,1973-06-03,24,15,0
483,2,1973,123,1973-06-03,4,77,3
485,2,1973,58,1973-06-03,2,78,6
487,2,1973,130,1973-06-03,21,30,0
491,2,1973,130,1973-06-03,17,41,0
497,2,1973,119,1973-06-03,25,3,0
499,2,1973,34,1973-06-03,22,24,0
500,2,1973,119,1973-06-03,12,67,0
505,2,1973,83,1973-06-03,15,46,0
506,2,1973,122,1973-06-03,19,31,0
507,2,1973,83,1973-06-03,11,71,0
509,2,1973,6,1973-06-03,14,58,0
515,2,1973,119,1973-06-03,9,73,0
516,2,1973,119,1973-06-03,20,31,0
277,39,1973,131,1973-06-17,19,16,0
407,39,1973,122,1973-06-17,17,41,0
423,39,1973,117,1973-06-17,7,79,0
430,39,1973,123,1973-06-17,5,80,2
438,39,1973,117,1973-06-17,1,80,9
450,39,1973,34,1973-06-17,15,57,0
454,39,1973,131,1973-06-17,16,50,0
455,39,1973,6,1973-06-17,6,79,1
480,39,1973,58,1973-06-17,2,80,6
482,39,1973,34,1973-06-17,9,77,0
483,39,1973,123,1973-06-17,3,80,4
485,39,1973,58,1973-06-17,12,76,0
488,39,1973,119,1973-06-17,21,0,0
491,39,1973,130,1973-06-17,11,77,0
497,39,1973,119,1973-06-17,8,78,0
499,39,1973,34,1973-06-17,13,75,0
500,39,1973,119,1973-06-17,18,38,0
505,39,1973,83,1973-06-17,4,80,3
506,39,1973,122,1973-06-17,10,77,0
507,39,1973,83,1973-06-17,20,0,0
513,39,1973,131,1973-06-17,14,74,0
277,35,1973,131,1973-07-01,10,53,0
407,35,1973,122,1973-07-01,19,29,0
430,35,1973,123,1973-07-01,4,54,3
438,35,1973,117,1973-07-01,8,54,0
450,35,1973,34,1973-07-01,11,53,0
454,35,1973,131,1973-07-01,25,0,0
455,35,1973,6,1973-07-01,5,54,2
466,35,1973,83,1973-07-01,20,28,0
471,35,1973,130,1973-07-01,23,16,0
480,35,1973,58,1973-07-01,1,54,9
482,35,1973,34,1973-07-01,12,53,0
483,35,1973,123,1973-07-01,2,54,6
485,35,1973,58,1973-07-01,18,41,0
488,35,1973,119,1973-07-01,21,20,0
491,35,1973,130,1973-07-01,14,51,0
499,35,1973,34,1973-07-01,9,54,0
500,35,1973,119,1973-07-01,24,7,0
505,35,1973,83,1973-07-01,3,54,4
506,35,1973,122,1973-07-01,13,51,0
507,35,1973,83,1973-07-01,16,50,0
509,35,1973,6,1973-07-01,7,54,0
511,35,1973,117,1973-07-01,17,43,0
513,35,1973,131,1973-07-01,22,16,0
515,35,1973,119,1973-07-01,6,54,1
517,35,1973,132,1973-07-01,15,51,0
277,1,1973,131,1973-07-14,17,24,0
404,1,1973,127,1973-07-14,18,6,0
407,1,1973,122,1973-07-14,20,0,0
423,1,1973,117,1973-07-14,1,67,9
430,1,1973,123,1973-07-14,10,66,0
438,1,1973,117,1973-07-14,3,67,4
450,1,1973,34,1973-07-14,23,0,0
454,1,1973,131,1973-07-14,27,0,0
455,1,1973,6,1973-07-14,8,67,0
466,1,1973,83,1973-07-14,24,0,0
480,1,1973,58,1973-07-14,2,67,6
482,1,1973,34,1973-07-14,7,67,0
483,1,1973,123,1973-07-14,5,67,2
485,1,1973,58,1973-07-14,15,36,0
491,1,1973,130,1973-07-14,9,66,0
497,1,1973,119,1973-07-14,11,65,0
499,1,1973,34,1973-07-14,12,63,0
505,1,1973,83,1973-07-14,6,67,1
506,1,1973,122,1973-07-14,22,0,0
507,1,1973,83,1973-07-14,14,44,0
511,1,1973,117,1973-07-14,19,0,0
513,1,1973,131,1973-07-14,26,0,0
515,1,1973,119,1973-07-14,4,67,3
516,1,1973,119,1973-07-14,29,0,0
517,1,1973,132,1973-07-14,13,61,0
518,1,1973,83,1973-07-14,16,36,0
519,1,1973,122,1973-07-14,21,0,0
520,1,1973,119,1973-07-14,25,0,0
521,1,1973,130,1973-07-14,28,0,0
277,11,1973,131,1973-07-29,12,56,0
404,11,1973,127,1973-07-29,17,22,0
407,11,1973,122,1973-07-29,14,52,0
423,11,1973,117,1973-07-29,4,72,3
430,11,1973,123,1973-07-29,1,72,9
438,11,1973,117,1973-07-29,15,31,0
450,11,1973,34,1973-07-29,5,72,2
454,11,1973,131,1973-07-29,23,1,0
480,11,1973,58,1973-07-29,11,66,0
482,11,1973,34,1973-07-29,8,68,0
483,11,1973,123,1973-07-29,2,72,6
485,11,1973,58,1973-07-29,21,2,0
491,11,1973,130,1973-07-29,9,68,0
493,11,1973,130,1973-07-29,6,70,1
497,11,1973,119,1973-07-29,22,2,0
499,11,1973,34,1973-07-29,13,52,0
505,11,1973,83,1973-07-29,18,9,0
506,11,1973,122,1973-07-29,7,69,0
507,11,1973,83,1973-07-29,16,27,0
513,11,1973,131,1973-07-29,10,67,0
515,11,1973,119,1973-07-29,3,72,4
516,11,1973,119,1973-07-29,19,8,0
517,11,1973,132,1973-07-29,24,0,0
520,11,1973,119,1973-07-29,20,7,0
277,8,1973,131,1973-08-05,13,14,0
407,8,1973,122,1973-08-05,14,13,0
423,8,1973,117,1973-08-05,9,14,0
430,8,1973,123,1973-08-05,1,14,9
438,8,1973,117,1973-08-05,12,14,0
450,8,1973,34,1973-08-05,20,4,0
454,8,1973,131,1973-08-05,8,14,0
455,8,1973,117,1973-08-05,3,14,4
471,8,1973,130,1973-08-05,10,14,0
478,8,1973,83,1973-08-05,11,14,0
480,8,1973,58,1973-08-05,22,0,0
482,8,1973,34,1973-08-05,18,7,0
483,8,1973,123,1973-08-05,2,14,6
485,8,1973,58,1973-08-05,6,14,1
497,8,1973,119,1973-08-05,16,13,0
499,8,1973,34,1973-08-05,21,1,0
505,8,1973,83,1973-08-05,17,7,0
506,8,1973,122,1973-08-05,4,14,3
507,8,1973,83,1973-08-05,5,14,2
513,8,1973,131,1973-08-05,19,5,0
516,8,1973,119,1973-08-05,15,13,0
519,8,1973,122,1973-08-05,7,14,0
277,34,1973,131,1973-08-19,16,28,0
407,34,1973,122,1973-08-19,10,49,0
423,34,1973,117,1973-08-19,22,0,0
430,34,1973,123,1973-08-19,2,54,6
438,34,1973,117,1973-08-19,8,53,0
450,34,1973,34,1973-08-19,5,54,2
454,34,1973,131,1973-08-19,19,9,0
478,34,1973,83,1973-08-19,18,21,0
480,34,1973,58,1973-08-19,1,54,9
482,34,1973,34,1973-08-19,6,54,1
483,34,1973,123,1973-08-19,20,6,0
485,34,1973,58,1973-08-19,11,48,0
491,34,1973,130,1973-08-19,12,44,0
493,34,1973,130,1973-08-19,9,52,0
497,34,1973,119,1973-08-19,23,0,0
500,34,1973,119,1973-08-19,13,37,0
505,34,1973,83,1973-08-19,4,54,3
506,34,1973,122,1973-08-19,3,54,4
507,34,1973,83,1973-08-19,15,31,0
509,34,1973,6,1973-08-19,7,53,0
513,34,1973,131,1973-08-19,17,23,0
515,34,1973,119,1973-08-19,21,3,0
517,34,1973,132,1973-08-19,14,34,0
277,7,1973,131,1973-09-09,14,54,0
407,7,1973,122,1973-09-09,7,55,0
423,7,1973,117,1973-09-09,3,55,4
430,7,1973,123,1973-09-09,4,55,3
438,7,1973,117,1973-09-09,15,53,0
450,7,1973,34,1973-09-09,13,54,0
454,7,1973,131,1973-09-09,11,54,0
455,7,1973,6,1973-09-09,8,54,0
478,7,1973,83,1973-09-09,12,54,0
480,7,1973,58,1973-09-09,1,55,9
482,7,1973,34,1973-09-09,19,30,0
483,7,1973,123,1973-09-09,5,55,2
485,7,1973,58,1973-09-09,2,55,6
491,7,1973,130,1973-09-09,16,44,0
493,7,1973,130,1973-09-09,21,14,0
497,7,1973,119,1973-09-09,17,34,0
499,7,1973,34,1973-09-09,18,33,0
505,7,1973,83,1973-09-09,6,55,1
506,7,1973,122,1973-09-09,20,17,0
507,7,1973,83,1973-09-09,23,6,0
509,7,1973,6,1973-09-09,24,2,0
513,7,1973,131,1973-09-09,10,54,0
515,7,1973,119,1973-09-09,25,0,0
516,7,1973,119,1973-09-09,9,54,0
517,7,1973,132,1973-09-09,22,10,0
277,29,1973,131,1973-09-23,16,73,0
404,29,1973,123,1973-09-23,10,77,0
407,29,1973,122,1973-09-23,9,78,0
423,29,1973,117,1973-09-23,1,80,9
430,29,1973,123,1973-09-23,5,79,2
438,29,1973,117,1973-09-23,13,75,0
450,29,1973,34,1973-09-23,4,80,3
454,29,1973,131,1973-09-23,3,80,4
478,29,1973,83,1973-09-23,12,76,0
480,29,1973,58,1973-09-23,25,16,0
483,29,1973,123,1973-09-23,23,32,0
484,29,1973,34,1973-09-23,26,5,0
485,29,1973,58,1973-09-23,2,80,6
486,29,1973,130,1973-09-23,14,75,0
491,29,1973,130,1973-09-23,6,79,1
497,29,1973,119,1973-09-23,24,20,0
499,29,1973,34,1973-09-23,21,62,0
500,29,1973,119,1973-09-23,19,71,0
505,29,1973,83,1973-09-23,8,78,0
506,29,1973,122,1973-09-23,18,72,0
507,29,1973,83,1973-09-23,11,77,0
509,29,1973,6,1973-09-23,15,75,0
511,29,1973,117,1973-09-23,22,32,0
513,29,1973,131,1973-09-23,17,73,0
515,29,1973,119,1973-09-23,7,78,0
517,29,1973,132,1973-09-23,20,68,0
277,21,1973,131,1973-10-07,13,57,0
404,21,1973,123,1973-10-07,27,0,0
407,21,1973,122,1973-10-07,21,34,0
423,21,1973,117,1973-10-07,5,59,2
430,21,1973,123,1973-10-07,26,0,0
438,21,1973,117,1973-10-07,4,59,3
450,21,1973,34,1973-10-07,9,58,0
454,21,1973,131,1973-10-07,15,55,0
455,21,1973,130,1973-10-07,7,58,0
467,21,1973,131,1973-10-07,24,5,0
480,21,1973,58,1973-10-07,1,59,9
482,21,1973,34,1973-10-07,8,58,0
483,21,1973,123,1973-10-07,28,0,0
485,21,1973,58,1973-10-07,6,59,1
491,21,1973,130,1973-10-07,12,57,0
497,21,1973,119,1973-10-07,10,58,0
499,21,1973,34,1973-10-07,20,35,0
500,21,1973,119,1973-10-07,11,57,0
505,21,1973,83,1973-10-07,3,59,4
506,21,1973,122,1973-10-07,22,32,0
507,21,1973,83,1973-10-07,17,52,0
509,21,1973,6,1973-10-07,16,55,0
511,21,1973,117,1973-10-07,18,39,0
513,21,1973,131,1973-10-07,14,57,0
515,21,1973,119,1973-10-07,2,59,6
517,21,1973,132,1973-10-07,25,0,0
518,21,1973,83,1973-10-07,23,7,0
519,21,1973,122,1973-10-07,19,35,0
277,12,1974,81,1974-01-13,14,45,0
407,12,1974,117,1974-01-13,4,53,3
423,12,1974,131,1974-01-13,24,1,0
438,12,1974,117,1974-01-13,1,53,9
450,12,1974,34,1974-01-13,5,53,2
455,12,1974,58,1974-01-13,15,36,0
471,12,1974,34,1974-01-13,9,52,0
480,12,1974,58,1974-01-13,13,48,0
482,12,1974,6,1974-01-13,3,53,4
485,12,1974,117,1974-01-13,10,52,0
491,12,1974,119,1974-01-13,8,52,0
499,12,1974,6,1974-01-13,2,53,6
500,12,1974,131,1974-01-13,25,0,0
505,12,1974,83,1974-01-13,7,52,0
506,12,1974,122,1974-01-13,20,21,0
508,12,1974,123,1974-01-13,6,53,1
509,12,1974,130,1974-01-13,21,19,0
510,12,1974,34,1974-01-13,18,31,0
511,12,1974,123,1974-01-13,19,25,0
515,12,1974,119,1974-01-13,22,11,0
518,12,1974,83,1974-01-13,12,49,0
519,12,1974,122,1974-01-13,23,10,0
522,12,1974,81,1974-01-13,11,51,0
523,12,1974,83,1974-01-13,16,36,0
524,12,1974,119,1974-01-13,17,31,0
277,37,1974,81,1974-01-27,11,31,0
407,37,1974,117,1974-01-27,5,31,2
423,37,1974,131,1974-01-27,22,10,0
438,37,1974,117,1974-01-27,12,31,0
450,37,1974,34,1974-01-27,10,31,0
455,37,1974,58,1974-01-27,3,31,4
471,37,1974,34,1974-01-27,14,30,0
480,37,1974,58,1974-01-27,6,31,1
482,37,1974,6,1974-01-27,2,32,6
485,37,1974,117,1974-01-27,1,32,9
491,37,1974,119,1974-01-27,23,8,0
499,37,1974,6,1974-01-27,24,2,0
500,37,1974,131,1974-01-27,20,21,0
505,37,1974,83,1974-01-27,7,31,0
506,37,1974,122,1974-01-27,4,31,3
508,37,1974,123,1974-01-27,8,31,0
509,37,1974,130,1974-01-27,21,20,0
510,37,1974,34,1974-01-27,16,30,0
511,37,1974,123,1974-01-27,13,31,0
515,37,1974,119,1974-01-27,9,31,0
518,37,1974,83,1974-01-27,18,27,0
519,37,1974,122,1974-01-27,17,30,0
522,37,1974,81,1974-01-27,25,2,0
523,37,1974,83,1974-01-27,15,30,0
524,37,1974,119,1974-01-27,19,24,0
277,27,1974,81,1974-03-30,12,77,0
407,27,1974,117,1974-03-30,3,78,4
422,27,1974,58,1974-03-30,25,6,0
434,27,1974,117,1974-03-30,19,71,0
438,27,1974,117,1974-03-30,9,77,0
450,27,1974,34,1974-03-30,2,78,6
455,27,1974,58,1974-03-30,22,31,0
471,27,1974,34,1974-03-30,18,72,0
480,27,1974,58,1974-03-30,26,2,0
482,27,1974,6,1974-03-30,20,65,0
485,27,1974,117,1974-03-30,7,78,0
499,27,1974,6,1974-03-30,16,74,0
505,27,1974,83,1974-03-30,1,78,9
506,27,1974,122,1974-03-30,11,77,0
508,27,1974,123,1974-03-30,4,78,3
509,27,1974,130,1974-03-30,6,78,1
510,27,1974,34,1974-03-30,15,75,0
511,27,1974,123,1974-03-30,8,78,0
514,27,1974,123,1974-03-30,14,76,0
515,27,1974,133,1974-03-30,23,13,0
518,27,1974,83,1974-03-30,21,54,0
519,27,1974,122,1974-03-30,24,11,0
523,27,1974,83,1974-03-30,17,74,0
524,27,1974,119,1974-03-30,5,78,2
525,27,1974,119,1974-03-30,10,77,0
526,27,1974,58,1974-03-30,13,76,0
527,27,1974,130,1974-03-30,27,0,0
277,30,1974,81,1974-04-28,16,43,0
404,30,1974,134,1974-04-28,22,22,0
407,30,1974,117,1974-04-28,9,81,0
438,30,1974,117,1974-04-28,6,82,1
450,30,1974,34,1974-04-28,25,2,0
455,30,1974,58,1974-04-28,20,26,0
467,30,1974,131,1974-04-28,7,81,0
471,30,1974,34,1974-04-28,12,80,0
480,30,1974,58,1974-04-28,21,23,0
482,30,1974,6,1974-04-28,2,84,6
485,30,1974,117,1974-04-28,3,83,4
486,30,1974,135,1974-04-28,14,76,0
499,30,1974,6,1974-04-28,1,84,9
500,30,1974,131,1974-04-28,15,73,0
505,30,1974,83,1974-04-28,24,12,0
506,30,1974,122,1974-04-28,13,78,0
508,30,1974,123,1974-04-28,8,81,0
509,30,1974,130,1974-04-28,17,37,0
510,30,1974,34,1974-04-28,19,27,0
511,30,1974,123,1974-04-28,5,82,2
515,30,1974,133,1974-04-28,10,81,0
517,30,1974,83,1974-04-28,23,14,0
518,30,1974,83,1974-04-28,11,80,0
519,30,1974,122,1974-04-28,18,35,0
524,30,1974,119,1974-04-28,4,82,3
277,36,1974,81,1974-05-12,8,83,0
407,36,1974,117,1974-05-12,7,84,0
438,36,1974,117,1974-05-12,6,85,1
450,36,1974,34,1974-05-12,5,85,2
455,36,1974,58,1974-05-12,19,72,0
467,36,1974,131,1974-05-12,18,80,0
471,36,1974,34,1974-05-12,30,12,0
480,36,1974,58,1974-05-12,22,56,0
482,36,1974,6,1974-05-12,4,85,3
485,36,1974,117,1974-05-12,1,85,9
486,36,1974,135,1974-05-12,10,83,0
493,36,1974,130,1974-05-12,14,82,0
499,36,1974,6,1974-05-12,2,85,6
500,36,1974,131,1974-05-12,13,82,0
505,36,1974,83,1974-05-12,21,62,0
506,36,1974,122,1974-05-12,26,50,0
508,36,1974,123,1974-05-12,23,53,0
509,36,1974,130,1974-05-12,29,29,0
510,36,1974,34,1974-05-12,16,82,0
511,36,1974,123,1974-05-12,3,85,4
515,36,1974,133,1974-05-12,28,45,0
517,36,1974,83,1974-05-12,27,49,0
518,36,1974,83,1974-05-12,11,83,0
519,36,1974,122,1974-05-12,24,53,0
522,36,1974,81,1974-05-12,12,82,0
524,36,1974,119,1974-05-12,31,6,0
525,36,1974,119,1974-05-12,9,83,0
528,36,1974,132,1974-05-12,15,82,0
529,36,1974,83,1974-05-12,17,81,0
530,36,1974,136,1974-05-12,20,66,0
531,36,1974,83,1974-05-12,25,53,0
277,2,1974,81,1974-05-26,7,76,0
404,2,1974,134,1974-05-26,27,0,0
407,2,1974,117,1974-05-26,14,11,0
438,2,1974,117,1974-05-26,20,0,0
450,2,1974,34,1974-05-26,19,0,0
455,2,1974,58,1974-05-26,11,34,0
467,2,1974,131,1974-05-26,23,0,0
471,2,1974,34,1974-05-26,10,62,0
480,2,1974,58,1974-05-26,1,78,9
482,2,1974,6,1974-05-26,4,78,3
485,2,1974,117,1974-05-26,5,77,2
486,2,1974,135,1974-05-26,25,0,0
499,2,1974,6,1974-05-26,12,32,0
500,2,1974,131,1974-05-26,3,78,4
505,2,1974,83,1974-05-26,15,5,0
506,2,1974,122,1974-05-26,24,0,0
508,2,1974,123,1974-05-26,9,74,0
509,2,1974,130,1974-05-26,21,0,0
510,2,1974,34,1974-05-26,16,4,0
511,2,1974,123,1974-05-26,2,78,6
515,2,1974,133,1974-05-26,13,27,0
518,2,1974,83,1974-05-26,6,77,1
519,2,1974,122,1974-05-26,26,0,0
522,2,1974,81,1974-05-26,8,75,0
524,2,1974,119,1974-05-26,18,3,0
525,2,1974,119,1974-05-26,22,0,0
528,2,1974,132,1974-05-26,17,4,0
277,39,1974,81,1974-06-09,6,79,1
407,39,1974,117,1974-06-09,23,5,0
438,39,1974,117,1974-06-09,15,56,0
450,39,1974,34,1974-06-09,24,3,0
455,39,1974,58,1974-06-09,18,27,0
471,39,1974,34,1974-06-09,26,0,0
480,39,1974,58,1974-06-09,21,8,0
482,39,1974,6,1974-06-09,19,24,0
485,39,1974,117,1974-06-09,4,80,3
488,39,1974,119,1974-06-09,14,59,0
499,39,1974,6,1974-06-09,13,70,0
500,39,1974,131,1974-06-09,5,80,2
505,39,1974,83,1974-06-09,17,30,0
506,39,1974,122,1974-06-09,20,15,0
508,39,1974,123,1974-06-09,2,80,6
511,39,1974,123,1974-06-09,1,80,9
515,39,1974,133,1974-06-09,3,80,4
517,39,1974,83,1974-06-09,9,79,0
518,39,1974,83,1974-06-09,11,77,0
519,39,1974,122,1974-06-09,16,53,0
522,39,1974,81,1974-06-09,7,79,0
525,39,1974,119,1974-06-09,10,78,0
527,39,1974,130,1974-06-09,8,79,0
528,39,1974,132,1974-06-09,12,77,0
532,39,1974,122,1974-06-09,22,8,0
533,39,1974,131,1974-06-09,25,2,0
277,11,1974,81,1974-06-23,20,16,0
407,11,1974,117,1974-06-23,4,75,3
438,11,1974,117,1974-06-23,14,65,0
450,11,1974,34,1974-06-23,19,18,0
455,11,1974,58,1974-06-23,11,71,0
471,11,1974,34,1974-06-23,21,15,0
480,11,1974,58,1974-06-23,8,73,0
482,11,1974,6,1974-06-23,2,75,6
485,11,1974,117,1974-06-23,3,75,4
499,11,1974,6,1974-06-23,1,75,9
500,11,1974,131,1974-06-23,18,28,0
505,11,1974,83,1974-06-23,12,71,0
508,11,1974,123,1974-06-23,6,75,1
509,11,1974,130,1974-06-23,16,54,0
510,11,1974,34,1974-06-23,15,60,0
511,11,1974,123,1974-06-23,5,75,2
515,11,1974,133,1974-06-23,23,2,0
517,11,1974,83,1974-06-23,9,73,0
518,11,1974,83,1974-06-23,7,75,0
519,11,1974,122,1974-06-23,22,8,0
522,11,1974,81,1974-06-23,17,36,0
524,11,1974,119,1974-06-23,25,0,0
525,11,1974,119,1974-06-23,10,72,0
528,11,1974,132,1974-06-23,13,69,0
530,11,1974,131,1974-06-23,24,0,0
277,40,1974,81,1974-07-07,13,78,0
407,40,1974,117,1974-07-07,7,79,0
438,40,1974,117,1974-07-07,6,80,1
450,40,1974,34,1974-07-07,10,79,0
455,40,1974,58,1974-07-07,5,80,2
471,40,1974,34,1974-07-07,21,1,0
480,40,1974,58,1974-07-07,1,80,9
482,40,1974,6,1974-07-07,3,80,4
485,40,1974,117,1974-07-07,17,27,0
499,40,1974,6,1974-07-07,2,80,6
500,40,1974,131,1974-07-07,12,79,0
505,40,1974,83,1974-07-07,18,24,0
508,40,1974,123,1974-07-07,8,79,0
509,40,1974,130,1974-07-07,9,79,0
510,40,1974,34,1974-07-07,14,78,0
511,40,1974,123,1974-07-07,4,80,3
515,40,1974,133,1974-07-07,22,0,0
518,40,1974,83,1974-07-07,16,76,0
519,40,1974,122,1974-07-07,19,4,0
522,40,1974,81,1974-07-07,15,77,0
525,40,1974,119,1974-07-07,11,79,0
530,40,1974,131,1974-07-07,20,1,0
277,24,1974,81,1974-07-20,13,69,0
407,24,1974,117,1974-07-20,17,57,0
438,24,1974,117,1974-07-20,7,74,0
450,24,1974,34,1974-07-20,12,72,0
455,24,1974,58,1974-07-20,3,75,4
471,24,1974,34,1974-07-20,15,64,0
480,24,1974,58,1974-07-20,10,73,0
482,24,1974,6,1974-07-20,4,75,3
484,24,1974,81,1974-07-20,25,0,0
485,24,1974,117,1974-07-20,2,75,6
486,24,1974,135,1974-07-20,23,6,0
499,24,1974,6,1974-07-20,5,74,2
500,24,1974,131,1974-07-20,18,45,0
505,24,1974,83,1974-07-20,6,74,1
506,24,1974,83,1974-07-20,9,74,0
508,24,1974,123,1974-07-20,20,35,0
509,24,1974,130,1974-07-20,21,25,0
510,24,1974,34,1974-07-20,16,62,0
511,24,1974,123,1974-07-20,1,75,9
515,24,1974,133,1974-07-20,24,2,0
518,24,1974,83,1974-07-20,11,73,0
519,24,1974,122,1974-07-20,14,68,0
524,24,1974,119,1974-07-20,19,36,0
525,24,1974,119,1974-07-20,22,17,0
530,24,1974,131,1974-07-20,8,74,0
277,8,1974,81,1974-08-04,9,14,0
407,8,1974,117,1974-08-04,15,12,0
438,8,1974,117,1974-08-04,26,0,0
450,8,1974,34,1974-08-04,20,4,0
455,8,1974,58,1974-08-04,5,14,2
470,8,1974,122,1974-08-04,11,14,0
471,8,1974,34,1974-08-04,10,14,0
480,8,1974,58,1974-08-04,4,14,3
482,8,1974,6,1974-08-04,1,14,9
485,8,1974,117,1974-08-04,22,2,0
499,8,1974,6,1974-08-04,25,0,0
500,8,1974,131,1974-08-04,8,14,0
505,8,1974,83,1974-08-04,3,14,4
506,8,1974,83,1974-08-04,12,14,0
508,8,1974,123,1974-08-04,18,5,0
509,8,1974,130,1974-08-04,19,5,0
511,8,1974,123,1974-08-04,2,14,6
515,8,1974,133,1974-08-04,17,10,0
518,8,1974,83,1974-08-04,24,1,0
519,8,1974,122,1974-08-04,16,10,0
524,8,1974,119,1974-08-04,7,14,0
525,8,1974,119,1974-08-04,13,14,0
528,8,1974,132,1974-08-04,21,4,0
530,8,1974,131,1974-08-04,6,14,1
539,8,1974,136,1974-08-04,14,13,0
540,8,1974,130,1974-08-04,23,2,0
277,34,1974,81,1974-08-18,12,48,0
438,34,1974,117,1974-08-18,2,54,6
450,34,1974,34,1974-08-18,22,22,0
451,34,1974,117,1974-08-18,7,53,0
455,34,1974,58,1974-08-18,15,43,0
478,34,1974,81,1974-08-18,24,14,0
480,34,1974,58,1974-08-18,14,45,0
482,34,1974,6,1974-08-18,5,54,2
485,34,1974,117,1974-08-18,18,37,0
486,34,1974,135,1974-08-18,10,50,0
499,34,1974,6,1974-08-18,23,17,0
500,34,1974,131,1974-08-18,8,52,0
505,34,1974,83,1974-08-18,1,54,9
506,34,1974,83,1974-08-18,17,41,0
508,34,1974,123,1974-08-18,16,42,0
509,34,1974,130,1974-08-18,20,24,0
511,34,1974,123,1974-08-18,25,8,0
515,34,1974,133,1974-08-18,3,54,4
518,34,1974,83,1974-08-18,4,54,3
524,34,1974,119,1974-08-18,11,48,0
525,34,1974,119,1974-08-18,6,54,1
530,34,1974,131,1974-08-18,21,22,0
539,34,1974,136,1974-08-18,13,46,0
540,34,1974,130,1974-08-18,19,37,0
542,34,1974,122,1974-08-18,9,51,0
277,7,1974,81,1974-09-08,8,51,0
438,7,1974,117,1974-09-08,6,51,1
450,7,1974,34,1974-09-08,25,0,0
451,7,1974,117,1974-09-08,9,51,0
455,7,1974,58,1974-09-08,14,30,0
471,7,1974,34,1974-09-08,22,3,0
478,7,1974,81,1974-09-08,15,25,0
480,7,1974,58,1974-09-08,1,52,9
482,7,1974,6,1974-09-08,12,40,0
485,7,1974,117,1974-09-08,2,52,6
486,7,1974,135,1974-09-08,19,15,0
499,7,1974,6,1974-09-08,13,32,0
500,7,1974,131,1974-09-08,17,19,0
505,7,1974,83,1974-09-08,20,12,0
506,7,1974,83,1974-09-08,5,51,2
508,7,1974,123,1974-09-08,11,50,0
509,7,1974,130,1974-09-08,4,52,3
510,7,1974,34,1974-09-08,24,1,0
511,7,1974,123,1974-09-08,3,52,4
515,7,1974,133,1974-09-08,23,2,0
518,7,1974,83,1974-09-08,7,51,0
524,7,1974,119,1974-09-08,21,11,0
525,7,1974,119,1974-09-08,18,16,0
530,7,1974,131,1974-09-08,10,50,0
540,7,1974,130,1974-09-08,16,22,0
277,29,1974,81,1974-09-22,14,77,0
404,29,1974,34,1974-09-22,17,70,0
438,29,1974,117,1974-09-22,6,79,1
450,29,1974,34,1974-09-22,21,60,0
455,29,1974,58,1974-09-22,13,78,0
461,29,1974,83,1974-09-22,25,33,0
474,29,1974,140,1974-09-22,7,79,0
478,29,1974,81,1974-09-22,11,78,0
480,29,1974,58,1974-09-22,3,80,4
482,29,1974,6,1974-09-22,2,80,6
485,29,1974,117,1974-09-22,1,80,9
499,29,1974,6,1974-09-22,18,67,0
500,29,1974,131,1974-09-22,23,46,0
501,29,1974,139,1974-09-22,12,78,0
505,29,1974,83,1974-09-22,9,79,0
506,29,1974,83,1974-09-22,8,79,0
508,29,1974,123,1974-09-22,5,80,2
509,29,1974,130,1974-09-22,24,40,0
511,29,1974,123,1974-09-22,22,48,0
515,29,1974,133,1974-09-22,4,80,3
518,29,1974,83,1974-09-22,20,61,0
519,29,1974,117,1974-09-22,16,72,0
524,29,1974,119,1974-09-22,26,12,0
530,29,1974,131,1974-09-22,19,65,0
540,29,1974,130,1974-09-22,15,74,0
543,29,1974,122,1974-09-22,10,78,0
277,21,1974,81,1974-10-06,8,58,0
404,21,1974,34,1974-10-06,9,57,0
438,21,1974,117,1974-10-06,27,4,0
455,21,1974,58,1974-10-06,24,7,0
474,21,1974,140,1974-10-06,26,4,0
478,21,1974,81,1974-10-06,12,54,0
480,21,1974,58,1974-10-06,13,52,0
482,21,1974,6,1974-10-06,11,55,0
485,21,1974,117,1974-10-06,4,59,3
486,21,1974,58,1974-10-06,25,6,0
499,21,1974,6,1974-10-06,18,38,0
500,21,1974,131,1974-10-06,10,57,0
501,21,1974,139,1974-10-06,20,27,0
505,21,1974,83,1974-10-06,1,59,9
506,21,1974,83,1974-10-06,2,59,6
508,21,1974,123,1974-10-06,6,59,1
509,21,1974,130,1974-10-06,17,43,0
511,21,1974,123,1974-10-06,16,44,0
515,21,1974,133,1974-10-06,3,59,4
518,21,1974,83,1974-10-06,5,59,2
519,21,1974,117,1974-10-06,7,59,0
525,21,1974,119,1974-10-06,22,21,0
530,21,1974,131,1974-10-06,15,47,0
535,21,1974,122,1974-10-06,21,25,0
538,21,1974,132,1974-10-06,14,50,0
540,21,1974,130,1974-10-06,19,31,0
543,21,1974,122,1974-10-06,23,9,0
277,12,1975,81,1975-01-12,10,52,0
455,12,1975,58,1975-01-12,8,52,0
474,12,1975,140,1975-01-12,17,27,0
478,12,1975,81,1975-01-12,13,51,0
480,12,1975,58,1975-01-12,19,15,0
482,12,1975,6,1975-01-12,4,53,3
485,12,1975,117,1975-01-12,1,53,9
499,12,1975,6,1975-01-12,6,53,1
500,12,1975,143,1975-01-12,23,0,0
501,12,1975,139,1975-01-12,7,52,0
505,12,1975,83,1975-01-12,3,53,4
506,12,1975,83,1975-01-12,15,46,0
507,12,1975,142,1975-01-12,21,12,0
508,12,1975,123,1975-01-12,5,53,2
509,12,1975,141,1975-01-12,16,44,0
511,12,1975,123,1975-01-12,11,52,0
515,12,1975,133,1975-01-12,2,53,6
518,12,1975,122,1975-01-12,22,6,0
519,12,1975,117,1975-01-12,14,50,0
525,12,1975,119,1975-01-12,9,52,0
530,12,1975,143,1975-01-12,12,51,0
538,12,1975,34,1975-01-12,18,24,0
540,12,1975,141,1975-01-12,20,15,0
277,37,1975,81,1975-01-26,12,39,0
455,37,1975,58,1975-01-26,9,40,0
474,37,1975,140,1975-01-26,7,40,0
478,37,1975,81,1975-01-26,14,39,0
480,37,1975,58,1975-01-26,15,38,0
482,37,1975,6,1975-01-26,4,40,3
485,37,1975,117,1975-01-26,2,40,6
499,37,1975,6,1975-01-26,5,40,2
500,37,1975,143,1975-01-26,16,32,0
501,37,1975,139,1975-01-26,20,22,0
505,37,1975,83,1975-01-26,8,40,0
506,37,1975,83,1975-01-26,1,40,9
507,37,1975,142,1975-01-26,13,39,0
508,37,1975,123,1975-01-26,17,31,0
509,37,1975,141,1975-01-26,19,24,0
511,37,1975,123,1975-01-26,22,18,0
515,37,1975,133,1975-01-26,6,40,1
518,37,1975,122,1975-01-26,10,40,0
519,37,1975,117,1975-01-26,3,40,4
525,37,1975,119,1975-01-26,23,1,0
530,37,1975,143,1975-01-26,18,31,0
538,37,1975,34,1975-01-26,21,22,0
540,37,1975,141,1975-01-26,11,39,0
434,27,1975,117,1975-03-01,14,76,0
455,27,1975,58,1975-03-01,12,76,0
474,27,1975,140,1975-03-01,17,70,0
478,27,1975,144,1975-03-01,7,78,0
480,27,1975,58,1975-03-01,10,77,0
482,27,1975,6,1975-03-01,16,71,0
485,27,1975,117,1975-03-01,19,65,0
499,27,1975,6,1975-03-01,5,78,2
500,27,1975,143,1975-03-01,22,37,0
501,27,1975,139,1975-03-01,8,77,0
505,27,1975,83,1975-03-01,2,78,6
506,27,1975,83,1975-03-01,4,78,3
508,27,1975,123,1975-03-01,3,78,4
509,27,1975,141,1975-03-01,24,22,0
511,27,1975,123,1975-03-01,1,78,9
514,27,1975,58,1975-03-01,13,76,0
515,27,1975,133,1975-03-01,21,53,0
518,27,1975,122,1975-03-01,25,19,0
519,27,1975,117,1975-03-01,6,78,1
525,27,1975,119,1975-03-01,26,16,0
526,27,1975,123,1975-03-01,20,55,0
530,27,1975,143,1975-03-01,9,77,0
536,27,1975,119,1975-03-01,23,23,0
540,27,1975,141,1975-03-01,18,69,0
545,27,1975,58,1975-03-01,11,76,0
546,27,1975,34,1975-03-01,15,76,0
455,32,1975,58,1975-04-27,2,29,3
474,32,1975,140,1975-04-27,16,16,0
478,32,1975,81,1975-04-27,10,25,0
480,32,1975,58,1975-04-27,13,23,0
482,32,1975,6,1975-04-27,9,25,0
485,32,1975,117,1975-04-27,26,0,0
499,32,1975,6,1975-04-27,25,0,0
500,32,1975,143,1975-04-27,4,28,1.5
501,32,1975,139,1975-04-27,20,3,0
505,32,1975,83,1975-04-27,3,28,2
506,32,1975,83,1975-04-27,11,25,0
507,32,1975,142,1975-04-27,23,1,0
508,32,1975,123,1975-04-27,22,1,0
509,32,1975,141,1975-04-27,24,1,0
510,32,1975,81,1975-04-27,15,18,0
511,32,1975,123,1975-04-27,19,3,0
515,32,1975,133,1975-04-27,18,6,0
518,32,1975,122,1975-04-27,8,26,0
519,32,1975,117,1975-04-27,1,29,4.5
525,32,1975,119,1975-04-27,5,28,1
530,32,1975,143,1975-04-27,12,23,0
536,32,1975,119,1975-04-27,6,27,0.5
546,32,1975,34,1975-04-27,17,7,0
547,32,1975,141,1975-04-27,7,27,0
548,32,1975,132,1975-04-27,14,20,0
549,32,1975,133,1975-04-27,21,3,0
455,2,1975,58,1975-05-11,8,74,0
474,2,1975,140,1975-05-11,17,9,0
480,2,1975,58,1975-05-11,4,75,3
482,2,1975,6,1975-05-11,15,36,0
485,2,1975,117,1975-05-11,2,75,6
499,2,1975,6,1975-05-11,1,75,9
500,2,1975,143,1975-05-11,18,0,0
501,2,1975,139,1975-05-11,10,66,0
505,2,1975,83,1975-05-11,9,73,0
506,2,1975,83,1975-05-11,3,75,4
508,2,1975,123,1975-05-11,5,75,2
511,2,1975,123,1975-05-11,7,74,0
515,2,1975,133,1975-05-11,11,63,0
518,2,1975,122,1975-05-11,16,36,0
519,2,1975,117,1975-05-11,6,75,1
525,2,1975,119,1975-05-11,13,48,0
530,2,1975,143,1975-05-11,14,39,0
549,2,1975,133,1975-05-11,12,61,0
455,38,1975,58,1975-05-25,15,52,0
480,38,1975,58,1975-05-25,16,36,0
482,38,1975,6,1975-05-25,5,70,2
485,38,1975,117,1975-05-25,7,69,0
499,38,1975,6,1975-05-25,1,70,9
500,38,1975,143,1975-05-25,21,13,0
501,38,1975,139,1975-05-25,11,67,0
505,38,1975,83,1975-05-25,3,70,4
506,38,1975,83,1975-05-25,8,69,0
507,38,1975,142,1975-05-25,12,67,0
508,38,1975,123,1975-05-25,4,70,3
509,38,1975,141,1975-05-25,22,2,0
510,38,1975,144,1975-05-25,13,57,0
511,38,1975,123,1975-05-25,2,70,6
515,38,1975,133,1975-05-25,20,15,0
518,38,1975,122,1975-05-25,10,68,0
519,38,1975,117,1975-05-25,24,0,0
525,38,1975,119,1975-05-25,14,54,0
530,38,1975,143,1975-05-25,6,70,1
536,38,1975,119,1975-05-25,18,18,0
540,38,1975,141,1975-05-25,17,18,0
546,38,1975,34,1975-05-25,9,68,0
547,38,1975,144,1975-05-25,19,17,0
549,38,1975,133,1975-05-25,23,1,0
455,39,1975,58,1975-06-08,15,77,0
474,39,1975,140,1975-06-08,4,80,3
480,39,1975,58,1975-06-08,9,79,0
482,39,1975,6,1975-06-08,3,80,4
485,39,1975,117,1975-06-08,8,79,0
499,39,1975,6,1975-06-08,1,80,9
500,39,1975,143,1975-06-08,22,38,0
501,39,1975,139,1975-06-08,5,80,2
505,39,1975,83,1975-06-08,2,80,6
506,39,1975,83,1975-06-08,21,41,0
507,39,1975,142,1975-06-08,17,74,0
508,39,1975,123,1975-06-08,12,78,0
511,39,1975,123,1975-06-08,7,79,0
515,39,1975,133,1975-06-08,25,21,0
518,39,1975,122,1975-06-08,16,77,0
519,39,1975,117,1975-06-08,24,34,0
525,39,1975,119,1975-06-08,23,36,0
526,39,1975,141,1975-06-08,19,49,0
528,39,1975,144,1975-06-08,20,47,0
530,39,1975,143,1975-06-08,18,53,0
536,39,1975,119,1975-06-08,26,10,0
546,39,1975,34,1975-06-08,13,78,0
547,39,1975,144,1975-06-08,6,79,1
549,39,1975,133,1975-06-08,11,78,0
550,39,1975,133,1975-06-08,10,78,0
551,39,1975,141,1975-06-08,14,78,0
455,11,1975,58,1975-06-22,23,6,0
480,11,1975,58,1975-06-22,15,69,0
482,11,1975,6,1975-06-22,3,75,4
485,11,1975,117,1975-06-22,21,40,0
493,11,1975,132,1975-06-22,10,71,0
499,11,1975,6,1975-06-22,2,75,6
500,11,1975,143,1975-06-22,19,44,0
501,11,1975,139,1975-06-22,8,74,0
505,11,1975,83,1975-06-22,4,74,3
506,11,1975,83,1975-06-22,5,74,2
507,11,1975,142,1975-06-22,11,71,0
508,11,1975,123,1975-06-22,9,73,0
511,11,1975,123,1975-06-22,16,67,0
515,11,1975,133,1975-06-22,1,75,9
518,11,1975,122,1975-06-22,20,43,0
519,11,1975,117,1975-06-22,18,61,0
525,11,1975,119,1975-06-22,24,0,0
526,11,1975,141,1975-06-22,12,70,0
530,11,1975,143,1975-06-22,6,74,1
536,11,1975,119,1975-06-22,14,70,0
540,11,1975,141,1975-06-22,17,64,0
546,11,1975,34,1975-06-22,22,23,0
547,11,1975,144,1975-06-22,7,74,0
549,11,1975,144,1975-06-22,13,70,0
552,11,1975,137,1975-06-22,25,0,0
455,35,1975,58,1975-07-06,20,17,0
474,35,1975,140,1975-07-06,5,54,2
480,35,1975,58,1975-07-06,10,54,0
482,35,1975,6,1975-07-06,23,6,0
485,35,1975,117,1975-07-06,4,54,3
493,35,1975,132,1975-07-06,15,53,0
499,35,1975,6,1975-07-06,1,54,9
500,35,1975,143,1975-07-06,8,54,0
501,35,1975,139,1975-07-06,24,6,0
505,35,1975,83,1975-07-06,14,53,0
506,35,1975,83,1975-07-06,19,26,0
507,35,1975,142,1975-07-06,21,14,0
508,35,1975,123,1975-07-06,6,54,1
510,35,1975,141,1975-07-06,26,0,0
511,35,1975,123,1975-07-06,9,54,0
515,35,1975,133,1975-07-06,2,54,6
518,35,1975,122,1975-07-06,13,53,0
519,35,1975,117,1975-07-06,3,54,4
525,35,1975,119,1975-07-06,22,6,0
530,35,1975,143,1975-07-06,25,2,0
534,35,1975,123,1975-07-06,12,54,0
536,35,1975,119,1975-07-06,18,50,0
540,35,1975,141,1975-07-06,11,54,0
546,35,1975,34,1975-07-06,17,52,0
547,35,1975,144,1975-07-06,7,54,0
549,35,1975,144,1975-07-06,16,53,0
474,1,1975,140,1975-07-19,12,54,0
480,1,1975,58,1975-07-19,24,7,0
482,1,1975,6,1975-07-19,13,54,0
485,1,1975,117,1975-07-19,1,56,9
499,1,1975,6,1975-07-19,8,54,0
500,1,1975,143,1975-07-19,14,53,0
501,1,1975,119,1975-07-19,5,55,2
505,1,1975,83,1975-07-19,26,4,0
506,1,1975,83,1975-07-19,2,55,6
507,1,1975,142,1975-07-19,19,50,0
508,1,1975,123,1975-07-19,9,54,0
511,1,1975,123,1975-07-19,3,55,4
515,1,1975,133,1975-07-19,4,55,3
518,1,1975,122,1975-07-19,11,54,0
519,1,1975,117,1975-07-19,7,55,0
524,1,1975,119,1975-07-19,20,45,0
525,1,1975,119,1975-07-19,6,55,1
530,1,1975,143,1975-07-19,22,20,0
536,1,1975,119,1975-07-19,23,18,0
537,1,1975,138,1975-07-19,17,51,0
540,1,1975,141,1975-07-19,25,5,0
547,1,1975,144,1975-07-19,15,53,0
549,1,1975,144,1975-07-19,10,54,0
553,1,1975,58,1975-07-19,16,53,0
554,1,1975,122,1975-07-19,18,50,0
555,1,1975,58,1975-07-19,21,28,0
474,8,1975,140,1975-08-03,10,12,0
480,8,1975,58,1975-08-03,22,1,0
482,8,1975,6,1975-08-03,12,9,0
485,8,1975,117,1975-08-03,19,3,0
493,8,1975,132,1975-08-03,6,14,1
499,8,1975,6,1975-08-03,3,14,4
500,8,1975,143,1975-08-03,15,7,0
501,8,1975,119,1975-08-03,23,1,0
505,8,1975,83,1975-08-03,1,14,9
506,8,1975,83,1975-08-03,16,5,0
507,8,1975,142,1975-08-03,17,4,0
508,8,1975,123,1975-08-03,9,13,0
511,8,1975,123,1975-08-03,14,7,0
515,8,1975,133,1975-08-03,11,10,0
518,8,1975,58,1975-08-03,21,2,0
519,8,1975,117,1975-08-03,24,0,0
524,8,1975,119,1975-08-03,18,3,0
525,8,1975,119,1975-08-03,20,3,0
530,8,1975,143,1975-08-03,4,14,3
536,8,1975,119,1975-08-03,7,14,0
539,8,1975,141,1975-08-03,25,0,0
540,8,1975,141,1975-08-03,2,14,6
547,8,1975,144,1975-08-03,13,9,0
549,8,1975,144,1975-08-03,5,14,2
556,8,1975,133,1975-08-03,8,14,0
404,34,1975,132,1975-08-17,12,28,0
474,34,1975,140,1975-08-17,26,1,0
478,34,1975,144,1975-08-17,16,27,0
480,34,1975,58,1975-08-17,5,29,1
482,34,1975,6,1975-08-17,7,29,0
485,34,1975,117,1975-08-17,9,28,0
499,34,1975,6,1975-08-17,6,29,0.5
500,34,1975,145,1975-08-17,24,10,0
501,34,1975,119,1975-08-17,27,0,0
505,34,1975,83,1975-08-17,14,28,0
506,34,1975,83,1975-08-17,21,17,0
508,34,1975,123,1975-08-17,11,28,0
511,34,1975,123,1975-08-17,8,28,0
515,34,1975,133,1975-08-17,2,29,3
518,34,1975,122,1975-08-17,10,28,0
519,34,1975,117,1975-08-17,4,29,1.5
524,34,1975,119,1975-08-17,23,10,0
525,34,1975,119,1975-08-17,1,29,4.5
530,34,1975,143,1975-08-17,3,29,2
536,34,1975,119,1975-08-17,17,26,0
540,34,1975,141,1975-08-17,20,21,0
546,34,1975,34,1975-08-17,25,2,0
547,34,1975,144,1975-08-17,15,28,0
548,34,1975,132,1975-08-17,18,25,0
553,34,1975,58,1975-08-17,28,0,0
556,34,1975,133,1975-08-17,19,23,0
558,34,1975,133,1975-08-17,13,28,0
559,34,1975,141,1975-08-17,22,14,0
404,7,1975,132,1975-09-07,12,48,0
474,7,1975,140,1975-09-07,24,1,0
478,7,1975,144,1975-09-07,20,3,0
480,7,1975,58,1975-09-07,22,1,0
482,7,1975,6,1975-09-07,1,52,9
485,7,1975,117,1975-09-07,2,52,6
499,7,1975,6,1975-09-07,3,52,4
500,7,1975,145,1975-09-07,15,32,0
505,7,1975,83,1975-09-07,4,52,3
506,7,1975,83,1975-09-07,19,6,0
508,7,1975,123,1975-09-07,7,51,0
509,7,1975,142,1975-09-07,11,48,0
511,7,1975,123,1975-09-07,8,51,0
515,7,1975,133,1975-09-07,5,52,2
519,7,1975,117,1975-09-07,21,2,0
524,7,1975,119,1975-09-07,17,15,0
525,7,1975,119,1975-09-07,25,1,0
530,7,1975,143,1975-09-07,6,52,1
536,7,1975,119,1975-09-07,16,21,0
540,7,1975,141,1975-09-07,18,7,0
546,7,1975,34,1975-09-07,26,0,0
547,7,1975,144,1975-09-07,23,1,0
555,7,1975,58,1975-09-07,13,46,0
556,7,1975,133,1975-09-07,9,51,0
558,7,1975,133,1975-09-07,10,50,0
560,7,1975,141,1975-09-07,14,46,0
474,21,1975,140,1975-10-05,18,9,0
480,21,1975,58,1975-10-05,5,59,2
482,21,1975,6,1975-10-05,15,0,0
485,21,1975,117,1975-10-05,2,59,6
499,21,1975,6,1975-10-05,1,59,9
500,21,1975,143,1975-10-05,16,19,0
505,21,1975,83,1975-10-05,17,9,0
506,21,1975,83,1975-10-05,22,2,0
507,21,1975,142,1975-10-05,10,55,0
508,21,1975,123,1975-10-05,21,2,0
511,21,1975,123,1975-10-05,6,59,1
515,21,1975,133,1975-10-05,4,59,3
518,21,1975,139,1975-10-05,9,57,0
519,21,1975,117,1975-10-05,3,59,4
524,21,1975,119,1975-10-05,8,58,0
525,21,1975,119,1975-10-05,7,59,0
530,21,1975,143,1975-10-05,11,52,0
536,21,1975,141,1975-10-05,24,0,0
540,21,1975,141,1975-10-05,23,0,0
547,21,1975,144,1975-10-05,19,5,0
548,21,1975,132,1975-10-05,14,41,0
553,21,1975,58,1975-10-05,12,49,0
558,21,1975,133,1975-10-05,13,46,0
561,21,1975,123,1975-10-05,20,5,0
455,37,1976,148,1976-01-25,8,39,0
474,37,1976,58,1976-01-25,20,6,0
480,37,1976,58,1976-01-25,19,10,0
482,37,1976,6,1976-01-25,7,40,0
485,37,1976,142,1976-01-25,13,37,0
499,37,1976,6,1976-01-25,1,40,9
500,37,1976,131,1976-01-25,15,33,0
505,37,1976,147,1976-01-25,12,37,0
506,37,1976,147,1976-01-25,10,39,0
508,37,1976,123,1976-01-25,2,40,6
511,37,1976,123,1976-01-25,5,40,2
515,37,1976,117,1976-01-25,16,32,0
518,37,1976,139,1976-01-25,21,2,0
519,37,1976,117,1976-01-25,6,40,1
524,37,1976,119,1976-01-25,4,40,3
525,37,1976,119,1976-01-25,17,15,0
530,37,1976,131,1976-01-25,3,40,4
536,37,1976,119,1976-01-25,14,36,0
539,37,1976,34,1976-01-25,22,2,0
540,37,1976,146,1976-01-25,18,14,0
560,37,1976,141,1976-01-25,9,39,0
562,37,1976,142,1976-01-25,11,39,0
404,27,1976,132,1976-03-06,14,76,0
455,27,1976,148,1976-03-06,16,73,0
474,27,1976,140,1976-03-06,6,77,1
480,27,1976,119,1976-03-06,24,15,0
482,27,1976,6,1976-03-06,18,52,0
485,27,1976,142,1976-03-06,17,70,0
499,27,1976,6,1976-03-06,1,78,9
500,27,1976,131,1976-03-06,20,28,0
505,27,1976,147,1976-03-06,23,16,0
506,27,1976,147,1976-03-06,21,22,0
508,27,1976,123,1976-03-06,9,77,0
511,27,1976,123,1976-03-06,4,78,3
515,27,1976,117,1976-03-06,2,78,6
518,27,1976,139,1976-03-06,5,77,2
519,27,1976,117,1976-03-06,3,78,4
524,27,1976,119,1976-03-06,12,76,0
525,27,1976,119,1976-03-06,8,77,0
526,27,1976,123,1976-03-06,25,0,0
530,27,1976,131,1976-03-06,7,77,0
540,27,1976,146,1976-03-06,19,49,0
546,27,1976,58,1976-03-06,10,77,0
556,27,1976,133,1976-03-06,15,74,0
558,27,1976,122,1976-03-06,11,77,0
561,27,1976,148,1976-03-06,13,76,0
563,27,1976,58,1976-03-06,22,18,0
404,41,1976,132,1976-03-28,8,78,0
474,41,1976,140,1976-03-28,15,15,0
480,41,1976,119,1976-03-28,10,77,0
482,41,1976,6,1976-03-28,1,80,9
485,41,1976,142,1976-03-28,6,79,1
499,41,1976,6,1976-03-28,2,80,6
500,41,1976,131,1976-03-28,7,79,0
505,41,1976,147,1976-03-28,19,0,0
506,41,1976,147,1976-03-28,9,77,0
508,41,1976,123,1976-03-28,3,80,4
511,41,1976,123,1976-03-28,13,34,0
515,41,1976,117,1976-03-28,16,3,0
518,41,1976,139,1976-03-28,12,69,0
519,41,1976,117,1976-03-28,5,80,2
524,41,1976,119,1976-03-28,17,2,0
525,41,1976,119,1976-03-28,18,0,0
530,41,1976,131,1976-03-28,14,32,0
540,41,1976,146,1976-03-28,4,80,3
549,41,1976,122,1976-03-28,11,70,0
563,41,1976,58,1976-03-28,20,0,0
404,30,1976,132,1976-05-02,5,74,2
455,30,1976,148,1976-05-02,7,74,0
474,30,1976,58,1976-05-02,19,34,0
480,30,1976,119,1976-05-02,23,11,0
482,30,1976,6,1976-05-02,11,72,0
485,30,1976,142,1976-05-02,24,3,0
499,30,1976,6,1976-05-02,2,75,6
500,30,1976,131,1976-05-02,15,61,0
505,30,1976,147,1976-05-02,4,74,3
506,30,1976,147,1976-05-02,6,74,1
508,30,1976,123,1976-05-02,20,25,0
509,30,1976,119,1976-05-02,18,36,0
511,30,1976,123,1976-05-02,16,53,0
515,30,1976,117,1976-05-02,1,75,9
518,30,1976,139,1976-05-02,17,51,0
519,30,1976,117,1976-05-02,14,65,0
524,30,1976,119,1976-05-02,22,16,0
525,30,1976,119,1976-05-02,21,21,0
530,30,1976,131,1976-05-02,8,74,0
540,30,1976,146,1976-05-02,12,72,0
541,30,1976,149,1976-05-02,13,72,0
549,30,1976,122,1976-05-02,9,74,0
561,30,1976,148,1976-05-02,10,73,0
563,30,1976,58,1976-05-02,3,75,4
404,38,1976,132,1976-05-16,15,51,0
474,38,1976,58,1976-05-16,20,28,0
480,38,1976,119,1976-05-16,24,16,0
482,38,1976,6,1976-05-16,2,70,6
499,38,1976,6,1976-05-16,1,70,9
500,38,1976,131,1976-05-16,9,69,0
505,38,1976,147,1976-05-16,23,17,0
506,38,1976,147,1976-05-16,14,58,0
508,38,1976,123,1976-05-16,19,29,0
509,38,1976,119,1976-05-16,22,21,0
511,38,1976,123,1976-05-16,4,70,3
515,38,1976,117,1976-05-16,16,35,0
518,38,1976,139,1976-05-16,7,69,0
519,38,1976,117,1976-05-16,6,69,1
524,38,1976,119,1976-05-16,17,33,0
525,38,1976,119,1976-05-16,26,6,0
530,38,1976,131,1976-05-16,10,68,0
540,38,1976,146,1976-05-16,3,70,4
541,38,1976,149,1976-05-16,8,69,0
549,38,1976,122,1976-05-16,5,69,2
556,38,1976,133,1976-05-16,18,31,0
558,38,1976,122,1976-05-16,13,62,0
561,38,1976,148,1976-05-16,11,68,0
563,38,1976,58,1976-05-16,25,7,0
564,38,1976,97,1976-05-16,12,63,0
567,38,1976,97,1976-05-16,21,26,0
404,2,1976,132,1976-05-30,13,74,0
480,2,1976,119,1976-05-30,16,26,0
482,2,1976,6,1976-05-30,14,73,0
485,2,1976,142,1976-05-30,6,77,1
499,2,1976,6,1976-05-30,1,78,9
500,2,1976,131,1976-05-30,8,76,0
505,2,1976,147,1976-05-30,20,0,0
506,2,1976,147,1976-05-30,9,76,0
508,2,1976,123,1976-05-30,3,78,4
511,2,1976,123,1976-05-30,2,78,6
515,2,1976,117,1976-05-30,17,24,0
518,2,1976,139,1976-05-30,10,76,0
519,2,1976,117,1976-05-30,5,77,2
524,2,1976,119,1976-05-30,4,77,3
525,2,1976,119,1976-05-30,18,9,0
530,2,1976,131,1976-05-30,7,77,0
540,2,1976,146,1976-05-30,12,75,0
549,2,1976,122,1976-05-30,19,1,0
561,2,1976,148,1976-05-30,11,76,0
563,2,1976,58,1976-05-30,15,39,0
404,39,1976,132,1976-06-13,19,38,0
474,39,1976,58,1976-06-13,18,45,0
480,39,1976,119,1976-06-13,7,72,0
482,39,1976,6,1976-06-13,6,72,1
485,39,1976,142,1976-06-13,22,10,0
499,39,1976,6,1976-06-13,3,72,4
500,39,1976,131,1976-06-13,12,71,0
505,39,1976,147,1976-06-13,25,2,0
506,39,1976,147,1976-06-13,8,72,0
508,39,1976,123,1976-06-13,2,72,6
509,39,1976,119,1976-06-13,14,70,0
511,39,1976,123,1976-06-13,1,72,9
515,39,1976,117,1976-06-13,5,72,2
518,39,1976,139,1976-06-13,26,0,0
519,39,1976,117,1976-06-13,11,71,0
524,39,1976,119,1976-06-13,17,52,0
525,39,1976,119,1976-06-13,10,71,0
530,39,1976,131,1976-06-13,9,71,0
540,39,1976,146,1976-06-13,4,72,3
541,39,1976,149,1976-06-13,21,18,0
549,39,1976,122,1976-06-13,13,71,0
556,39,1976,133,1976-06-13,16,54,0
558,39,1976,122,1976-06-13,15,70,0
561,39,1976,148,1976-06-13,20,20,0
563,39,1976,58,1976-06-13,24,2,0
564,39,1976,97,1976-06-13,23,5,0
455,35,1976,148,1976-07-04,10,53,0
471,35,1976,122,1976-07-04,23,19,0
474,35,1976,58,1976-07-04,5,54,2
480,35,1976,119,1976-07-04,19,51,0
482,35,1976,6,1976-07-04,24,17,0
485,35,1976,142,1976-07-04,22,21,0
499,35,1976,6,1976-07-04,25,8,0
500,35,1976,131,1976-07-04,12,53,0
505,35,1976,147,1976-07-04,11,53,0
506,35,1976,147,1976-07-04,4,54,3
508,35,1976,123,1976-07-04,2,54,6
509,35,1976,119,1976-07-04,9,54,0
511,35,1976,123,1976-07-04,6,54,1
515,35,1976,117,1976-07-04,1,54,9
518,35,1976,139,1976-07-04,3,54,4
519,35,1976,117,1976-07-04,15,53,0
522,35,1976,133,1976-07-04,17,53,0
524,35,1976,119,1976-07-04,7,54,0
525,35,1976,119,1976-07-04,21,28,0
530,35,1976,131,1976-07-04,8,54,0
540,35,1976,146,1976-07-04,14,53,0
549,35,1976,122,1976-07-04,20,44,0
556,35,1976,133,1976-07-04,27,4,0
558,35,1976,122,1976-07-04,16,53,0
561,35,1976,148,1976-07-04,13,53,0
563,35,1976,58,1976-07-04,26,8,0
567,35,1976,132,1976-07-04,18,53,0
404,24,1976,132,1976-07-18,22,8,0
471,24,1976,122,1976-07-18,21,16,0
474,24,1976,58,1976-07-18,23,4,0
480,24,1976,119,1976-07-18,12,60,0
482,24,1976,6,1976-07-18,17,36,0
485,24,1976,142,1976-07-18,6,74,1
499,24,1976,6,1976-07-18,1,76,9
500,24,1976,131,1976-07-18,9,70,0
505,24,1976,147,1976-07-18,15,46,0
506,24,1976,147,1976-07-18,8,73,0
508,24,1976,123,1976-07-18,14,47,0
509,24,1976,119,1976-07-18,16,39,0
511,24,1976,123,1976-07-18,2,76,6
515,24,1976,117,1976-07-18,10,76,0
518,24,1976,139,1976-07-18,3,75,4
519,24,1976,117,1976-07-18,24,1,0
522,24,1976,133,1976-07-18,26,0,0
524,24,1976,119,1976-07-18,25,0,0
525,24,1976,119,1976-07-18,20,22,0
530,24,1976,131,1976-07-18,4,75,3
540,24,1976,146,1976-07-18,18,31,0
546,24,1976,97,1976-07-18,19,24,0
549,24,1976,122,1976-07-18,5,75,2
556,24,1976,133,1976-07-18,7,73,0
558,24,1976,122,1976-07-18,13,55,0
563,24,1976,58,1976-07-18,11,67,0
404,8,1976,132,1976-08-01,23,0,0
474,8,1976,58,1976-08-01,12,14,0
478,8,1976,147,1976-08-01,6,14,1
480,8,1976,119,1976-08-01,20,0,0
482,8,1976,6,1976-08-01,9,14,0
485,8,1976,142,1976-08-01,13,14,0
499,8,1976,6,1976-08-01,24,0,0
500,8,1976,131,1976-08-01,11,14,0
505,8,1976,147,1976-08-01,19,0,0
506,8,1976,147,1976-08-01,4,14,3
508,8,1976,123,1976-08-01,18,0,0
509,8,1976,148,1976-08-01,16,3,0
511,8,1976,123,1976-08-01,2,14,6
515,8,1976,117,1976-08-01,1,14,9
518,8,1976,139,1976-08-01,7,14,0
519,8,1976,117,1976-08-01,3,14,4
522,8,1976,133,1976-08-01,15,13,0
524,8,1976,119,1976-08-01,21,0,0
525,8,1976,119,1976-08-01,17,1,0
530,8,1976,131,1976-08-01,8,14,0
540,8,1976,146,1976-08-01,22,0,0
549,8,1976,122,1976-08-01,10,14,0
556,8,1976,133,1976-08-01,26,0,0
558,8,1976,122,1976-08-01,25,0,0
563,8,1976,58,1976-08-01,5,14,2
570,8,1976,123,1976-08-01,14,13,0
471,34,1976,122,1976-08-15,9,52,0
474,34,1976,58,1976-08-15,5,54,2
480,34,1976,119,1976-08-15,6,54,1
485,34,1976,142,1976-08-15,16,43,0
500,34,1976,131,1976-08-15,18,40,0
505,34,1976,147,1976-08-15,25,0,0
506,34,1976,147,1976-08-15,17,40,0
508,34,1976,123,1976-08-15,21,24,0
509,34,1976,148,1976-08-15,22,17,0
511,34,1976,123,1976-08-15,24,14,0
515,34,1976,117,1976-08-15,4,54,3
518,34,1976,139,1976-08-15,1,54,9
519,34,1976,117,1976-08-15,7,54,0
524,34,1976,119,1976-08-15,20,26,0
525,34,1976,119,1976-08-15,15,43,0
530,34,1976,131,1976-08-15,23,14,0
536,34,1976,97,1976-08-15,12,50,0
540,34,1976,146,1976-08-15,2,54,6
549,34,1976,122,1976-08-15,19,30,0
556,34,1976,133,1976-08-15,8,53,0
558,34,1976,122,1976-08-15,10,51,0
563,34,1976,58,1976-08-15,3,54,4
564,34,1976,97,1976-08-15,14,44,0
570,34,1976,123,1976-08-15,11,51,0
571,34,1976,132,1976-08-15,13,47,0
455,11,1976,132,1976-08-29,13,66,0
471,11,1976,122,1976-08-29,11,74,0
474,11,1976,58,1976-08-29,3,75,4
478,11,1976,133,1976-08-29,12,72,0
480,11,1976,119,1976-08-29,17,52,0
482,11,1976,6,1976-08-29,2,75,6
485,11,1976,142,1976-08-29,21,40,0
500,11,1976,131,1976-08-29,10,74,0
505,11,1976,147,1976-08-29,22,11,0
506,11,1976,147,1976-08-29,15,53,0
508,11,1976,123,1976-08-29,7,75,0
509,11,1976,148,1976-08-29,26,5,0
511,11,1976,123,1976-08-29,5,75,2
515,11,1976,117,1976-08-29,1,75,9
518,11,1976,139,1976-08-29,19,47,0
519,11,1976,117,1976-08-29,9,74,0
524,11,1976,119,1976-08-29,24,9,0
525,11,1976,119,1976-08-29,6,75,1
530,11,1976,131,1976-08-29,4,75,3
540,11,1976,146,1976-08-29,16,53,0
541,11,1976,149,1976-08-29,20,44,0
549,11,1976,122,1976-08-29,8,74,0
556,11,1976,133,1976-08-29,18,49,0
563,11,1976,58,1976-08-29,23,10,0
572,11,1976,139,1976-08-29,14,63,0
573,11,1976,122,1976-08-29,25,9,0
455,7,1976,132,1976-09-12,10,52,0
471,7,1976,122,1976-09-12,17,49,0
474,7,1976,58,1976-09-12,22,23,0
478,7,1976,147,1976-09-12,20,41,0
480,7,1976,119,1976-09-12,1,52,9
482,7,1976,6,1976-09-12,2,52,6
485,7,1976,142,1976-09-12,15,50,0
499,7,1976,6,1976-09-12,4,52,3
500,7,1976,131,1976-09-12,19,47,0
505,7,1976,6,1976-09-12,9,52,0
506,7,1976,147,1976-09-12,25,4,0
508,7,1976,123,1976-09-12,6,52,1
509,7,1976,148,1976-09-12,28,0,0
511,7,1976,123,1976-09-12,5,52,2
515,7,1976,117,1976-09-12,23,11,0
518,7,1976,139,1976-09-12,11,52,0
519,7,1976,117,1976-09-12,26,2,0
522,7,1976,133,1976-09-12,27,0,0
524,7,1976,119,1976-09-12,21,23,0
525,7,1976,119,1976-09-12,7,52,0
530,7,1976,131,1976-09-12,8,52,0
540,7,1976,146,1976-09-12,3,52,4
541,7,1976,149,1976-09-12,24,8,0
549,7,1976,122,1976-09-12,12,51,0
556,7,1976,133,1976-09-12,16,49,0
558,7,1976,122,1976-09-12,14,50,0
563,7,1976,58,1976-09-12,13,51,0
570,7,1976,123,1976-09-12,18,49,0
574,7,1976,123,1976-09-12,29,0,0
404,29,1976,148,1976-10-03,26,0,0
455,29,1976,132,1976-10-03,13,79,0
471,29,1976,122,1976-10-03,19,77,0
474,29,1976,58,1976-10-03,3,80,4
480,29,1976,119,1976-10-03,9,79,0
482,29,1976,6,1976-10-03,6,80,1
485,29,1976,142,1976-10-03,22,41,0
499,29,1976,6,1976-10-03,8,80,0
500,29,1976,131,1976-10-03,18,77,0
506,29,1976,147,1976-10-03,7,80,0
508,29,1976,123,1976-10-03,2,80,6
509,29,1976,148,1976-10-03,24,11,0
511,29,1976,123,1976-10-03,4,80,3
515,29,1976,117,1976-10-03,1,80,9
518,29,1976,139,1976-10-03,10,79,0
519,29,1976,117,1976-10-03,5,80,2
522,29,1976,133,1976-10-03,20,75,0
524,29,1976,119,1976-10-03,23,36,0
525,29,1976,119,1976-10-03,14,79,0
530,29,1976,131,1976-10-03,11,79,0
540,29,1976,146,1976-10-03,21,43,0
541,29,1976,147,1976-10-03,17,78,0
549,29,1976,122,1976-10-03,16,78,0
556,29,1976,133,1976-10-03,25,0,0
558,29,1976,122,1976-10-03,15,78,0
563,29,1976,58,1976-10-03,12,79,0
455,21,1976,132,1976-10-10,22,14,0
471,21,1976,122,1976-10-10,15,48,0
474,21,1976,58,1976-10-10,21,23,0
480,21,1976,119,1976-10-10,24,12,0
482,21,1976,6,1976-10-10,7,58,0
485,21,1976,142,1976-10-10,9,57,0
499,21,1976,6,1976-10-10,3,59,4
500,21,1976,131,1976-10-10,10,57,0
506,21,1976,147,1976-10-10,19,31,0
508,21,1976,123,1976-10-10,26,7,0
509,21,1976,148,1976-10-10,25,9,0
511,21,1976,123,1976-10-10,2,59,6
515,21,1976,117,1976-10-10,1,59,9
518,21,1976,139,1976-10-10,6,59,1
519,21,1976,117,1976-10-10,4,59,3
524,21,1976,119,1976-10-10,5,59,2
525,21,1976,119,1976-10-10,17,34,0
530,21,1976,131,1976-10-10,16,45,0
540,21,1976,146,1976-10-10,18,34,0
541,21,1976,147,1976-10-10,20,30,0
549,21,1976,122,1976-10-10,8,58,0
556,21,1976,133,1976-10-10,13,54,0
558,21,1976,122,1976-10-10,11,57,0
563,21,1976,58,1976-10-10,23,13,0
575,21,1976,133,1976-10-10,12,57,0
576,21,1976,148,1976-10-10,14,54,0
474,42,1976,58,1976-10-24,1,73,9
480,42,1976,119,1976-10-24,25,0,0
482,42,1976,6,1976-10-24,5,72,2
485,42,1976,142,1976-10-24,21,9,0
499,42,1976,6,1976-10-24,23,2,0
500,42,1976,131,1976-10-24,10,69,0
506,42,1976,147,1976-10-24,22,7,0
508,42,1976,123,1976-10-24,2,72,6
509,42,1976,148,1976-10-24,20,23,0
511,42,1976,123,1976-10-24,12,58,0
515,42,1976,117,1976-10-24,3,72,4
518,42,1976,139,1976-10-24,18,33,0
519,42,1976,117,1976-10-24,17,35,0
524,42,1976,119,1976-10-24,16,37,0
525,42,1976,119,1976-10-24,15,38,0
530,42,1976,131,1976-10-24,14,46,0
540,42,1976,146,1976-10-24,7,72,0
541,42,1976,147,1976-10-24,24,1,0
549,42,1976,122,1976-10-24,4,72,3
556,42,1976,133,1976-10-24,8,72,0
563,42,1976,58,1976-10-24,6,72,1
571,42,1976,148,1976-10-24,13,49,0
577,42,1976,122,1976-10-24,9,70,0
578,42,1976,150,1976-10-24,11,66,0
579,42,1976,123,1976-10-24,19,27,0
474,12,1977,58,1977-01-09,5,51,2
480,12,1977,123,1977-01-09,16,28,0
482,12,1977,132,1977-01-09,6,51,1
485,12,1977,142,1977-01-09,4,53,3
499,12,1977,6,1977-01-09,18,20,0
505,12,1977,6,1977-01-09,3,53,4
506,12,1977,83,1977-01-09,2,53,6
508,12,1977,123,1977-01-09,13,32,0
511,12,1977,148,1977-01-09,1,53,9
515,12,1977,117,1977-01-09,14,31,0
518,12,1977,83,1977-01-09,10,41,0
519,12,1977,117,1977-01-09,15,28,0
525,12,1977,122,1977-01-09,7,48,0
526,12,1977,119,1977-01-09,8,45,0
530,12,1977,131,1977-01-09,9,45,0
540,12,1977,146,1977-01-09,12,37,0
560,12,1977,131,1977-01-09,20,2,0
562,12,1977,142,1977-01-09,17,22,0
563,12,1977,58,1977-01-09,21,0,0
571,12,1977,122,1977-01-09,19,18,0
575,12,1977,119,1977-01-09,11,39,0
474,37,1977,58,1977-01-23,14,19,0
480,37,1977,123,1977-01-23,17,12,0
482,37,1977,132,1977-01-23,18,12,0
485,37,1977,142,1977-01-23,4,39,3
499,37,1977,6,1977-01-23,3,40,4
505,37,1977,6,1977-01-23,1,40,9
506,37,1977,83,1977-01-23,8,33,0
508,37,1977,123,1977-01-23,13,23,0
511,37,1977,148,1977-01-23,20,11,0
515,37,1977,117,1977-01-23,2,40,6
518,37,1977,83,1977-01-23,11,30,0
519,37,1977,117,1977-01-23,16,12,0
525,37,1977,122,1977-01-23,19,11,0
526,37,1977,119,1977-01-23,21,1,0
530,37,1977,131,1977-01-23,9,33,0
540,37,1977,146,1977-01-23,12,26,0
541,37,1977,34,1977-01-23,22,1,0
560,37,1977,131,1977-01-23,6,39,1
562,37,1977,142,1977-01-23,7,38,0
563,37,1977,58,1977-01-23,5,39,2
571,37,1977,122,1977-01-23,10,32,0
575,37,1977,119,1977-01-23,15,16,0
474,27,1977,58,1977-03-05,18,43,0
480,27,1977,123,1977-03-05,23,5,0
482,27,1977,132,1977-03-05,9,78,0
485,27,1977,142,1977-03-05,10,78,0
499,27,1977,6,1977-03-05,1,78,9
505,27,1977,6,1977-03-05,8,78,0
506,27,1977,83,1977-03-05,13,76,0
508,27,1977,123,1977-03-05,3,78,4
511,27,1977,148,1977-03-05,2,78,6
515,27,1977,117,1977-03-05,4,78,3
518,27,1977,83,1977-03-05,6,78,1
519,27,1977,117,1977-03-05,5,78,2
524,27,1977,119,1977-03-05,17,55,0
525,27,1977,122,1977-03-05,7,78,0
530,27,1977,131,1977-03-05,21,22,0
540,27,1977,146,1977-03-05,20,22,0
541,27,1977,34,1977-03-05,15,73,0
558,27,1977,119,1977-03-05,14,76,0
560,27,1977,131,1977-03-05,22,21,0
563,27,1977,58,1977-03-05,12,77,0
571,27,1977,122,1977-03-05,11,77,0
572,27,1977,119,1977-03-05,19,33,0
575,27,1977,119,1977-03-05,16,66,0
474,41,1977,58,1977-04-03,1,80,9
480,41,1977,123,1977-04-03,12,62,0
482,41,1977,132,1977-04-03,13,57,0
485,41,1977,142,1977-04-03,5,80,2
499,41,1977,6,1977-04-03,2,80,6
500,41,1977,139,1977-04-03,6,79,1
505,41,1977,6,1977-04-03,20,5,0
508,41,1977,123,1977-04-03,4,80,3
511,41,1977,148,1977-04-03,3,80,4
515,41,1977,117,1977-04-03,7,79,0
518,41,1977,83,1977-04-03,17,33,0
519,41,1977,117,1977-04-03,16,39,0
524,41,1977,83,1977-04-03,14,53,0
525,41,1977,122,1977-04-03,22,0,0
540,41,1977,146,1977-04-03,9,78,0
549,41,1977,131,1977-04-03,15,40,0
553,41,1977,119,1977-04-03,10,77,0
558,41,1977,119,1977-04-03,21,4,0
560,41,1977,131,1977-04-03,18,27,0
563,41,1977,58,1977-04-03,8,79,0
571,41,1977,122,1977-04-03,11,77,0
575,41,1977,119,1977-04-03,19,15,0
474,30,1977,58,1977-05-08,1,75,9
480,30,1977,123,1977-05-08,8,74,0
482,30,1977,132,1977-05-08,23,9,0
485,30,1977,142,1977-05-08,14,70,0
499,30,1977,6,1977-05-08,25,0,0
505,30,1977,6,1977-05-08,2,75,6
508,30,1977,123,1977-05-08,21,12,0
509,30,1977,119,1977-05-08,20,16,0
511,30,1977,148,1977-05-08,3,75,4
515,30,1977,117,1977-05-08,22,10,0
518,30,1977,83,1977-05-08,15,64,0
519,30,1977,117,1977-05-08,4,75,3
524,30,1977,83,1977-05-08,6,74,1
525,30,1977,122,1977-05-08,24,9,0
526,30,1977,119,1977-05-08,11,72,0
540,30,1977,146,1977-05-08,7,74,0
549,30,1977,131,1977-05-08,16,56,0
556,30,1977,133,1977-05-08,18,29,0
558,30,1977,119,1977-05-08,10,72,0
560,30,1977,131,1977-05-08,19,25,0
563,30,1977,58,1977-05-08,5,75,2
566,30,1977,117,1977-05-08,13,70,0
567,30,1977,119,1977-05-08,12,71,0
571,30,1977,122,1977-05-08,9,73,0
580,30,1977,133,1977-05-08,17,32,0
455,2,1977,132,1977-05-22,10,75,0
474,2,1977,58,1977-05-22,5,76,2
480,2,1977,123,1977-05-22,20,10,0
485,2,1977,142,1977-05-22,17,37,0
499,2,1977,6,1977-05-22,2,76,6
500,2,1977,139,1977-05-22,11,74,0
505,2,1977,6,1977-05-22,3,76,4
508,2,1977,123,1977-05-22,15,46,0
511,2,1977,148,1977-05-22,1,76,9
515,2,1977,117,1977-05-22,18,25,0
518,2,1977,83,1977-05-22,14,48,0
519,2,1977,117,1977-05-22,4,76,3
524,2,1977,83,1977-05-22,19,19,0
525,2,1977,122,1977-05-22,8,76,0
540,2,1977,146,1977-05-22,7,76,0
549,2,1977,131,1977-05-22,6,76,1
563,2,1977,58,1977-05-22,13,51,0
571,2,1977,122,1977-05-22,16,41,0
580,2,1977,133,1977-05-22,12,73,0
581,2,1977,131,1977-05-22,9,75,0
474,38,1977,58,1977-06-05,25,0,0
480,38,1977,123,1977-06-05,3,70,4
482,38,1977,132,1977-06-05,19,29,0
485,38,1977,142,1977-06-05,24,2,0
499,38,1977,6,1977-06-05,2,70,6
500,38,1977,139,1977-06-05,11,68,0
505,38,1977,6,1977-06-05,20,14,0
508,38,1977,123,1977-06-05,8,69,0
509,38,1977,119,1977-06-05,14,65,0
511,38,1977,148,1977-06-05,16,62,0
515,38,1977,117,1977-06-05,7,69,0
516,38,1977,151,1977-06-05,13,67,0
518,38,1977,83,1977-06-05,26,0,0
519,38,1977,117,1977-06-05,17,39,0
524,38,1977,83,1977-06-05,6,69,1
525,38,1977,122,1977-06-05,4,70,3
526,38,1977,119,1977-06-05,23,8,0
540,38,1977,146,1977-06-05,18,32,0
541,38,1977,122,1977-06-05,12,67,0
549,38,1977,131,1977-06-05,5,70,2
556,38,1977,133,1977-06-05,9,69,0
563,38,1977,58,1977-06-05,1,70,9
567,38,1977,119,1977-06-05,10,68,0
572,38,1977,119,1977-06-05,15,63,0
580,38,1977,133,1977-06-05,21,14,0
581,38,1977,131,1977-06-05,22,12,0
454,39,1977,131,1977-06-19,9,72,0
474,39,1977,58,1977-06-19,6,72,1
480,39,1977,123,1977-06-19,24,7,0
482,39,1977,132,1977-06-19,7,72,0
485,39,1977,142,1977-06-19,18,66,0
499,39,1977,6,1977-06-19,22,47,0
500,39,1977,139,1977-06-19,8,72,0
505,39,1977,6,1977-06-19,3,72,4
508,39,1977,123,1977-06-19,4,72,3
511,39,1977,148,1977-06-19,23,29,0
515,39,1977,117,1977-06-19,12,71,0
516,39,1977,151,1977-06-19,14,70,0
518,39,1977,83,1977-06-19,5,72,2
519,39,1977,117,1977-06-19,2,72,6
524,39,1977,83,1977-06-19,10,71,0
525,39,1977,122,1977-06-19,21,52,0
526,39,1977,119,1977-06-19,20,61,0
540,39,1977,146,1977-06-19,1,72,9
549,39,1977,131,1977-06-19,17,67,0
556,39,1977,133,1977-06-19,16,68,0
558,39,1977,117,1977-06-19,11,71,0
563,39,1977,58,1977-06-19,19,64,0
567,39,1977,119,1977-06-19,15,69,0
580,39,1977,133,1977-06-19,13,71,0
474,40,1977,58,1977-07-03,1,80,9
480,40,1977,123,1977-07-03,12,77,0
482,40,1977,132,1977-07-03,7,79,0
485,40,1977,142,1977-07-03,11,77,0
499,40,1977,6,1977-07-03,5,80,2
500,40,1977,139,1977-07-03,22,4,0
505,40,1977,6,1977-07-03,6,79,1
508,40,1977,123,1977-07-03,19,21,0
509,40,1977,119,1977-07-03,18,27,0
511,40,1977,148,1977-07-03,15,66,0
515,40,1977,117,1977-07-03,3,80,4
516,40,1977,151,1977-07-03,21,5,0
518,40,1977,83,1977-07-03,2,80,6
519,40,1977,117,1977-07-03,9,78,0
524,40,1977,83,1977-07-03,16,64,0
525,40,1977,122,1977-07-03,13,77,0
526,40,1977,119,1977-07-03,14,69,0
540,40,1977,146,1977-07-03,8,78,0
549,40,1977,131,1977-07-03,17,60,0
563,40,1977,58,1977-07-03,4,80,3
580,40,1977,133,1977-07-03,10,78,0
581,40,1977,131,1977-07-03,20,6,0
474,1,1977,58,1977-07-16,14,62,0
480,1,1977,123,1977-07-16,24,3,0
485,1,1977,142,1977-07-16,18,42,0
499,1,1977,6,1977-07-16,2,68,6
500,1,1977,139,1977-07-16,9,67,0
505,1,1977,6,1977-07-16,15,62,0
508,1,1977,123,1977-07-16,21,16,0
509,1,1977,119,1977-07-16,19,28,0
511,1,1977,148,1977-07-16,17,59,0
515,1,1977,117,1977-07-16,1,68,9
518,1,1977,83,1977-07-16,16,60,0
519,1,1977,117,1977-07-16,4,68,3
524,1,1977,83,1977-07-16,5,68,2
525,1,1977,122,1977-07-16,8,67,0
526,1,1977,119,1977-07-16,23,6,0
528,1,1977,122,1977-07-16,12,66,0
534,1,1977,152,1977-07-16,22,16,0
540,1,1977,146,1977-07-16,6,67,1
549,1,1977,131,1977-07-16,7,67,0
558,1,1977,117,1977-07-16,13,64,0
563,1,1977,58,1977-07-16,3,68,4
567,1,1977,119,1977-07-16,10,66,0
580,1,1977,133,1977-07-16,26,0,0
581,1,1977,131,1977-07-16,20,20,0
585,1,1977,132,1977-07-16,25,3,0
586,1,1977,117,1977-07-16,11,66,0
474,33,1977,58,1977-07-31,12,34,0
480,33,1977,123,1977-07-31,9,42,0
499,33,1977,6,1977-07-31,1,47,9
500,33,1977,139,1977-07-31,22,5,0
505,33,1977,6,1977-07-31,4,47,3
508,33,1977,123,1977-07-31,16,22,0
511,33,1977,148,1977-07-31,2,47,6
515,33,1977,117,1977-07-31,13,32,0
518,33,1977,83,1977-07-31,21,8,0
519,33,1977,117,1977-07-31,15,26,0
524,33,1977,83,1977-07-31,3,47,4
525,33,1977,122,1977-07-31,5,47,2
526,33,1977,119,1977-07-31,20,9,0
528,33,1977,122,1977-07-31,7,46,0
540,33,1977,146,1977-07-31,17,21,0
549,33,1977,131,1977-07-31,23,0,0
558,33,1977,117,1977-07-31,19,14,0
563,33,1977,58,1977-07-31,14,31,0
575,33,1977,119,1977-07-31,8,46,0
580,33,1977,133,1977-07-31,11,40,0
581,33,1977,131,1977-07-31,10,42,0
583,33,1977,133,1977-07-31,18,20,0
585,33,1977,132,1977-07-31,6,47,1
474,34,1977,58,1977-08-14,24,11,0
480,34,1977,123,1977-08-14,5,54,2
482,34,1977,132,1977-08-14,26,0,0
485,34,1977,142,1977-08-14,11,53,0
499,34,1977,6,1977-08-14,2,54,6
500,34,1977,139,1977-08-14,14,52,0
505,34,1977,6,1977-08-14,4,54,3
508,34,1977,123,1977-08-14,13,53,0
509,34,1977,131,1977-08-14,22,29,0
511,34,1977,148,1977-08-14,18,45,0
515,34,1977,117,1977-08-14,19,43,0
518,34,1977,83,1977-08-14,8,53,0
519,34,1977,117,1977-08-14,6,53,1
524,34,1977,83,1977-08-14,3,54,4
525,34,1977,122,1977-08-14,15,52,0
526,34,1977,119,1977-08-14,25,2,0
528,34,1977,122,1977-08-14,16,52,0
540,34,1977,146,1977-08-14,23,21,0
549,34,1977,131,1977-08-14,1,54,9
558,34,1977,117,1977-08-14,10,53,0
563,34,1977,58,1977-08-14,21,38,0
566,34,1977,117,1977-08-14,17,50,0
567,34,1977,119,1977-08-14,9,53,0
571,34,1977,139,1977-08-14,12,53,0
580,34,1977,133,1977-08-14,7,53,0
585,34,1977,132,1977-08-14,20,41,0
474,11,1977,58,1977-08-28,21,14,0
480,11,1977,123,1977-08-28,19,18,0
482,11,1977,132,1977-08-28,20,17,0
485,11,1977,142,1977-08-28,4,74,3
499,11,1977,6,1977-08-28,1,75,9
500,11,1977,139,1977-08-28,24,4,0
505,11,1977,6,1977-08-28,6,73,1
508,11,1977,123,1977-08-28,18,31,0
511,11,1977,148,1977-08-28,3,74,4
515,11,1977,117,1977-08-28,23,5,0
518,11,1977,83,1977-08-28,25,2,0
519,11,1977,117,1977-08-28,26,0,0
524,11,1977,83,1977-08-28,7,73,0
525,11,1977,122,1977-08-28,12,67,0
526,11,1977,119,1977-08-28,10,73,0
534,11,1977,152,1977-08-28,15,39,0
540,11,1977,146,1977-08-28,2,75,6
549,11,1977,131,1977-08-28,17,32,0
553,11,1977,149,1977-08-28,14,52,0
558,11,1977,117,1977-08-28,9,73,0
563,11,1977,58,1977-08-28,16,34,0
571,11,1977,139,1977-08-28,8,73,0
575,11,1977,119,1977-08-28,11,72,0
580,11,1977,133,1977-08-28,22,8,0
581,11,1977,131,1977-08-28,13,67,0
585,11,1977,132,1977-08-28,5,73,2
474,7,1977,58,1977-09-11,1,52,9
480,7,1977,123,1977-09-11,6,52,1
482,7,1977,132,1977-09-11,5,52,2
499,7,1977,6,1977-09-11,2,52,6
500,7,1977,139,1977-09-11,19,19,0
505,7,1977,6,1977-09-11,11,39,0
508,7,1977,123,1977-09-11,16,24,0
511,7,1977,148,1977-09-11,17,23,0
515,7,1977,117,1977-09-11,15,26,0
518,7,1977,83,1977-09-11,24,3,0
519,7,1977,117,1977-09-11,4,52,3
524,7,1977,83,1977-09-11,14,31,0
525,7,1977,122,1977-09-11,21,5,0
526,7,1977,119,1977-09-11,10,41,0
534,7,1977,152,1977-09-11,18,23,0
540,7,1977,146,1977-09-11,8,50,0
549,7,1977,131,1977-09-11,3,52,4
558,7,1977,117,1977-09-11,23,4,0
563,7,1977,58,1977-09-11,22,4,0
567,7,1977,119,1977-09-11,7,50,0
580,7,1977,133,1977-09-11,9,48,0
581,7,1977,131,1977-09-11,12,39,0
585,7,1977,132,1977-09-11,20,9,0
591,7,1977,117,1977-09-11,13,38,0
474,21,1977,58,1977-10-02,2,59,6
480,21,1977,123,1977-10-02,16,56,0
482,21,1977,132,1977-10-02,5,59,2
485,21,1977,142,1977-10-02,13,57,0
499,21,1977,6,1977-10-02,4,59,3
500,21,1977,131,1977-10-02,9,58,0
505,21,1977,6,1977-10-02,6,58,1
508,21,1977,123,1977-10-02,14,56,0
511,21,1977,148,1977-10-02,3,59,4
515,21,1977,117,1977-10-02,1,59,9
518,21,1977,83,1977-10-02,12,57,0
519,21,1977,117,1977-10-02,24,8,0
524,21,1977,83,1977-10-02,22,14,0
525,21,1977,122,1977-10-02,19,54,0
526,21,1977,119,1977-10-02,23,10,0
534,21,1977,152,1977-10-02,20,30,0
539,21,1977,133,1977-10-02,17,55,0
540,21,1977,146,1977-10-02,7,58,0
549,21,1977,131,1977-10-02,26,3,0
558,21,1977,117,1977-10-02,10,57,0
563,21,1977,58,1977-10-02,21,17,0
567,21,1977,119,1977-10-02,18,55,0
571,21,1977,122,1977-10-02,11,57,0
575,21,1977,119,1977-10-02,15,56,0
580,21,1977,133,1977-10-02,8,58,0
594,21,1977,139,1977-10-02,25,6,0
474,29,1977,58,1977-10-09,9,77,0
480,29,1977,123,1977-10-09,15,34,0
482,29,1977,132,1977-10-09,25,0,0
485,29,1977,142,1977-10-09,19,29,0
505,29,1977,6,1977-10-09,20,20,0
508,29,1977,123,1977-10-09,2,80,6
511,29,1977,148,1977-10-09,1,80,9
515,29,1977,117,1977-10-09,13,61,0
518,29,1977,83,1977-10-09,24,1,0
519,29,1977,117,1977-10-09,3,80,4
524,29,1977,83,1977-10-09,21,19,0
525,29,1977,122,1977-10-09,6,78,1
526,29,1977,119,1977-10-09,18,29,0
539,29,1977,133,1977-10-09,26,0,0
540,29,1977,146,1977-10-09,23,12,0
549,29,1977,131,1977-10-09,4,80,3
558,29,1977,117,1977-10-09,11,76,0
563,29,1977,58,1977-10-09,22,17,0
567,29,1977,119,1977-10-09,14,56,0
571,29,1977,122,1977-10-09,17,31,0
575,29,1977,119,1977-10-09,8,78,0
580,29,1977,133,1977-10-09,16,32,0
581,29,1977,131,1977-10-09,10,76,0
585,29,1977,132,1977-10-09,5,80,2
586,29,1977,6,1977-10-09,12,76,0
594,29,1977,139,1977-10-09,7,78,0
474,42,1977,58,1977-10-23,21,1,0
480,42,1977,123,1977-10-23,18,5,0
482,42,1977,132,1977-10-23,14,43,0
500,42,1977,146,1977-10-23,20,3,0
505,42,1977,6,1977-10-23,2,73,6
508,42,1977,123,1977-10-23,3,73,4
511,42,1977,148,1977-10-23,10,71,0
515,42,1977,117,1977-10-23,1,73,9
518,42,1977,83,1977-10-23,15,29,0
519,42,1977,117,1977-10-23,16,28,0
524,42,1977,83,1977-10-23,7,72,0
525,42,1977,122,1977-10-23,8,71,0
540,42,1977,146,1977-10-23,5,72,2
549,42,1977,131,1977-10-23,4,73,3
563,42,1977,58,1977-10-23,13,63,0
571,42,1977,122,1977-10-23,23,1,0
575,42,1977,119,1977-10-23,12,69,0
577,42,1977,150,1977-10-23,22,1,0
579,42,1977,150,1977-10-23,11,71,0
581,42,1977,131,1977-10-23,6,72,1
585,42,1977,132,1977-10-23,17,14,0
586,42,1977,6,1977-10-23,19,5,0
595,42,1977,123,1977-10-23,9,71,0
474,12,1978,58,1978-01-15,1,52,9
480,12,1978,58,1978-01-15,5,52,2
482,12,1978,131,1978-01-15,15,51,0
485,12,1978,142,1978-01-15,9,52,0
499,12,1978,83,1978-01-15,2,52,6
500,12,1978,89,1978-01-15,12,51,0
505,12,1978,6,1978-01-15,7,52,0
508,12,1978,123,1978-01-15,3,52,4
509,12,1978,156,1978-01-15,23,9,0
511,12,1978,148,1978-01-15,10,52,0
515,12,1978,117,1978-01-15,4,52,3
518,12,1978,83,1978-01-15,19,41,0
519,12,1978,89,1978-01-15,11,52,0
524,12,1978,131,1978-01-15,17,50,0
525,12,1978,122,1978-01-15,18,50,0
540,12,1978,146,1978-01-15,16,50,0
549,12,1978,141,1978-01-15,20,36,0
558,12,1978,117,1978-01-15,13,51,0
580,12,1978,122,1978-01-15,24,4,0
585,12,1978,117,1978-01-15,6,52,1
586,12,1978,6,1978-01-15,8,52,0
592,12,1978,132,1978-01-15,22,28,0
594,12,1978,132,1978-01-15,21,35,0
596,12,1978,123,1978-01-15,14,51,0
474,43,1978,58,1978-01-29,4,63,3
480,43,1978,58,1978-01-29,18,15,0
482,43,1978,131,1978-01-29,5,62,2
485,43,1978,142,1978-01-29,2,63,6
499,43,1978,83,1978-01-29,3,63,4
500,43,1978,89,1978-01-29,24,0,0
505,43,1978,6,1978-01-29,1,63,9
508,43,1978,123,1978-01-29,21,8,0
511,43,1978,148,1978-01-29,17,16,0
515,43,1978,117,1978-01-29,15,25,0
518,43,1978,83,1978-01-29,8,61,0
519,43,1978,89,1978-01-29,7,62,0
524,43,1978,131,1978-01-29,16,25,0
540,43,1978,146,1978-01-29,9,61,0
549,43,1978,141,1978-01-29,11,58,0
558,43,1978,117,1978-01-29,20,11,0
580,43,1978,122,1978-01-29,22,5,0
581,43,1978,157,1978-01-29,10,59,0
583,43,1978,58,1978-01-29,12,40,0
585,43,1978,117,1978-01-29,14,34,0
586,43,1978,6,1978-01-29,13,35,0
592,43,1978,132,1978-01-29,23,0,0
594,43,1978,132,1978-01-29,19,13,0
596,43,1978,123,1978-01-29,6,62,1
474,27,1978,58,1978-03-04,7,77,0
478,27,1978,157,1978-03-04,9,77,0
480,27,1978,58,1978-03-04,1,78,9
485,27,1978,142,1978-03-04,24,9,0
499,27,1978,83,1978-03-04,18,52,0
500,27,1978,89,1978-03-04,8,77,0
505,27,1978,6,1978-03-04,17,55,0
508,27,1978,123,1978-03-04,2,78,6
509,27,1978,156,1978-03-04,21,39,0
511,27,1978,148,1978-03-04,14,59,0
515,27,1978,117,1978-03-04,26,5,0
518,27,1978,83,1978-03-04,3,78,4
519,27,1978,89,1978-03-04,20,43,0
525,27,1978,122,1978-03-04,12,76,0
534,27,1978,152,1978-03-04,22,38,0
540,27,1978,146,1978-03-04,5,78,2
549,27,1978,141,1978-03-04,4,78,3
558,27,1978,117,1978-03-04,11,76,0
580,27,1978,122,1978-03-04,19,52,0
581,27,1978,157,1978-03-04,13,63,0
583,27,1978,58,1978-03-04,10,77,0
585,27,1978,117,1978-03-04,15,56,0
586,27,1978,6,1978-03-04,16,55,0
596,27,1978,123,1978-03-04,6,77,1
597,27,1978,133,1978-03-04,25,8,0
598,27,1978,155,1978-03-04,23,15,0
474,41,1978,58,1978-04-02,2,80,6
478,41,1978,157,1978-04-02,9,79,0
480,41,1978,58,1978-04-02,4,80,3
482,41,1978,131,1978-04-02,10,79,0
485,41,1978,142,1978-04-02,8,79,0
499,41,1978,83,1978-04-02,17,27,0
500,41,1978,89,1978-04-02,11,75,0
505,41,1978,6,1978-04-02,1,80,9
508,41,1978,123,1978-04-02,3,80,4
509,41,1978,156,1978-04-02,19,17,0
511,41,1978,148,1978-04-02,13,59,0
515,41,1978,117,1978-04-02,22,5,0
518,41,1978,83,1978-04-02,21,9,0
519,41,1978,89,1978-04-02,20,11,0
524,41,1978,131,1978-04-02,24,0,0
525,41,1978,122,1978-04-02,14,50,0
534,41,1978,152,1978-04-02,15,43,0
540,41,1978,146,1978-04-02,5,80,2
549,41,1978,141,1978-04-02,7,79,0
580,41,1978,122,1978-04-02,23,0,0
581,41,1978,157,1978-04-02,6,79,1
585,41,1978,117,1978-04-02,12,74,0
586,41,1978,6,1978-04-02,16,38,0
596,41,1978,123,1978-04-02,18,25,0
455,2,1978,132,1978-05-07,17,27,0
474,2,1978,58,1978-05-07,11,69,0
478,2,1978,157,1978-05-07,15,38,0
480,2,1978,58,1978-05-07,13,56,0
485,2,1978,142,1978-05-07,9,74,0
499,2,1978,83,1978-05-07,2,75,6
505,2,1978,6,1978-05-07,8,74,0
508,2,1978,123,1978-05-07,1,75,9
511,2,1978,148,1978-05-07,3,75,4
515,2,1978,117,1978-05-07,14,43,0
518,2,1978,83,1978-05-07,4,75,3
524,2,1978,131,1978-05-07,18,24,0
534,2,1978,152,1978-05-07,10,71,0
540,2,1978,146,1978-05-07,19,13,0
549,2,1978,141,1978-05-07,16,29,0
580,2,1978,122,1978-05-07,20,8,0
581,2,1978,157,1978-05-07,6,75,1
585,2,1978,117,1978-05-07,7,74,0
586,2,1978,6,1978-05-07,12,62,0
596,2,1978,123,1978-05-07,5,75,2
455,38,1978,132,1978-05-21,12,64,0
474,38,1978,58,1978-05-21,1,70,9
478,38,1978,157,1978-05-21,20,26,0
480,38,1978,58,1978-05-21,2,70,6
482,38,1978,131,1978-05-21,18,40,0
485,38,1978,142,1978-05-21,24,0,0
499,38,1978,83,1978-05-21,22,0,0
505,38,1978,6,1978-05-21,3,70,4
508,38,1978,123,1978-05-21,17,51,0
511,38,1978,148,1978-05-21,16,53,0
515,38,1978,117,1978-05-21,23,0,0
518,38,1978,83,1978-05-21,21,18,0
519,38,1978,89,1978-05-21,11,68,0
524,38,1978,131,1978-05-21,14,56,0
525,38,1978,122,1978-05-21,13,63,0
534,38,1978,152,1978-05-21,15,56,0
540,38,1978,146,1978-05-21,5,69,2
549,38,1978,141,1978-05-21,10,68,0
558,38,1978,117,1978-05-21,7,69,0
581,38,1978,157,1978-05-21,19,31,0
586,38,1978,6,1978-05-21,4,70,3
591,38,1978,117,1978-05-21,8,69,0
596,38,1978,123,1978-05-21,6,69,1
599,38,1978,158,1978-05-21,9,68,0
455,30,1978,132,1978-06-04,16,64,0
474,30,1978,58,1978-06-04,1,75,9
478,30,1978,157,1978-06-04,14,71,0
480,30,1978,58,1978-06-04,2,75,6
482,30,1978,131,1978-06-04,15,67,0
485,30,1978,142,1978-06-04,17,62,0
499,30,1978,83,1978-06-04,19,56,0
505,30,1978,6,1978-06-04,18,57,0
508,30,1978,123,1978-06-04,20,51,0
511,30,1978,148,1978-06-04,4,75,3
515,30,1978,117,1978-06-04,6,74,1
518,30,1978,83,1978-06-04,5,75,2
519,30,1978,89,1978-06-04,9,74,0
524,30,1978,131,1978-06-04,21,45,0
525,30,1978,122,1978-06-04,7,74,0
534,30,1978,152,1978-06-04,13,71,0
540,30,1978,146,1978-06-04,3,75,4
549,30,1978,141,1978-06-04,8,74,0
580,30,1978,122,1978-06-04,11,73,0
581,30,1978,157,1978-06-04,22,21,0
583,30,1978,58,1978-06-04,23,21,0
585,30,1978,117,1978-06-04,24,16,0
586,30,1978,6,1978-06-04,10,74,0
596,30,1978,123,1978-06-04,12,71,0
474,39,1978,58,1978-06-17,17,46,0
478,39,1978,157,1978-06-17,14,67,0
480,39,1978,58,1978-06-17,3,70,4
482,39,1978,131,1978-06-17,5,69,2
485,39,1978,142,1978-06-17,6,69,1
499,39,1978,83,1978-06-17,1,70,9
505,39,1978,6,1978-06-17,10,69,0
508,39,1978,123,1978-06-17,19,42,0
509,39,1978,156,1978-06-17,16,62,0
511,39,1978,148,1978-06-17,22,16,0
515,39,1978,117,1978-06-17,8,69,0
518,39,1978,83,1978-06-17,21,19,0
519,39,1978,89,1978-06-17,13,68,0
524,39,1978,131,1978-06-17,11,68,0
525,39,1978,122,1978-06-17,24,7,0
534,39,1978,152,1978-06-17,20,28,0
540,39,1978,146,1978-06-17,7,69,0
549,39,1978,141,1978-06-17,18,46,0
581,39,1978,157,1978-06-17,2,70,6
583,39,1978,58,1978-06-17,12,68,0
585,39,1978,117,1978-06-17,4,69,3
586,39,1978,6,1978-06-17,9,69,0
596,39,1978,123,1978-06-17,23,8,0
598,39,1978,89,1978-06-17,15,63,0
474,35,1978,58,1978-07-02,1,54,9
478,35,1978,157,1978-07-02,15,53,0
480,35,1978,58,1978-07-02,2,54,6
482,35,1978,131,1978-07-02,25,4,0
485,35,1978,142,1978-07-02,20,43,0
499,35,1978,83,1978-07-02,23,10,0
505,35,1978,6,1978-07-02,18,49,0
508,35,1978,123,1978-07-02,24,10,0
511,35,1978,148,1978-07-02,6,54,1
515,35,1978,117,1978-07-02,3,54,4
518,35,1978,83,1978-07-02,4,54,3
519,35,1978,89,1978-07-02,13,53,0
524,35,1978,131,1978-07-02,11,53,0
525,35,1978,122,1978-07-02,17,52,0
534,35,1978,152,1978-07-02,26,1,0
540,35,1978,146,1978-07-02,7,54,0
549,35,1978,141,1978-07-02,5,54,2
558,35,1978,117,1978-07-02,19,45,0
580,35,1978,122,1978-07-02,21,40,0
581,35,1978,157,1978-07-02,8,54,0
585,35,1978,117,1978-07-02,9,54,0
586,35,1978,6,1978-07-02,12,53,0
591,35,1978,117,1978-07-02,22,28,0
596,35,1978,123,1978-07-02,10,54,0
598,35,1978,89,1978-07-02,16,52,0
599,35,1978,158,1978-07-02,14,53,0
474,24,1978,58,1978-07-16,21,28,0
480,24,1978,58,1978-07-16,26,6,0
482,24,1978,131,1978-07-16,13,49,0
485,24,1978,142,1978-07-16,18,32,0
499,24,1978,83,1978-07-16,2,76,6
505,24,1978,6,1978-07-16,1,76,9
508,24,1978,123,1978-07-16,4,76,3
509,24,1978,156,1978-07-16,19,32,0
511,24,1978,148,1978-07-16,17,36,0
515,24,1978,117,1978-07-16,25,7,0
518,24,1978,83,1978-07-16,3,76,4
519,24,1978,89,1978-07-16,11,65,0
524,24,1978,131,1978-07-16,5,75,2
525,24,1978,122,1978-07-16,9,75,0
534,24,1978,152,1978-07-16,14,46,0
540,24,1978,146,1978-07-16,10,73,0
549,24,1978,141,1978-07-16,22,26,0
558,24,1978,117,1978-07-16,8,75,0
581,24,1978,157,1978-07-16,15,40,0
583,24,1978,58,1978-07-16,24,15,0
585,24,1978,117,1978-07-16,6,75,1
586,24,1978,6,1978-07-16,23,19,0
591,24,1978,117,1978-07-16,7,75,0
596,24,1978,123,1978-07-16,16,40,0
598,24,1978,89,1978-07-16,12,59,0
600,24,1978,132,1978-07-16,20,30,0
474,33,1978,58,1978-07-30,1,45,9
478,33,1978,157,1978-07-30,12,42,0
480,33,1978,58,1978-07-30,13,36,0
485,33,1978,142,1978-07-30,4,45,3
499,33,1978,83,1978-07-30,20,11,0
505,33,1978,6,1978-07-30,19,14,0
508,33,1978,123,1978-07-30,24,0,0
511,33,1978,148,1978-07-30,2,45,6
515,33,1978,117,1978-07-30,14,34,0
518,33,1978,83,1978-07-30,7,45,0
519,33,1978,89,1978-07-30,22,1,0
524,33,1978,131,1978-07-30,23,1,0
525,33,1978,122,1978-07-30,17,24,0
534,33,1978,152,1978-07-30,21,5,0
540,33,1978,146,1978-07-30,3,45,4
549,33,1978,141,1978-07-30,15,31,0
556,33,1978,132,1978-07-30,11,41,0
581,33,1978,157,1978-07-30,9,44,0
583,33,1978,58,1978-07-30,6,45,1
585,33,1978,117,1978-07-30,18,16,0
586,33,1978,6,1978-07-30,8,45,0
596,33,1978,123,1978-07-30,5,45,2
598,33,1978,148,1978-07-30,10,42,0
603,33,1978,132,1978-07-30,16,31,0
474,34,1978,58,1978-08-13,26,0,0
480,34,1978,58,1978-08-13,1,54,9
482,34,1978,131,1978-08-13,10,50,0
485,34,1978,142,1978-08-13,4,53,3
499,34,1978,83,1978-08-13,17,27,0
505,34,1978,6,1978-08-13,16,28,0
508,34,1978,123,1978-08-13,2,54,6
511,34,1978,148,1978-08-13,25,3,0
515,34,1978,117,1978-08-13,19,7,0
518,34,1978,83,1978-08-13,7,53,0
524,34,1978,131,1978-08-13,14,33,0
525,34,1978,122,1978-08-13,6,53,1
534,34,1978,152,1978-08-13,15,31,0
540,34,1978,146,1978-08-13,5,53,2
549,34,1978,141,1978-08-13,20,7,0
556,34,1978,132,1978-08-13,22,7,0
558,34,1978,117,1978-08-13,8,52,0
581,34,1978,157,1978-08-13,21,7,0
583,34,1978,58,1978-08-13,23,4,0
585,34,1978,117,1978-08-13,13,40,0
586,34,1978,6,1978-08-13,3,54,4
596,34,1978,123,1978-08-13,18,20,0
598,34,1978,148,1978-08-13,11,49,0
599,34,1978,158,1978-08-13,9,52,0
600,34,1978,132,1978-08-13,12,41,0
603,34,1978,117,1978-08-13,24,4,0
474,11,1978,58,1978-08-27,1,75,9
480,11,1978,58,1978-08-27,2,75,6
485,11,1978,142,1978-08-27,5,75,2
499,11,1978,83,1978-08-27,3,75,4
505,11,1978,6,1978-08-27,7,75,0
508,11,1978,123,1978-08-27,23,13,0
509,11,1978,156,1978-08-27,16,40,0
511,11,1978,148,1978-08-27,12,73,0
515,11,1978,117,1978-08-27,10,74,0
518,11,1978,83,1978-08-27,4,75,3
524,11,1978,131,1978-08-27,14,56,0
525,11,1978,122,1978-08-27,17,37,0
534,11,1978,152,1978-08-27,18,35,0
540,11,1978,146,1978-08-27,8,74,0
549,11,1978,141,1978-08-27,21,17,0
558,11,1978,117,1978-08-27,19,35,0
580,11,1978,122,1978-08-27,27,0,0
581,11,1978,157,1978-08-27,25,0,0
583,11,1978,58,1978-08-27,11,74,0
585,11,1978,117,1978-08-27,9,74,0
586,11,1978,6,1978-08-27,6,75,1
591,11,1978,117,1978-08-27,13,60,0
596,11,1978,123,1978-08-27,26,0,0
598,11,1978,148,1978-08-27,20,21,0
599,11,1978,158,1978-08-27,15,40,0
600,11,1978,132,1978-08-27,24,10,0
603,11,1978,117,1978-08-27,22,16,0
474,7,1978,58,1978-09-10,6,40,1
480,7,1978,58,1978-09-10,20,0,0
482,7,1978,131,1978-09-10,15,33,0
485,7,1978,142,1978-09-10,8,40,0
499,7,1978,83,1978-09-10,1,40,9
505,7,1978,6,1978-09-10,3,40,4
508,7,1978,123,1978-09-10,11,40,0
509,7,1978,156,1978-09-10,18,14,0
511,7,1978,148,1978-09-10,12,39,0
515,7,1978,117,1978-09-10,17,19,0
518,7,1978,83,1978-09-10,2,40,6
524,7,1978,131,1978-09-10,22,0,0
525,7,1978,122,1978-09-10,24,0,0
534,7,1978,152,1978-09-10,19,6,0
540,7,1978,146,1978-09-10,4,40,3
549,7,1978,141,1978-09-10,13,39,0
558,7,1978,117,1978-09-10,23,0,0
581,7,1978,157,1978-09-10,16,28,0
585,7,1978,117,1978-09-10,5,40,2
586,7,1978,6,1978-09-10,7,40,0
591,7,1978,117,1978-09-10,14,39,0
596,7,1978,123,1978-09-10,21,0,0
600,7,1978,132,1978-09-10,10,40,0
603,7,1978,117,1978-09-10,9,40,0
474,21,1978,58,1978-10-01,20,27,0
478,21,1978,157,1978-10-01,16,54,0
482,21,1978,131,1978-10-01,14,56,0
485,21,1978,142,1978-10-01,5,59,2
499,21,1978,83,1978-10-01,19,28,0
500,21,1978,58,1978-10-01,15,55,0
505,21,1978,6,1978-10-01,1,59,9
508,21,1978,123,1978-10-01,22,23,0
509,21,1978,156,1978-10-01,17,46,0
511,21,1978,148,1978-10-01,3,59,4
515,21,1978,117,1978-10-01,7,58,0
518,21,1978,83,1978-10-01,21,25,0
524,21,1978,131,1978-10-01,25,1,0
534,21,1978,152,1978-10-01,4,59,3
540,21,1978,146,1978-10-01,11,58,0
549,21,1978,141,1978-10-01,2,59,6
558,21,1978,132,1978-10-01,13,58,0
583,21,1978,58,1978-10-01,26,0,0
585,21,1978,117,1978-10-01,6,59,1
586,21,1978,6,1978-10-01,23,22,0
590,21,1978,89,1978-10-01,18,43,0
596,21,1978,123,1978-10-01,10,58,0
598,21,1978,89,1978-10-01,24,21,0
599,21,1978,158,1978-10-01,9,58,0
600,21,1978,132,1978-10-01,8,58,0
605,21,1978,148,1978-10-01,12,58,0
474,44,1978,58,1978-10-08,10,69,0
485,44,1978,142,1978-10-08,22,0,0
499,44,1978,83,1978-10-08,20,5,0
500,44,1978,58,1978-10-08,16,49,0
505,44,1978,6,1978-10-08,3,70,4
508,44,1978,123,1978-10-08,5,70,2
511,44,1978,148,1978-10-08,2,70,6
515,44,1978,117,1978-10-08,15,51,0
518,44,1978,83,1978-10-08,19,8,0
524,44,1978,131,1978-10-08,21,1,0
534,44,1978,152,1978-10-08,12,65,0
540,44,1978,146,1978-10-08,14,52,0
549,44,1978,141,1978-10-08,9,70,0
581,44,1978,157,1978-10-08,4,70,3
585,44,1978,117,1978-10-08,8,70,0
586,44,1978,6,1978-10-08,1,70,9
596,44,1978,123,1978-10-08,7,70,0
598,44,1978,89,1978-10-08,13,58,0
599,44,1978,122,1978-10-08,17,37,0
600,44,1978,132,1978-10-08,6,70,1
603,44,1978,83,1978-10-08,11,69,0
605,44,1978,148,1978-10-08,18,16,0
474,12,1979,58,1979-01-21,5,52,2
482,12,1979,141,1979-01-21,10,51,0
485,12,1979,142,1979-01-21,6,52,1
499,12,1979,147,1979-01-21,18,8,0
500,12,1979,123,1979-01-21,16,15,0
505,12,1979,58,1979-01-21,2,53,6
508,12,1979,146,1979-01-21,4,53,3
509,12,1979,156,1979-01-21,24,0,0
511,12,1979,6,1979-01-21,20,0,0
515,12,1979,148,1979-01-21,15,41,0
518,12,1979,117,1979-01-21,3,53,4
519,12,1979,157,1979-01-21,8,51,0
524,12,1979,89,1979-01-21,26,0,0
534,12,1979,152,1979-01-21,17,15,0
540,12,1979,146,1979-01-21,1,53,9
549,12,1979,141,1979-01-21,9,51,0
581,12,1979,157,1979-01-21,25,0,0
583,12,1979,58,1979-01-21,13,46,0
585,12,1979,117,1979-01-21,22,0,0
586,12,1979,6,1979-01-21,12,48,0
596,12,1979,123,1979-01-21,21,0,0
599,12,1979,152,1979-01-21,19,6,0
600,12,1979,132,1979-01-21,11,51,0
603,12,1979,147,1979-01-21,23,0,0
607,12,1979,131,1979-01-21,7,52,0
608,12,1979,131,1979-01-21,14,42,0
474,37,1979,58,1979-02-04,23,2,0
482,37,1979,141,1979-02-04,15,38,0
485,37,1979,142,1979-02-04,11,39,0
499,37,1979,147,1979-02-04,21,5,0
500,37,1979,123,1979-02-04,24,0,0
505,37,1979,58,1979-02-04,3,40,4
508,37,1979,146,1979-02-04,2,40,6
511,37,1979,6,1979-02-04,6,39,1
515,37,1979,148,1979-02-04,19,7,0
518,37,1979,117,1979-02-04,8,39,0
519,37,1979,157,1979-02-04,7,39,0
524,37,1979,89,1979-02-04,17,31,0
534,37,1979,152,1979-02-04,10,39,0
540,37,1979,146,1979-02-04,1,40,9
549,37,1979,141,1979-02-04,16,33,0
581,37,1979,157,1979-02-04,9,39,0
585,37,1979,117,1979-02-04,20,7,0
586,37,1979,6,1979-02-04,5,39,2
596,37,1979,123,1979-02-04,4,40,3
599,37,1979,152,1979-02-04,18,28,0
600,37,1979,132,1979-02-04,13,39,0
603,37,1979,147,1979-02-04,22,5,0
607,37,1979,131,1979-02-04,12,39,0
608,37,1979,131,1979-02-04,14,39,0
474,27,1979,58,1979-03-03,4,78,3
482,27,1979,141,1979-03-03,9,76,0
485,27,1979,142,1979-03-03,13,74,0
499,27,1979,147,1979-03-03,6,77,1
500,27,1979,123,1979-03-03,3,78,4
505,27,1979,58,1979-03-03,5,78,2
508,27,1979,146,1979-03-03,23,4,0
511,27,1979,6,1979-03-03,2,78,6
515,27,1979,148,1979-03-03,8,77,0
518,27,1979,117,1979-03-03,17,61,0
519,27,1979,157,1979-03-03,12,74,0
524,27,1979,89,1979-03-03,18,57,0
534,27,1979,152,1979-03-03,19,47,0
540,27,1979,146,1979-03-03,20,45,0
549,27,1979,141,1979-03-03,16,63,0
581,27,1979,157,1979-03-03,11,75,0
583,27,1979,58,1979-03-03,14,71,0
585,27,1979,117,1979-03-03,10,75,0
586,27,1979,6,1979-03-03,1,78,9
596,27,1979,123,1979-03-03,21,25,0
599,27,1979,152,1979-03-03,15,67,0
603,27,1979,147,1979-03-03,7,77,0
607,27,1979,131,1979-03-03,22,16,0
608,27,1979,131,1979-03-03,24,2,0
474,41,1979,58,1979-04-08,4,80,3
482,41,1979,141,1979-04-08,15,48,0
485,41,1979,142,1979-04-08,19,19,0
499,41,1979,147,1979-04-08,23,0,0
500,41,1979,123,1979-04-08,6,79,1
505,41,1979,58,1979-04-08,18,21,0
508,41,1979,146,1979-04-08,5,80,2
509,41,1979,156,1979-04-08,20,13,0
511,41,1979,6,1979-04-08,2,80,6
515,41,1979,148,1979-04-08,22,0,0
518,41,1979,117,1979-04-08,13,62,0
519,41,1979,157,1979-04-08,9,78,0
524,41,1979,89,1979-04-08,14,49,0
534,41,1979,152,1979-04-08,26,0,0
540,41,1979,146,1979-04-08,21,8,0
549,41,1979,141,1979-04-08,3,80,4
581,41,1979,157,1979-04-08,17,40,0
583,41,1979,58,1979-04-08,11,71,0
585,41,1979,117,1979-04-08,24,0,0
586,41,1979,6,1979-04-08,1,80,9
596,41,1979,123,1979-04-08,10,72,0
599,41,1979,152,1979-04-08,25,0,0
600,41,1979,132,1979-04-08,12,69,0
603,41,1979,147,1979-04-08,8,78,0
607,41,1979,131,1979-04-08,7,78,0
608,41,1979,131,1979-04-08,16,47,0
474,30,1979,58,1979-04-29,3,75,4
482,30,1979,141,1979-04-29,19,32,0
485,30,1979,142,1979-04-29,11,74,0
499,30,1979,147,1979-04-29,15,63,0
500,30,1979,123,1979-04-29,5,75,2
505,30,1979,58,1979-04-29,2,75,6
508,30,1979,146,1979-04-29,1,75,9
511,30,1979,6,1979-04-29,4,75,3
515,30,1979,148,1979-04-29,20,26,0
518,30,1979,117,1979-04-29,22,21,0
519,30,1979,157,1979-04-29,8,75,0
524,30,1979,89,1979-04-29,14,69,0
534,30,1979,152,1979-04-29,21,21,0
540,30,1979,146,1979-04-29,23,15,0
549,30,1979,141,1979-04-29,17,54,0
581,30,1979,157,1979-04-29,10,74,0
583,30,1979,58,1979-04-29,16,58,0
585,30,1979,117,1979-04-29,13,72,0
586,30,1979,6,1979-04-29,7,75,0
596,30,1979,123,1979-04-29,6,75,1
599,30,1979,152,1979-04-29,9,74,0
603,30,1979,147,1979-04-29,24,15,0
607,30,1979,131,1979-04-29,18,52,0
608,30,1979,131,1979-04-29,12,73,0
474,38,1979,58,1979-05-13,15,27,0
482,38,1979,141,1979-05-13,24,1,0
485,38,1979,142,1979-05-13,9,68,0
499,38,1979,147,1979-05-13,17,23,0
500,38,1979,123,1979-05-13,11,67,0
505,38,1979,58,1979-05-13,4,70,3
508,38,1979,146,1979-05-13,12,46,0
511,38,1979,6,1979-05-13,1,70,9
515,38,1979,148,1979-05-13,13,40,0
518,38,1979,117,1979-05-13,6,70,1
519,38,1979,157,1979-05-13,21,17,0
524,38,1979,89,1979-05-13,8,69,0
534,38,1979,152,1979-05-13,23,13,0
540,38,1979,146,1979-05-13,2,70,6
549,38,1979,141,1979-05-13,14,39,0
581,38,1979,157,1979-05-13,5,70,2
583,38,1979,58,1979-05-13,22,13,0
586,38,1979,6,1979-05-13,7,69,0
591,38,1979,1,1979-05-13,19,21,0
596,38,1979,123,1979-05-13,3,70,4
599,38,1979,152,1979-05-13,18,22,0
603,38,1979,147,1979-05-13,16,23,0
607,38,1979,131,1979-05-13,20,21,0
608,38,1979,131,1979-05-13,10,68,0
474,2,1979,58,1979-05-27,16,21,0
482,2,1979,141,1979-05-27,2,76,6
485,2,1979,142,1979-05-27,17,17,0
499,2,1979,147,1979-05-27,14,21,0
500,2,1979,123,1979-05-27,12,34,0
505,2,1979,58,1979-05-27,3,76,4
508,2,1979,146,1979-05-27,5,75,2
511,2,1979,6,1979-05-27,1,76,9
515,2,1979,148,1979-05-27,19,4,0
518,2,1979,117,1979-05-27,4,76,3
519,2,1979,157,1979-05-27,6,69,1
524,2,1979,89,1979-05-27,13,30,0
534,2,1979,152,1979-05-27,8,68,0
540,2,1979,146,1979-05-27,9,55,0
549,2,1979,141,1979-05-27,11,43,0
581,2,1979,157,1979-05-27,20,4,0
586,2,1979,6,1979-05-27,10,54,0
596,2,1979,123,1979-05-27,15,21,0
599,2,1979,152,1979-05-27,18,8,0
603,2,1979,147,1979-05-27,7,68,0
455,40,1979,146,1979-07-01,23,45,0
474,40,1979,58,1979-07-01,22,51,0
482,40,1979,141,1979-07-01,6,80,1
485,40,1979,142,1979-07-01,20,53,0
499,40,1979,147,1979-07-01,24,23,0
500,40,1979,123,1979-07-01,5,80,2
505,40,1979,58,1979-07-01,13,77,0
511,40,1979,6,1979-07-01,7,79,0
518,40,1979,117,1979-07-01,11,78,0
519,40,1979,157,1979-07-01,15,75,0
524,40,1979,89,1979-07-01,25,0,0
534,40,1979,152,1979-07-01,1,80,9
540,40,1979,146,1979-07-01,8,79,0
549,40,1979,141,1979-07-01,4,80,3
581,40,1979,157,1979-07-01,14,77,0
583,40,1979,58,1979-07-01,12,78,0
585,40,1979,117,1979-07-01,10,78,0
586,40,1979,6,1979-07-01,2,80,6
591,40,1979,1,1979-07-01,17,75,0
596,40,1979,123,1979-07-01,19,71,0
598,40,1979,148,1979-07-01,9,79,0
599,40,1979,152,1979-07-01,3,80,4
603,40,1979,147,1979-07-01,21,52,0
607,40,1979,131,1979-07-01,16,75,0
608,40,1979,131,1979-07-01,18,73,0
455,1,1979,146,1979-07-14,6,67,1
474,1,1979,58,1979-07-14,23,3,0
482,1,1979,141,1979-07-14,1,68,9
485,1,1979,142,1979-07-14,20,25,0
499,1,1979,147,1979-07-14,22,12,0
500,1,1979,123,1979-07-14,3,67,4
505,1,1979,58,1979-07-14,8,66,0
511,1,1979,6,1979-07-14,5,67,2
518,1,1979,117,1979-07-14,4,67,3
519,1,1979,157,1979-07-14,19,37,0
534,1,1979,152,1979-07-14,21,21,0
540,1,1979,146,1979-07-14,16,44,0
549,1,1979,141,1979-07-14,18,38,0
581,1,1979,157,1979-07-14,15,45,0
583,1,1979,58,1979-07-14,9,66,0
585,1,1979,117,1979-07-14,7,66,0
586,1,1979,6,1979-07-14,14,63,0
596,1,1979,123,1979-07-14,10,66,0
598,1,1979,148,1979-07-14,17,44,0
599,1,1979,152,1979-07-14,2,68,6
603,1,1979,147,1979-07-14,24,1,0
607,1,1979,131,1979-07-14,12,65,0
608,1,1979,131,1979-07-14,11,65,0
610,1,1979,132,1979-07-14,13,65,0
455,33,1979,146,1979-07-29,17,24,0
474,33,1979,58,1979-07-29,19,16,0
482,33,1979,141,1979-07-29,2,45,6
485,33,1979,142,1979-07-29,22,4,0
499,33,1979,147,1979-07-29,16,27,0
505,33,1979,58,1979-07-29,23,1,0
511,33,1979,6,1979-07-29,4,45,3
518,33,1979,117,1979-07-29,5,45,2
519,33,1979,157,1979-07-29,6,44,1
524,33,1979,89,1979-07-29,24,0,0
534,33,1979,152,1979-07-29,21,7,0
540,33,1979,146,1979-07-29,3,45,4
549,33,1979,141,1979-07-29,1,45,9
581,33,1979,157,1979-07-29,13,34,0
583,33,1979,58,1979-07-29,18,22,0
585,33,1979,117,1979-07-29,14,30,0
586,33,1979,6,1979-07-29,8,44,0
596,33,1979,123,1979-07-29,9,44,0
598,33,1979,148,1979-07-29,15,29,0
599,33,1979,152,1979-07-29,20,9,0
602,33,1979,123,1979-07-29,7,44,0
603,33,1979,147,1979-07-29,12,42,0
607,33,1979,131,1979-07-29,11,43,0
608,33,1979,131,1979-07-29,10,44,0
455,34,1979,146,1979-08-12,17,26,0
474,34,1979,58,1979-08-12,24,0,0
482,34,1979,141,1979-08-12,5,54,2
485,34,1979,142,1979-08-12,21,15,0
499,34,1979,147,1979-08-12,11,45,0
505,34,1979,58,1979-08-12,18,22,0
511,34,1979,6,1979-08-12,4,54,3
518,34,1979,117,1979-08-12,9,53,0
519,34,1979,157,1979-08-12,23,1,0
524,34,1979,89,1979-08-12,16,28,0
534,34,1979,152,1979-08-12,19,16,0
540,34,1979,146,1979-08-12,3,54,4
549,34,1979,141,1979-08-12,1,54,9
581,34,1979,157,1979-08-12,13,34,0
585,34,1979,117,1979-08-12,10,53,0
586,34,1979,6,1979-08-12,2,54,6
596,34,1979,123,1979-08-12,7,53,0
598,34,1979,148,1979-08-12,20,15,0
599,34,1979,152,1979-08-12,6,53,1
600,34,1979,123,1979-08-12,8,53,0
603,34,1979,147,1979-08-12,15,32,0
607,34,1979,131,1979-08-12,14,34,0
608,34,1979,131,1979-08-12,22,3,0
610,34,1979,132,1979-08-12,12,42,0
455,11,1979,146,1979-08-26,5,74,2
474,11,1979,58,1979-08-26,17,9,0
482,11,1979,141,1979-08-26,24,0,0
485,11,1979,142,1979-08-26,21,2,0
499,11,1979,147,1979-08-26,20,4,0
500,11,1979,123,1979-08-26,14,20,0
505,11,1979,58,1979-08-26,22,1,0
511,11,1979,6,1979-08-26,2,75,6
518,11,1979,117,1979-08-26,13,22,0
519,11,1979,157,1979-08-26,6,73,1
524,11,1979,89,1979-08-26,15,19,0
534,11,1979,152,1979-08-26,12,26,0
540,11,1979,146,1979-08-26,3,75,4
549,11,1979,141,1979-08-26,1,75,9
581,11,1979,157,1979-08-26,18,7,0
583,11,1979,58,1979-08-26,7,73,0
585,11,1979,117,1979-08-26,19,6,0
586,11,1979,6,1979-08-26,9,49,0
596,11,1979,123,1979-08-26,8,51,0
598,11,1979,148,1979-08-26,11,33,0
599,11,1979,152,1979-08-26,23,1,0
603,11,1979,147,1979-08-26,4,74,3
607,11,1979,131,1979-08-26,10,40,0
608,11,1979,131,1979-08-26,16,12,0
455,7,1979,146,1979-09-09,17,40,0
474,7,1979,58,1979-09-09,5,50,2
482,7,1979,141,1979-09-09,3,50,4
485,7,1979,142,1979-09-09,8,49,0
499,7,1979,147,1979-09-09,4,50,3
500,7,1979,123,1979-09-09,6,50,1
505,7,1979,58,1979-09-09,7,50,0
511,7,1979,6,1979-09-09,1,50,9
518,7,1979,117,1979-09-09,21,13,0
519,7,1979,157,1979-09-09,23,3,0
524,7,1979,89,1979-09-09,11,49,0
525,7,1979,1,1979-09-09,12,49,0
534,7,1979,152,1979-09-09,14,45,0
540,7,1979,146,1979-09-09,15,41,0
549,7,1979,141,1979-09-09,9,49,0
581,7,1979,157,1979-09-09,13,47,0
585,7,1979,117,1979-09-09,22,3,0
586,7,1979,6,1979-09-09,2,50,6
591,7,1979,1,1979-09-09,19,28,0
596,7,1979,123,1979-09-09,10,49,0
598,7,1979,148,1979-09-09,16,41,0
599,7,1979,152,1979-09-09,20,13,0
603,7,1979,147,1979-09-09,24,1,0
607,7,1979,131,1979-09-09,18,33,0
455,44,1979,146,1979-09-30,13,47,0
474,44,1979,58,1979-09-30,10,66,0
482,44,1979,141,1979-09-30,3,72,4
485,44,1979,142,1979-09-30,8,67,0
499,44,1979,97,1979-09-30,30,0,0
500,44,1979,123,1979-09-30,14,33,0
505,44,1979,58,1979-09-30,19,23,0
511,44,1979,6,1979-09-30,4,71,3
518,44,1979,117,1979-09-30,6,70,1
524,44,1979,89,1979-09-30,23,14,0
525,44,1979,1,1979-09-30,12,52,0
534,44,1979,152,1979-09-30,17,24,0
540,44,1979,146,1979-09-30,24,10,0
549,44,1979,141,1979-09-30,1,72,9
581,44,1979,157,1979-09-30,20,20,0
583,44,1979,160,1979-09-30,16,26,0
585,44,1979,117,1979-09-30,21,19,0
586,44,1979,6,1979-09-30,2,72,6
596,44,1979,123,1979-09-30,5,71,2
599,44,1979,152,1979-09-30,22,14,0
600,44,1979,123,1979-09-30,15,28,0
603,44,1979,97,1979-09-30,11,61,0
607,44,1979,131,1979-09-30,18,24,0
608,44,1979,131,1979-09-30,9,67,0
612,44,1979,97,1979-09-30,7,68,0
455,21,1979,146,1979-10-07,23,2,0
474,21,1979,58,1979-10-07,20,16,0
482,21,1979,141,1979-10-07,14,29,0
485,21,1979,142,1979-10-07,7,54,0
500,21,1979,123,1979-10-07,19,18,0
505,21,1979,58,1979-10-07,21,6,0
511,21,1979,6,1979-10-07,10,48,0
518,21,1979,117,1979-10-07,6,58,1
524,21,1979,89,1979-10-07,5,59,2
534,21,1979,152,1979-10-07,16,24,0
540,21,1979,146,1979-10-07,22,3,0
549,21,1979,141,1979-10-07,12,36,0
581,21,1979,157,1979-10-07,11,44,0
585,21,1979,117,1979-10-07,18,20,0
586,21,1979,6,1979-10-07,1,59,9
591,21,1979,1,1979-10-07,24,0,0
596,21,1979,123,1979-10-07,3,59,4
598,21,1979,148,1979-10-07,17,20,0
599,21,1979,152,1979-10-07,2,59,6
600,21,1979,123,1979-10-07,9,52,0
603,21,1979,97,1979-10-07,8,53,0
607,21,1979,131,1979-10-07,4,59,3
611,21,1979,132,1979-10-07,13,32,0
612,21,1979,97,1979-10-07,15,25,0
474,12,1980,58,1980-01-13,16,20,0
482,12,1980,132,1980-01-13,10,44,0
485,12,1980,142,1980-01-13,11,37,0
500,12,1980,123,1980-01-13,24,1,0
505,12,1980,141,1980-01-13,18,12,0
508,12,1980,1,1980-01-13,8,46,0
511,12,1980,6,1980-01-13,9,45,0
518,12,1980,117,1980-01-13,20,5,0
519,12,1980,157,1980-01-13,17,20,0
534,12,1980,152,1980-01-13,21,3,0
540,12,1980,146,1980-01-13,13,30,0
549,12,1980,141,1980-01-13,1,53,9
581,12,1980,157,1980-01-13,14,27,0
586,12,1980,6,1980-01-13,12,36,0
591,12,1980,1,1980-01-13,5,52,2
596,12,1980,146,1980-01-13,23,1,0
598,12,1980,142,1980-01-13,3,53,4
599,12,1980,152,1980-01-13,22,2,0
600,12,1980,123,1980-01-13,4,53,3
603,12,1980,83,1980-01-13,2,53,6
607,12,1980,58,1980-01-13,19,7,0
611,12,1980,89,1980-01-13,15,27,0
612,12,1980,83,1980-01-13,7,51,0
613,12,1980,117,1980-01-13,6,52,1
474,37,1980,58,1980-01-27,23,1,0
482,37,1980,132,1980-01-27,21,13,0
485,37,1980,142,1980-01-27,15,38,0
500,37,1980,123,1980-01-27,12,39,0
505,37,1980,141,1980-01-27,24,1,0
508,37,1980,1,1980-01-27,17,33,0
511,37,1980,6,1980-01-27,22,10,0
518,37,1980,117,1980-01-27,11,39,0
519,37,1980,157,1980-01-27,10,39,0
534,37,1980,152,1980-01-27,18,25,0
540,37,1980,146,1980-01-27,20,13,0
549,37,1980,141,1980-01-27,3,40,4
581,37,1980,157,1980-01-27,6,39,1
586,37,1980,6,1980-01-27,16,36,0
591,37,1980,1,1980-01-27,13,39,0
596,37,1980,146,1980-01-27,4,40,3
598,37,1980,142,1980-01-27,9,39,0
599,37,1980,152,1980-01-27,1,40,9
600,37,1980,123,1980-01-27,14,38,0
603,37,1980,83,1980-01-27,19,14,0
607,37,1980,58,1980-01-27,2,40,6
611,37,1980,89,1980-01-27,7,39,0
612,37,1980,83,1980-01-27,8,39,0
613,37,1980,117,1980-01-27,5,40,2
474,27,1980,58,1980-03-01,12,76,0
482,27,1980,132,1980-03-01,9,77,0
485,27,1980,142,1980-03-01,8,77,0
500,27,1980,123,1980-03-01,7,77,0
505,27,1980,141,1980-03-01,5,77,2
508,27,1980,1,1980-03-01,18,53,0
511,27,1980,6,1980-03-01,21,14,0
518,27,1980,117,1980-03-01,11,76,0
519,27,1980,157,1980-03-01,6,77,1
534,27,1980,152,1980-03-01,15,61,0
540,27,1980,146,1980-03-01,2,78,6
549,27,1980,141,1980-03-01,19,34,0
581,27,1980,157,1980-03-01,22,10,0
586,27,1980,6,1980-03-01,20,31,0
591,27,1980,1,1980-03-01,14,69,0
596,27,1980,146,1980-03-01,3,78,4
597,27,1980,161,1980-03-01,23,8,0
598,27,1980,142,1980-03-01,17,58,0
599,27,1980,152,1980-03-01,1,78,9
600,27,1980,123,1980-03-01,16,61,0
602,27,1980,131,1980-03-01,13,70,0
603,27,1980,83,1980-03-01,4,78,3
607,27,1980,58,1980-03-01,24,1,0
611,27,1980,89,1980-03-01,26,0,0
612,27,1980,83,1980-03-01,10,77,0
613,27,1980,117,1980-03-01,25,0,0
474,41,1980,58,1980-03-30,23,0,0
482,41,1980,132,1980-03-30,12,50,0
485,41,1980,142,1980-03-30,3,80,4
500,41,1980,123,1980-03-30,20,3,0
505,41,1980,141,1980-03-30,19,3,0
508,41,1980,1,1980-03-30,16,40,0
511,41,1980,6,1980-03-30,5,79,2
518,41,1980,117,1980-03-30,4,79,3
519,41,1980,157,1980-03-30,7,79,0
534,41,1980,152,1980-03-30,10,71,0
540,41,1980,146,1980-03-30,17,36,0
549,41,1980,141,1980-03-30,14,47,0
581,41,1980,157,1980-03-30,2,80,6
586,41,1980,6,1980-03-30,15,46,0
591,41,1980,1,1980-03-30,13,49,0
596,41,1980,146,1980-03-30,6,79,1
597,41,1980,161,1980-03-30,18,11,0
598,41,1980,142,1980-03-30,11,58,0
599,41,1980,152,1980-03-30,9,78,0
600,41,1980,123,1980-03-30,8,79,0
603,41,1980,83,1980-03-30,1,80,9
607,41,1980,58,1980-03-30,21,3,0
608,41,1980,89,1980-03-30,22,0,0
612,41,1980,83,1980-03-30,24,0,0
474,38,1980,58,1980-05-04,15,41,0
485,38,1980,142,1980-05-04,19,16,0
500,38,1980,123,1980-05-04,5,71,2
505,38,1980,141,1980-05-04,3,72,4
508,38,1980,1,1980-05-04,16,38,0
511,38,1980,6,1980-05-04,8,70,0
518,38,1980,117,1980-05-04,13,61,0
519,38,1980,157,1980-05-04,23,1,0
534,38,1980,152,1980-05-04,24,1,0
540,38,1980,146,1980-05-04,11,68,0
549,38,1980,141,1980-05-04,2,72,6
581,38,1980,157,1980-05-04,14,58,0
586,38,1980,6,1980-05-04,6,71,1
591,38,1980,1,1980-05-04,21,11,0
596,38,1980,146,1980-05-04,1,72,9
598,38,1980,142,1980-05-04,7,71,0
599,38,1980,152,1980-05-04,4,71,3
600,38,1980,123,1980-05-04,9,70,0
603,38,1980,83,1980-05-04,17,32,0
607,38,1980,58,1980-05-04,10,69,0
608,38,1980,89,1980-05-04,12,64,0
612,38,1980,83,1980-05-04,22,5,0
613,38,1980,117,1980-05-04,18,29,0
617,38,1980,132,1980-05-04,20,12,0
474,2,1980,58,1980-05-18,7,73,0
485,2,1980,142,1980-05-18,6,74,1
500,2,1980,123,1980-05-18,18,0,0
505,2,1980,141,1980-05-18,1,76,9
508,2,1980,1,1980-05-18,13,50,0
511,2,1980,6,1980-05-18,14,27,0
519,2,1980,157,1980-05-18,4,75,3
534,2,1980,152,1980-05-18,15,25,0
540,2,1980,146,1980-05-18,2,76,6
549,2,1980,141,1980-05-18,16,24,0
581,2,1980,157,1980-05-18,8,73,0
586,2,1980,6,1980-05-18,5,75,2
591,2,1980,1,1980-05-18,17,0,0
596,2,1980,146,1980-05-18,11,54,0
599,2,1980,152,1980-05-18,12,53,0
600,2,1980,123,1980-05-18,20,0,0
603,2,1980,83,1980-05-18,3,76,4
607,2,1980,58,1980-05-18,9,68,0
608,2,1980,89,1980-05-18,10,64,0
613,2,1980,117,1980-05-18,19,0,0
474,35,1980,58,1980-06-29,18,18,0
485,35,1980,142,1980-06-29,13,50,0
500,35,1980,123,1980-06-29,14,50,0
505,35,1980,141,1980-06-29,6,54,1
508,35,1980,1,1980-06-29,17,25,0
511,35,1980,6,1980-06-29,12,52,0
518,35,1980,117,1980-06-29,7,53,0
519,35,1980,157,1980-06-29,10,53,0
534,35,1980,152,1980-06-29,23,0,0
540,35,1980,146,1980-06-29,3,54,4
549,35,1980,141,1980-06-29,1,54,9
581,35,1980,157,1980-06-29,9,53,0
586,35,1980,6,1980-06-29,8,53,0
591,35,1980,1,1980-06-29,20,8,0
596,35,1980,146,1980-06-29,2,54,6
597,35,1980,161,1980-06-29,15,43,0
598,35,1980,142,1980-06-29,19,8,0
599,35,1980,152,1980-06-29,5,54,2
600,35,1980,123,1980-06-29,11,52,0
603,35,1980,83,1980-06-29,4,54,3
607,35,1980,58,1980-06-29,22,3,0
611,35,1980,89,1980-06-29,16,26,0
612,35,1980,83,1980-06-29,24,0,0
613,35,1980,117,1980-06-29,21,6,0
474,24,1980,58,1980-07-13,17,57,0
485,24,1980,142,1980-07-13,12,72,0
500,24,1980,123,1980-07-13,5,75,2
505,24,1980,141,1980-07-13,3,76,4
508,24,1980,1,1980-07-13,21,27,0
511,24,1980,6,1980-07-13,10,73,0
518,24,1980,117,1980-07-13,8,74,0
519,24,1980,157,1980-07-13,13,69,0
534,24,1980,152,1980-07-13,24,4,0
540,24,1980,146,1980-07-13,20,30,0
549,24,1980,141,1980-07-13,1,76,9
580,24,1980,141,1980-07-13,11,73,0
581,24,1980,157,1980-07-13,9,73,0
583,24,1980,83,1980-07-13,7,74,0
586,24,1980,6,1980-07-13,19,35,0
591,24,1980,1,1980-07-13,18,42,0
596,24,1980,146,1980-07-13,15,63,0
597,24,1980,161,1980-07-13,22,17,0
599,24,1980,152,1980-07-13,14,67,0
600,24,1980,123,1980-07-13,4,75,3
603,24,1980,83,1980-07-13,2,76,6
607,24,1980,58,1980-07-13,23,16,0
611,24,1980,89,1980-07-13,16,59,0
613,24,1980,117,1980-07-13,6,75,1
474,33,1980,58,1980-08-10,7,45,0
485,33,1980,142,1980-08-10,22,18,0
500,33,1980,123,1980-08-10,15,44,0
505,33,1980,141,1980-08-10,2,45,6
511,33,1980,6,1980-08-10,13,44,0
518,33,1980,117,1980-08-10,17,39,0
519,33,1980,157,1980-08-10,8,45,0
534,33,1980,152,1980-08-10,18,27,0
540,33,1980,146,1980-08-10,1,45,9
549,33,1980,141,1980-08-10,3,45,4
581,33,1980,157,1980-08-10,9,44,0
583,33,1980,83,1980-08-10,24,4,0
586,33,1980,6,1980-08-10,6,45,1
591,33,1980,1,1980-08-10,5,45,2
596,33,1980,146,1980-08-10,21,18,0
597,33,1980,161,1980-08-10,20,23,0
598,33,1980,142,1980-08-10,23,8,0
599,33,1980,152,1980-08-10,19,26,0
600,33,1980,123,1980-08-10,10,44,0
603,33,1980,83,1980-08-10,4,45,3
607,33,1980,58,1980-08-10,16,43,0
608,33,1980,132,1980-08-10,14,44,0
611,33,1980,89,1980-08-10,12,44,0
613,33,1980,117,1980-08-10,11,44,0
474,34,1980,58,1980-08-17,24,6,0
485,34,1980,142,1980-08-17,11,53,0
500,34,1980,123,1980-08-17,21,25,0
505,34,1980,141,1980-08-17,3,54,4
511,34,1980,6,1980-08-17,13,53,0
518,34,1980,117,1980-08-17,18,34,0
534,34,1980,152,1980-08-17,1,54,9
540,34,1980,146,1980-08-17,4,54,3
549,34,1980,141,1980-08-17,2,54,6
580,34,1980,141,1980-08-17,15,52,0
581,34,1980,157,1980-08-17,14,53,0
583,34,1980,83,1980-08-17,10,53,0
586,34,1980,6,1980-08-17,8,53,0
591,34,1980,1,1980-08-17,19,28,0
596,34,1980,146,1980-08-17,20,25,0
597,34,1980,161,1980-08-17,22,23,0
598,34,1980,142,1980-08-17,16,52,0
599,34,1980,152,1980-08-17,9,53,0
600,34,1980,123,1980-08-17,23,12,0
603,34,1980,83,1980-08-17,5,54,2
607,34,1980,58,1980-08-17,6,54,1
611,34,1980,89,1980-08-17,12,53,0
613,34,1980,117,1980-08-17,7,54,0
619,34,1980,58,1980-08-17,17,40,0
474,11,1980,58,1980-08-31,8,70,0
485,11,1980,142,1980-08-31,20,16,0
500,11,1980,123,1980-08-31,5,72,2
505,11,1980,141,1980-08-31,4,72,3
511,11,1980,6,1980-08-31,9,70,0
518,11,1980,117,1980-08-31,19,18,0
519,11,1980,157,1980-08-31,29,0,0
525,11,1980,1,1980-08-31,17,21,0
534,11,1980,152,1980-08-31,16,23,0
540,11,1980,146,1980-08-31,3,72,4
549,11,1980,141,1980-08-31,11,69,0
581,11,1980,157,1980-08-31,15,29,0
583,11,1980,83,1980-08-31,24,1,0
586,11,1980,6,1980-08-31,7,71,0
591,11,1980,1,1980-08-31,13,58,0
596,11,1980,146,1980-08-31,23,2,0
597,11,1980,161,1980-08-31,14,38,0
599,11,1980,152,1980-08-31,2,72,6
600,11,1980,123,1980-08-31,12,60,0
602,11,1980,132,1980-08-31,18,21,0
603,11,1980,83,1980-08-31,1,72,9
607,11,1980,58,1980-08-31,22,2,0
611,11,1980,89,1980-08-31,10,69,0
613,11,1980,117,1980-08-31,6,72,1
619,11,1980,58,1980-08-31,21,15,0
474,45,1980,58,1980-09-14,16,40,0
485,45,1980,142,1980-09-14,21,17,0
500,45,1980,123,1980-09-14,13,54,0
505,45,1980,141,1980-09-14,3,60,4
511,45,1980,6,1980-09-14,8,59,0
518,45,1980,117,1980-09-14,19,20,0
525,45,1980,1,1980-09-14,24,4,0
534,45,1980,152,1980-09-14,14,53,0
540,45,1980,146,1980-09-14,9,59,0
549,45,1980,141,1980-09-14,2,60,6
580,45,1980,141,1980-09-14,11,58,0
581,45,1980,157,1980-09-14,17,38,0
583,45,1980,83,1980-09-14,20,18,0
586,45,1980,6,1980-09-14,22,5,0
591,45,1980,1,1980-09-14,23,5,0
596,45,1980,146,1980-09-14,6,59,1
597,45,1980,161,1980-09-14,12,57,0
598,45,1980,142,1980-09-14,5,59,2
599,45,1980,152,1980-09-14,10,58,0
600,45,1980,123,1980-09-14,18,33,0
603,45,1980,83,1980-09-14,1,60,9
607,45,1980,58,1980-09-14,4,59,3
611,45,1980,89,1980-09-14,15,45,0
613,45,1980,117,1980-09-14,7,59,0
474,44,1980,58,1980-09-28,17,11,0
485,44,1980,142,1980-09-28,20,8,0
500,44,1980,123,1980-09-28,7,69,0
505,44,1980,141,1980-09-28,2,70,6
518,44,1980,117,1980-09-28,4,70,3
519,44,1980,157,1980-09-28,11,67,0
534,44,1980,152,1980-09-28,15,25,0
540,44,1980,146,1980-09-28,8,68,0
549,44,1980,141,1980-09-28,1,70,9
581,44,1980,157,1980-09-28,22,6,0
583,44,1980,83,1980-09-28,6,69,1
586,44,1980,6,1980-09-28,5,70,2
591,44,1980,1,1980-09-28,21,7,0
596,44,1980,146,1980-09-28,3,70,4
597,44,1980,161,1980-09-28,19,8,0
598,44,1980,142,1980-09-28,9,68,0
599,44,1980,152,1980-09-28,14,39,0
600,44,1980,123,1980-09-28,23,0,0
603,44,1980,83,1980-09-28,16,23,0
607,44,1980,58,1980-09-28,10,68,0
608,44,1980,132,1980-09-28,12,66,0
613,44,1980,117,1980-09-28,13,41,0
620,44,1980,123,1980-09-28,24,0,0
622,44,1980,1,1980-09-28,18,8,0
474,21,1980,58,1980-10-05,6,58,1
485,21,1980,142,1980-10-05,22,15,0
500,21,1980,123,1980-10-05,14,40,0
505,21,1980,141,1980-10-05,2,59,6
511,21,1980,6,1980-10-05,11,56,0
518,21,1980,117,1980-10-05,12,50,0
519,21,1980,157,1980-10-05,15,36,0
540,21,1980,146,1980-10-05,5,58,2
549,21,1980,141,1980-10-05,1,59,9
580,21,1980,141,1980-10-05,9,57,0
581,21,1980,157,1980-10-05,20,16,0
583,21,1980,83,1980-10-05,18,20,0
586,21,1980,6,1980-10-05,13,49,0
591,21,1980,1,1980-10-05,16,31,0
596,21,1980,146,1980-10-05,3,59,4
597,21,1980,161,1980-10-05,19,20,0
598,21,1980,142,1980-10-05,10,57,0
599,21,1980,152,1980-10-05,7,58,0
600,21,1980,123,1980-10-05,23,3,0
603,21,1980,83,1980-10-05,17,25,0
607,21,1980,58,1980-10-05,4,59,3
608,21,1980,132,1980-10-05,21,16,0
611,21,1980,89,1980-10-05,8,57,0
613,21,1980,117,1980-10-05,25,0,0
622,21,1980,1,1980-10-05,24,2,0
474,41,1981,1,1981-03-15,4,80,3
500,41,1981,146,1981-03-15,11,64,0
505,41,1981,141,1981-03-15,2,80,6
518,41,1981,117,1981-03-15,21,16,0
540,41,1981,146,1981-03-15,14,41,0
549,41,1981,141,1981-03-15,1,80,9
581,41,1981,157,1981-03-15,17,33,0
583,41,1981,83,1981-03-15,12,49,0
585,41,1981,155,1981-03-15,6,79,1
586,41,1981,6,1981-03-15,20,17,0
591,41,1981,1,1981-03-15,13,41,0
596,41,1981,6,1981-03-15,10,67,0
597,41,1981,123,1981-03-15,5,80,2
598,41,1981,142,1981-03-15,15,41,0
599,41,1981,152,1981-03-15,8,77,0
603,41,1981,83,1981-03-15,3,80,4
606,41,1981,161,1981-03-15,18,26,0
607,41,1981,58,1981-03-15,22,13,0
608,41,1981,89,1981-03-15,16,41,0
611,41,1981,132,1981-03-15,9,70,0
613,41,1981,152,1981-03-15,23,0,0
619,41,1981,58,1981-03-15,19,25,0
622,41,1981,117,1981-03-15,24,0,0
624,41,1981,142,1981-03-15,7,78,0
474,43,1981,1,1981-03-29,23,0,0
500,43,1981,146,1981-03-29,7,62,0
505,43,1981,141,1981-03-29,1,62,9
518,43,1981,117,1981-03-29,8,61,0
540,43,1981,146,1981-03-29,6,62,1
549,43,1981,141,1981-03-29,2,62,6
581,43,1981,157,1981-03-29,3,62,4
583,43,1981,83,1981-03-29,17,22,0
585,43,1981,155,1981-03-29,10,61,0
586,43,1981,6,1981-03-29,16,25,0
591,43,1981,1,1981-03-29,15,40,0
596,43,1981,6,1981-03-29,20,19,0
597,43,1981,123,1981-03-29,14,49,0
598,43,1981,142,1981-03-29,9,61,0
599,43,1981,152,1981-03-29,22,0,0
603,43,1981,83,1981-03-29,12,60,0
607,43,1981,58,1981-03-29,5,62,2
611,43,1981,132,1981-03-29,4,62,3
612,43,1981,123,1981-03-29,13,57,0
613,43,1981,152,1981-03-29,18,20,0
619,43,1981,58,1981-03-29,11,61,0
622,43,1981,117,1981-03-29,21,9,0
624,43,1981,142,1981-03-29,24,0,0
626,43,1981,157,1981-03-29,19,20,0
628,43,1981,132,1981-03-29,30,0,0
474,12,1981,1,1981-04-12,8,52,0
505,12,1981,141,1981-04-12,2,53,6
518,12,1981,117,1981-04-12,16,36,0
540,12,1981,146,1981-04-12,19,19,0
549,12,1981,141,1981-04-12,4,53,3
581,12,1981,157,1981-04-12,7,52,0
583,12,1981,83,1981-04-12,17,32,0
585,12,1981,155,1981-04-12,15,36,0
586,12,1981,6,1981-04-12,14,40,0
591,12,1981,1,1981-04-12,10,51,0
596,12,1981,6,1981-04-12,23,3,0
597,12,1981,123,1981-04-12,24,1,0
598,12,1981,142,1981-04-12,21,4,0
599,12,1981,152,1981-04-12,5,53,2
603,12,1981,83,1981-04-12,1,53,9
607,12,1981,58,1981-04-12,6,52,1
608,12,1981,89,1981-04-12,12,51,0
611,12,1981,132,1981-04-12,20,14,0
612,12,1981,123,1981-04-12,13,51,0
613,12,1981,152,1981-04-12,3,53,4
619,12,1981,58,1981-04-12,22,3,0
622,12,1981,117,1981-04-12,11,51,0
624,12,1981,142,1981-04-12,18,28,0
626,12,1981,157,1981-04-12,9,52,0
474,45,1981,1,1981-05-03,20,26,0
505,45,1981,141,1981-05-03,3,60,4
518,45,1981,117,1981-05-03,10,58,0
534,45,1981,146,1981-05-03,14,45,0
540,45,1981,146,1981-05-03,22,7,0
549,45,1981,141,1981-05-03,12,58,0
581,45,1981,157,1981-05-03,2,60,6
583,45,1981,83,1981-05-03,4,60,3
585,45,1981,155,1981-05-03,11,58,0
586,45,1981,6,1981-05-03,7,60,0
591,45,1981,1,1981-05-03,18,28,0
596,45,1981,6,1981-05-03,5,60,2
597,45,1981,123,1981-05-03,19,28,0
598,45,1981,142,1981-05-03,21,14,0
599,45,1981,152,1981-05-03,8,59,0
603,45,1981,83,1981-05-03,1,60,9
606,45,1981,161,1981-05-03,17,31,0
607,45,1981,58,1981-05-03,31,0,0
608,45,1981,89,1981-05-03,27,0,0
611,45,1981,132,1981-05-03,9,59,0
613,45,1981,152,1981-05-03,23,3,0
619,45,1981,58,1981-05-03,32,0,0
622,45,1981,117,1981-05-03,6,60,1
625,45,1981,161,1981-05-03,24,0,0
627,45,1981,119,1981-05-03,15,38,0
629,45,1981,89,1981-05-03,13,57,0
630,45,1981,123,1981-05-03,16,31,0
474,38,1981,1,1981-05-17,10,53,0
505,38,1981,141,1981-05-17,1,54,9
518,38,1981,117,1981-05-17,7,54,0
534,38,1981,146,1981-05-17,15,35,0
540,38,1981,146,1981-05-17,2,54,6
549,38,1981,141,1981-05-17,18,19,0
581,38,1981,157,1981-05-17,23,0,0
583,38,1981,83,1981-05-17,14,39,0
586,38,1981,6,1981-05-17,4,54,3
591,38,1981,1,1981-05-17,9,54,0
596,38,1981,6,1981-05-17,8,54,0
597,38,1981,123,1981-05-17,6,54,1
598,38,1981,142,1981-05-17,21,10,0
603,38,1981,83,1981-05-17,20,10,0
606,38,1981,161,1981-05-17,17,22,0
607,38,1981,58,1981-05-17,5,54,2
611,38,1981,132,1981-05-17,11,52,0
613,38,1981,152,1981-05-17,22,2,0
619,38,1981,58,1981-05-17,3,54,4
622,38,1981,117,1981-05-17,19,11,0
624,38,1981,142,1981-05-17,16,29,0
626,38,1981,157,1981-05-17,24,0,0
630,38,1981,123,1981-05-17,12,52,0
632,38,1981,161,1981-05-17,13,50,0
474,2,1981,1,1981-05-31,20,0,0
505,2,1981,141,1981-05-31,13,33,0
518,2,1981,117,1981-05-31,9,52,0
540,2,1981,146,1981-05-31,3,76,4
549,2,1981,141,1981-05-31,2,76,6
581,2,1981,157,1981-05-31,16,29,0
585,2,1981,155,1981-05-31,7,72,0
586,2,1981,6,1981-05-31,1,76,9
591,2,1981,1,1981-05-31,11,50,0
596,2,1981,6,1981-05-31,4,75,3
597,2,1981,123,1981-05-31,5,74,2
599,2,1981,152,1981-05-31,15,32,0
603,2,1981,83,1981-05-31,8,53,0
607,2,1981,58,1981-05-31,14,32,0
611,2,1981,132,1981-05-31,6,74,1
613,2,1981,152,1981-05-31,12,45,0
619,2,1981,58,1981-05-31,17,15,0
622,2,1981,117,1981-05-31,19,0,0
626,2,1981,157,1981-05-31,18,14,0
630,2,1981,123,1981-05-31,10,50,0
474,30,1981,1,1981-06-21,8,80,0
505,30,1981,141,1981-06-21,4,80,3
518,30,1981,117,1981-06-21,3,80,4
534,30,1981,146,1981-06-21,18,51,0
540,30,1981,146,1981-06-21,2,80,6
549,30,1981,141,1981-06-21,7,80,0
581,30,1981,157,1981-06-21,23,21,0
583,30,1981,83,1981-06-21,19,46,0
585,30,1981,155,1981-06-21,13,78,0
586,30,1981,6,1981-06-21,1,80,9
591,30,1981,1,1981-06-21,10,80,0
596,30,1981,6,1981-06-21,15,76,0
597,30,1981,123,1981-06-21,17,62,0
598,30,1981,142,1981-06-21,12,78,0
599,30,1981,152,1981-06-21,9,80,0
600,30,1981,119,1981-06-21,16,75,0
603,30,1981,83,1981-06-21,21,43,0
607,30,1981,58,1981-06-21,5,80,2
613,30,1981,152,1981-06-21,22,28,0
619,30,1981,58,1981-06-21,6,80,1
622,30,1981,117,1981-06-21,24,9,0
624,30,1981,142,1981-06-21,11,79,0
626,30,1981,157,1981-06-21,20,43,0
627,30,1981,132,1981-06-21,14,77,0
474,40,1981,1,1981-07-05,8,79,0
505,40,1981,141,1981-07-05,10,78,0
518,40,1981,117,1981-07-05,2,80,6
540,40,1981,146,1981-07-05,18,57,0
549,40,1981,141,1981-07-05,17,76,0
581,40,1981,157,1981-07-05,14,77,0
583,40,1981,83,1981-07-05,9,78,0
585,40,1981,146,1981-07-05,21,30,0
586,40,1981,6,1981-07-05,20,41,0
591,40,1981,1,1981-07-05,15,77,0
596,40,1981,6,1981-07-05,5,79,2
597,40,1981,123,1981-07-05,13,77,0
598,40,1981,142,1981-07-05,22,11,0
599,40,1981,152,1981-07-05,4,80,3
600,40,1981,119,1981-07-05,19,55,0
603,40,1981,83,1981-07-05,3,80,4
607,40,1981,58,1981-07-05,6,79,1
611,40,1981,155,1981-07-05,12,78,0
613,40,1981,152,1981-07-05,1,80,9
619,40,1981,58,1981-07-05,7,79,0
622,40,1981,117,1981-07-05,11,78,0
624,40,1981,142,1981-07-05,24,0,0
627,40,1981,132,1981-07-05,23,6,0
630,40,1981,123,1981-07-05,16,77,0
474,1,1981,1,1981-07-18,12,59,0
500,1,1981,161,1981-07-18,8,65,0
505,1,1981,141,1981-07-18,2,68,6
518,1,1981,117,1981-07-18,1,68,9
540,1,1981,146,1981-07-18,3,67,4
549,1,1981,141,1981-07-18,21,3,0
581,1,1981,157,1981-07-18,10,64,0
583,1,1981,83,1981-07-18,5,67,2
585,1,1981,146,1981-07-18,16,15,0
586,1,1981,6,1981-07-18,20,4,0
591,1,1981,1,1981-07-18,19,5,0
596,1,1981,6,1981-07-18,17,13,0
597,1,1981,123,1981-07-18,4,67,3
598,1,1981,142,1981-07-18,13,56,0
599,1,1981,152,1981-07-18,9,64,0
600,1,1981,119,1981-07-18,7,66,0
603,1,1981,83,1981-07-18,18,11,0
607,1,1981,58,1981-07-18,14,25,0
611,1,1981,155,1981-07-18,11,61,0
613,1,1981,152,1981-07-18,15,17,0
622,1,1981,117,1981-07-18,22,3,0
626,1,1981,157,1981-07-18,24,8,0
629,1,1981,89,1981-07-18,6,67,1
630,1,1981,123,1981-07-18,23,1,0
474,33,1981,1,1981-08-02,9,44,0
500,33,1981,161,1981-08-02,8,44,0
505,33,1981,141,1981-08-02,18,27,0
518,33,1981,117,1981-08-02,6,44,1
540,33,1981,146,1981-08-02,3,45,4
549,33,1981,141,1981-08-02,11,44,0
581,33,1981,157,1981-08-02,19,27,0
583,33,1981,83,1981-08-02,4,45,3
585,33,1981,146,1981-08-02,20,27,0
586,33,1981,6,1981-08-02,10,44,0
591,33,1981,1,1981-08-02,15,43,0
596,33,1981,6,1981-08-02,24,1,0
597,33,1981,123,1981-08-02,5,45,2
599,33,1981,152,1981-08-02,13,44,0
600,33,1981,119,1981-08-02,21,15,0
603,33,1981,83,1981-08-02,1,45,9
607,33,1981,58,1981-08-02,7,44,0
611,33,1981,155,1981-08-02,14,43,0
613,33,1981,152,1981-08-02,2,45,6
619,33,1981,58,1981-08-02,22,12,0
622,33,1981,117,1981-08-02,23,4,0
626,33,1981,157,1981-08-02,12,44,0
627,33,1981,132,1981-08-02,16,39,0
629,33,1981,89,1981-08-02,17,35,0
474,34,1981,1,1981-08-16,12,46,0
500,34,1981,161,1981-08-16,10,51,0
505,34,1981,141,1981-08-16,5,53,2
518,34,1981,117,1981-08-16,6,53,1
540,34,1981,146,1981-08-16,1,53,9
549,34,1981,141,1981-08-16,4,53,3
581,34,1981,157,1981-08-16,14,43,0
583,34,1981,83,1981-08-16,18,32,0
585,34,1981,146,1981-08-16,21,26,0
586,34,1981,6,1981-08-16,23,11,0
591,34,1981,1,1981-08-16,17,35,0
596,34,1981,6,1981-08-16,9,52,0
599,34,1981,152,1981-08-16,2,53,6
600,34,1981,119,1981-08-16,11,47,0
603,34,1981,83,1981-08-16,3,53,4
607,34,1981,58,1981-08-16,7,52,0
611,34,1981,155,1981-08-16,24,0,0
613,34,1981,152,1981-08-16,20,26,0
619,34,1981,58,1981-08-16,22,23,0
622,34,1981,117,1981-08-16,8,52,0
626,34,1981,157,1981-08-16,19,27,0
627,34,1981,132,1981-08-16,15,43,0
629,34,1981,89,1981-08-16,13,44,0
630,34,1981,123,1981-08-16,16,40,0
474,11,1981,1,1981-08-30,11,62,0
500,11,1981,161,1981-08-30,14,29,0
505,11,1981,141,1981-08-30,18,18,0
518,11,1981,117,1981-08-30,12,50,0
540,11,1981,146,1981-08-30,17,18,0
549,11,1981,141,1981-08-30,3,72,4
581,11,1981,157,1981-08-30,19,16,0
583,11,1981,83,1981-08-30,4,71,3
585,11,1981,146,1981-08-30,23,1,0
586,11,1981,6,1981-08-30,24,0,0
591,11,1981,1,1981-08-30,16,19,0
596,11,1981,6,1981-08-30,21,4,0
597,11,1981,123,1981-08-30,13,46,0
599,11,1981,152,1981-08-30,15,21,0
600,11,1981,119,1981-08-30,20,5,0
603,11,1981,83,1981-08-30,2,72,6
607,11,1981,58,1981-08-30,5,71,2
611,11,1981,155,1981-08-30,8,69,0
613,11,1981,152,1981-08-30,1,72,9
619,11,1981,58,1981-08-30,22,1,0
622,11,1981,117,1981-08-30,25,0,0
626,11,1981,157,1981-08-30,7,69,0
627,11,1981,132,1981-08-30,6,70,1
629,11,1981,89,1981-08-30,10,68,0
630,11,1981,123,1981-08-30,9,68,0
474,7,1981,1,1981-09-13,11,40,0
500,7,1981,161,1981-09-13,9,50,0
505,7,1981,141,1981-09-13,3,52,4
518,7,1981,117,1981-09-13,15,19,0
540,7,1981,146,1981-09-13,20,11,0
549,7,1981,141,1981-09-13,2,52,6
553,7,1981,162,1981-09-13,10,49,0
581,7,1981,157,1981-09-13,16,18,0
583,7,1981,83,1981-09-13,24,1,0
585,7,1981,146,1981-09-13,13,22,0
586,7,1981,6,1981-09-13,23,5,0
591,7,1981,1,1981-09-13,8,50,0
596,7,1981,6,1981-09-13,5,52,2
597,7,1981,123,1981-09-13,21,11,0
599,7,1981,152,1981-09-13,19,12,0
600,7,1981,119,1981-09-13,12,36,0
603,7,1981,83,1981-09-13,6,51,1
607,7,1981,58,1981-09-13,4,52,3
613,7,1981,152,1981-09-13,1,52,9
619,7,1981,58,1981-09-13,14,21,0
622,7,1981,117,1981-09-13,7,51,0
627,7,1981,132,1981-09-13,18,13,0
629,7,1981,89,1981-09-13,22,10,0
630,7,1981,123,1981-09-13,17,17,0
474,44,1981,1,1981-09-27,7,62,0
500,44,1981,161,1981-09-27,18,26,0
505,44,1981,141,1981-09-27,10,60,0
518,44,1981,117,1981-09-27,2,63,6
540,44,1981,146,1981-09-27,1,63,9
549,44,1981,141,1981-09-27,19,24,0
581,44,1981,157,1981-09-27,23,6,0
583,44,1981,83,1981-09-27,17,35,0
585,44,1981,146,1981-09-27,22,6,0
586,44,1981,6,1981-09-27,3,63,4
591,44,1981,1,1981-09-27,4,62,3
596,44,1981,6,1981-09-27,20,24,0
597,44,1981,123,1981-09-27,12,56,0
599,44,1981,152,1981-09-27,24,0,0
600,44,1981,119,1981-09-27,8,61,0
603,44,1981,83,1981-09-27,5,62,2
607,44,1981,58,1981-09-27,6,62,1
611,44,1981,155,1981-09-27,9,61,0
613,44,1981,152,1981-09-27,14,48,0
619,44,1981,58,1981-09-27,15,45,0
622,44,1981,117,1981-09-27,13,51,0
627,44,1981,132,1981-09-27,21,8,0
629,44,1981,89,1981-09-27,16,40,0
630,44,1981,123,1981-09-27,11,59,0
474,46,1981,1,1981-10-17,16,29,0
500,46,1981,161,1981-10-17,24,0,0
505,46,1981,141,1981-10-17,8,74,0
518,46,1981,117,1981-10-17,7,75,0
540,46,1981,146,1981-10-17,6,75,1
549,46,1981,141,1981-10-17,1,75,9
581,46,1981,157,1981-10-17,11,71,0
583,46,1981,83,1981-10-17,18,20,0
585,46,1981,146,1981-10-17,22,2,0
586,46,1981,6,1981-10-17,17,22,0
591,46,1981,1,1981-10-17,3,75,4
596,46,1981,6,1981-10-17,9,73,0
597,46,1981,123,1981-10-17,20,10,0
598,46,1981,142,1981-10-17,10,73,0
599,46,1981,152,1981-10-17,21,10,0
603,46,1981,83,1981-10-17,5,75,2
607,46,1981,58,1981-10-17,23,2,0
611,46,1981,155,1981-10-17,19,19,0
613,46,1981,152,1981-10-17,2,75,6
619,46,1981,58,1981-10-17,4,75,3
622,46,1981,117,1981-10-17,12,69,0
627,46,1981,132,1981-10-17,14,61,0
630,46,1981,123,1981-10-17,13,67,0
631,46,1981,162,1981-10-17,15,43,0
499,27,1982,117,1982-01-23,4,77,3
500,27,1982,161,1982-01-23,26,0,0
505,27,1982,141,1982-01-23,2,77,6
518,27,1982,117,1982-01-23,6,77,1
519,27,1982,119,1982-01-23,12,74,0
540,27,1982,146,1982-01-23,19,54,0
581,27,1982,83,1982-01-23,21,18,0
586,27,1982,6,1982-01-23,23,6,0
591,27,1982,1,1982-01-23,11,74,0
596,27,1982,6,1982-01-23,18,71,0
597,27,1982,146,1982-01-23,22,11,0
598,27,1982,141,1982-01-23,5,77,2
599,27,1982,152,1982-01-23,3,77,4
600,27,1982,155,1982-01-23,14,73,0
603,27,1982,83,1982-01-23,24,3,0
607,27,1982,58,1982-01-23,8,76,0
613,27,1982,152,1982-01-23,1,77,9
619,27,1982,58,1982-01-23,25,0,0
621,27,1982,89,1982-01-23,10,75,0
622,27,1982,1,1982-01-23,13,73,0
624,27,1982,142,1982-01-23,17,72,0
627,27,1982,89,1982-01-23,9,75,0
629,27,1982,123,1982-01-23,16,72,0
630,27,1982,123,1982-01-23,7,76,0
631,27,1982,162,1982-01-23,20,43,0
634,27,1982,119,1982-01-23,15,72,0
499,43,1982,117,1982-03-21,17,22,0
500,43,1982,161,1982-03-21,9,60,0
505,43,1982,141,1982-03-21,19,21,0
518,43,1982,117,1982-03-21,2,63,6
519,43,1982,119,1982-03-21,8,61,0
540,43,1982,146,1982-03-21,23,15,0
581,43,1982,83,1982-03-21,15,34,0
586,43,1982,6,1982-03-21,16,29,0
591,43,1982,1,1982-03-21,22,16,0
596,43,1982,6,1982-03-21,6,62,1
597,43,1982,146,1982-03-21,21,19,0
598,43,1982,141,1982-03-21,12,63,0
599,43,1982,152,1982-03-21,18,21,0
600,43,1982,155,1982-03-21,25,12,0
603,43,1982,83,1982-03-21,11,63,0
607,43,1982,58,1982-03-21,20,21,0
613,43,1982,152,1982-03-21,1,63,9
619,43,1982,58,1982-03-21,3,63,4
621,43,1982,89,1982-03-21,5,62,2
622,43,1982,1,1982-03-21,24,14,0
624,43,1982,142,1982-03-21,14,36,0
627,43,1982,89,1982-03-21,13,38,0
629,43,1982,123,1982-03-21,7,61,0
630,43,1982,123,1982-03-21,4,63,3
634,43,1982,119,1982-03-21,26,11,0
635,43,1982,157,1982-03-21,10,57,0
474,41,1982,141,1982-04-04,20,19,0
499,41,1982,117,1982-04-04,1,75,9
500,41,1982,161,1982-04-04,17,26,0
518,41,1982,117,1982-04-04,6,74,1
519,41,1982,119,1982-04-04,8,73,0
540,41,1982,146,1982-04-04,16,26,0
553,41,1982,157,1982-04-04,14,32,0
581,41,1982,83,1982-04-04,3,75,4
586,41,1982,6,1982-04-04,11,75,0
591,41,1982,1,1982-04-04,24,5,0
596,41,1982,6,1982-04-04,22,6,0
597,41,1982,146,1982-04-04,12,59,0
598,41,1982,141,1982-04-04,2,75,6
599,41,1982,152,1982-04-04,23,5,0
600,41,1982,155,1982-04-04,19,23,0
603,41,1982,83,1982-04-04,18,25,0
607,41,1982,58,1982-04-04,5,74,2
613,41,1982,152,1982-04-04,21,10,0
619,41,1982,58,1982-04-04,7,73,0
621,41,1982,89,1982-04-04,26,1,0
622,41,1982,1,1982-04-04,13,33,0
627,41,1982,89,1982-04-04,25,3,0
629,41,1982,123,1982-04-04,10,68,0
630,41,1982,123,1982-04-04,4,75,3
634,41,1982,119,1982-04-04,9,70,0
637,41,1982,132,1982-04-04,15,27,0
500,45,1982,161,1982-04-25,4,59,3
553,45,1982,123,1982-04-25,13,0,0
586,45,1982,6,1982-04-25,2,60,6
591,45,1982,1,1982-04-25,9,24,0
596,45,1982,6,1982-04-25,1,60,9
599,45,1982,152,1982-04-25,8,44,0
613,45,1982,152,1982-04-25,11,6,0
621,45,1982,89,1982-04-25,6,54,0
622,45,1982,1,1982-04-25,12,4,0
627,45,1982,89,1982-04-25,5,57,2
630,45,1982,123,1982-04-25,3,60,4
631,45,1982,162,1982-04-25,14,0,0
636,45,1982,161,1982-04-25,10,7,0
638,45,1982,162,1982-04-25,7,52,0
499,38,1982,117,1982-05-09,10,70,0
500,38,1982,161,1982-05-09,16,37,0
518,38,1982,117,1982-05-09,1,70,9
519,38,1982,119,1982-05-09,12,60,0
540,38,1982,146,1982-05-09,9,66,0
553,38,1982,123,1982-05-09,18,33,0
581,38,1982,83,1982-05-09,14,52,0
586,38,1982,6,1982-05-09,28,0,0
591,38,1982,1,1982-05-09,25,0,0
596,38,1982,6,1982-05-09,27,0,0
597,38,1982,146,1982-05-09,3,69,4
598,38,1982,141,1982-05-09,2,70,6
599,38,1982,152,1982-05-09,23,7,0
600,38,1982,141,1982-05-09,11,60,0
603,38,1982,83,1982-05-09,5,67,2
607,38,1982,58,1982-05-09,4,68,3
611,38,1982,157,1982-05-09,7,66,0
613,38,1982,152,1982-05-09,13,59,0
619,38,1982,58,1982-05-09,22,9,0
621,38,1982,89,1982-05-09,24,0,0
622,38,1982,1,1982-05-09,17,34,0
624,38,1982,142,1982-05-09,6,67,1
627,38,1982,89,1982-05-09,26,0,0
630,38,1982,123,1982-05-09,19,29,0
631,38,1982,162,1982-05-09,20,29,0
634,38,1982,119,1982-05-09,8,66,0
635,38,1982,157,1982-05-09,15,51,0
638,38,1982,162,1982-05-09,21,13,0
499,2,1982,117,1982-05-23,12,56,0
518,2,1982,117,1982-05-23,14,35,0
540,2,1982,146,1982-05-23,16,29,0
553,2,1982,123,1982-05-23,8,72,0
581,2,1982,83,1982-05-23,1,76,9
591,2,1982,1,1982-05-23,20,4,0
596,2,1982,6,1982-05-23,2,75,6
597,2,1982,146,1982-05-23,17,27,0
598,2,1982,141,1982-05-23,11,64,0
599,2,1982,152,1982-05-23,19,14,0
600,2,1982,141,1982-05-23,6,74,1
603,2,1982,83,1982-05-23,13,49,0
607,2,1982,58,1982-05-23,5,75,2
611,2,1982,157,1982-05-23,9,70,0
613,2,1982,152,1982-05-23,7,73,0
619,2,1982,58,1982-05-23,4,75,3
621,2,1982,89,1982-05-23,15,31,0
622,2,1982,1,1982-05-23,3,75,4
627,2,1982,89,1982-05-23,18,22,0
630,2,1982,123,1982-05-23,10,69,0
499,47,1982,117,1982-06-06,14,40,0
500,47,1982,161,1982-06-06,22,2,0
518,47,1982,117,1982-06-06,1,62,9
519,47,1982,119,1982-06-06,7,61,0
540,47,1982,146,1982-06-06,6,61,1
553,47,1982,123,1982-06-06,9,60,0
581,47,1982,83,1982-06-06,20,6,0
591,47,1982,1,1982-06-06,16,30,0
596,47,1982,6,1982-06-06,3,62,4
597,47,1982,146,1982-06-06,2,62,6
598,47,1982,141,1982-06-06,4,62,3
599,47,1982,152,1982-06-06,10,59,0
600,47,1982,141,1982-06-06,5,62,2
607,47,1982,58,1982-06-06,17,17,0
611,47,1982,157,1982-06-06,8,61,0
613,47,1982,152,1982-06-06,12,54,0
619,47,1982,58,1982-06-06,13,44,0
621,47,1982,89,1982-06-06,23,1,0
622,47,1982,1,1982-06-06,21,2,0
624,47,1982,142,1982-06-06,11,59,0
627,47,1982,89,1982-06-06,18,13,0
630,47,1982,123,1982-06-06,15,40,0
634,47,1982,119,1982-06-06,24,0,0
635,47,1982,157,1982-06-06,25,0,0
636,47,1982,161,1982-06-06,26,0,0
637,47,1982,132,1982-06-06,19,6,0
499,44,1982,117,1982-06-13,19,17,0
500,44,1982,161,1982-06-13,24,0,0
518,44,1982,117,1982-06-13,3,70,4
519,44,1982,119,1982-06-13,11,66,0
540,44,1982,146,1982-06-13,20,8,0
553,44,1982,123,1982-06-13,12,59,0
581,44,1982,83,1982-06-13,2,70,6
591,44,1982,1,1982-06-13,22,2,0
596,44,1982,6,1982-06-13,9,67,0
597,44,1982,146,1982-06-13,10,66,0
598,44,1982,141,1982-06-13,13,52,0
599,44,1982,152,1982-06-13,17,28,0
600,44,1982,141,1982-06-13,7,68,0
602,44,1982,155,1982-06-13,26,0,0
603,44,1982,83,1982-06-13,1,70,9
607,44,1982,58,1982-06-13,4,69,3
611,44,1982,157,1982-06-13,5,69,2
613,44,1982,152,1982-06-13,16,30,0
619,44,1982,58,1982-06-13,23,2,0
622,44,1982,1,1982-06-13,6,68,1
627,44,1982,89,1982-06-13,18,20,0
630,44,1982,123,1982-06-13,15,41,0
634,44,1982,119,1982-06-13,14,47,0
635,44,1982,157,1982-06-13,8,68,0
636,44,1982,161,1982-06-13,25,0,0
637,44,1982,132,1982-06-13,21,7,0
499,11,1982,117,1982-07-03,4,72,3
500,11,1982,161,1982-07-03,14,69,0
518,11,1982,117,1982-07-03,9,71,0
519,11,1982,119,1982-07-03,16,60,0
540,11,1982,146,1982-07-03,26,4,0
553,11,1982,123,1982-07-03,22,21,0
581,11,1982,83,1982-07-03,15,69,0
585,11,1982,6,1982-07-03,8,71,0
591,11,1982,1,1982-07-03,11,70,0
596,11,1982,6,1982-07-03,1,72,9
598,11,1982,141,1982-07-03,3,72,4
599,11,1982,152,1982-07-03,21,21,0
600,11,1982,141,1982-07-03,5,71,2
603,11,1982,83,1982-07-03,2,72,6
607,11,1982,58,1982-07-03,18,40,0
608,11,1982,155,1982-07-03,17,41,0
611,11,1982,157,1982-07-03,10,71,0
613,11,1982,152,1982-07-03,20,33,0
621,11,1982,89,1982-07-03,12,70,0
622,11,1982,1,1982-07-03,19,35,0
624,11,1982,142,1982-07-03,24,18,0
627,11,1982,89,1982-07-03,13,70,0
630,11,1982,123,1982-07-03,7,71,0
631,11,1982,162,1982-07-03,25,15,0
634,11,1982,119,1982-07-03,23,21,0
635,11,1982,157,1982-07-03,6,71,1
499,24,1982,117,1982-07-18,1,76,9
500,24,1982,161,1982-07-18,21,2,0
518,24,1982,117,1982-07-18,23,2,0
519,24,1982,119,1982-07-18,10,73,0
540,24,1982,146,1982-07-18,16,41,0
553,24,1982,123,1982-07-18,8,75,0
581,24,1982,83,1982-07-18,24,0,0
585,24,1982,6,1982-07-18,3,76,4
591,24,1982,1,1982-07-18,7,75,0
596,24,1982,6,1982-07-18,2,76,6
597,24,1982,146,1982-07-18,12,60,0
598,24,1982,141,1982-07-18,14,50,0
599,24,1982,152,1982-07-18,25,0,0
600,24,1982,141,1982-07-18,5,76,2
603,24,1982,83,1982-07-18,19,9,0
607,24,1982,58,1982-07-18,4,76,3
611,24,1982,157,1982-07-18,13,59,0
613,24,1982,152,1982-07-18,6,76,1
619,24,1982,58,1982-07-18,18,29,0
622,24,1982,1,1982-07-18,11,66,0
624,24,1982,142,1982-07-18,22,2,0
630,24,1982,123,1982-07-18,15,44,0
631,24,1982,162,1982-07-18,17,40,0
635,24,1982,157,1982-07-18,9,74,0
637,24,1982,132,1982-07-18,20,3,0
638,24,1982,162,1982-07-18,26,0,0
499,35,1982,117,1982-07-25,8,53,0
500,35,1982,161,1982-07-25,25,0,0
518,35,1982,117,1982-07-25,20,13,0
519,35,1982,119,1982-07-25,21,10,0
540,35,1982,146,1982-07-25,14,51,0
553,35,1982,123,1982-07-25,10,53,0
581,35,1982,83,1982-07-25,23,8,0
585,35,1982,6,1982-07-25,4,54,3
591,35,1982,1,1982-07-25,9,53,0
596,35,1982,6,1982-07-25,3,54,4
597,35,1982,146,1982-07-25,16,49,0
598,35,1982,141,1982-07-25,5,54,2
599,35,1982,152,1982-07-25,1,54,9
600,35,1982,141,1982-07-25,7,53,0
602,35,1982,58,1982-07-25,12,52,0
603,35,1982,83,1982-07-25,18,23,0
607,35,1982,58,1982-07-25,19,17,0
611,35,1982,157,1982-07-25,13,52,0
613,35,1982,152,1982-07-25,2,54,6
621,35,1982,89,1982-07-25,11,52,0
622,35,1982,1,1982-07-25,17,25,0
627,35,1982,89,1982-07-25,24,2,0
630,35,1982,123,1982-07-25,6,54,1
631,35,1982,162,1982-07-25,15,50,0
635,35,1982,157,1982-07-25,22,10,0
638,35,1982,162,1982-07-25,26,0,0
500,33,1982,161,1982-08-08,24,3,0
518,33,1982,117,1982-08-08,12,36,0
540,33,1982,146,1982-08-08,13,36,0
553,33,1982,123,1982-08-08,7,44,0
581,33,1982,83,1982-08-08,20,13,0
585,33,1982,6,1982-08-08,1,45,9
591,33,1982,1,1982-08-08,5,44,2
596,33,1982,6,1982-08-08,26,0,0
597,33,1982,146,1982-08-08,22,8,0
598,33,1982,141,1982-08-08,3,44,4
599,33,1982,152,1982-08-08,2,45,6
600,33,1982,141,1982-08-08,14,25,0
603,33,1982,83,1982-08-08,17,18,0
607,33,1982,58,1982-08-08,16,21,0
611,33,1982,157,1982-08-08,6,44,1
613,33,1982,152,1982-08-08,19,14,0
619,33,1982,58,1982-08-08,9,43,0
621,33,1982,89,1982-08-08,25,3,0
622,33,1982,1,1982-08-08,21,9,0
624,33,1982,142,1982-08-08,11,43,0
627,33,1982,89,1982-08-08,18,17,0
630,33,1982,123,1982-08-08,4,44,3
631,33,1982,162,1982-08-08,10,43,0
634,33,1982,119,1982-08-08,15,22,0
635,33,1982,157,1982-08-08,23,6,0
637,33,1982,132,1982-08-08,8,44,0
499,34,1982,117,1982-08-15,5,52,2
518,34,1982,117,1982-08-15,9,44,0
540,34,1982,146,1982-08-15,3,52,4
553,34,1982,123,1982-08-15,10,32,0
580,34,1982,119,1982-08-15,23,1,0
581,34,1982,83,1982-08-15,14,27,0
585,34,1982,6,1982-08-15,4,52,3
591,34,1982,1,1982-08-15,26,0,0
597,34,1982,146,1982-08-15,15,22,0
598,34,1982,141,1982-08-15,2,53,6
599,34,1982,152,1982-08-15,17,16,0
600,34,1982,141,1982-08-15,24,0,0
603,34,1982,83,1982-08-15,11,31,0
607,34,1982,58,1982-08-15,1,53,9
611,34,1982,157,1982-08-15,13,28,0
613,34,1982,152,1982-08-15,8,48,0
619,34,1982,58,1982-08-15,16,17,0
621,34,1982,89,1982-08-15,18,15,0
622,34,1982,1,1982-08-15,25,0,0
624,34,1982,142,1982-08-15,7,51,0
630,34,1982,123,1982-08-15,22,1,0
631,34,1982,162,1982-08-15,19,7,0
635,34,1982,157,1982-08-15,6,52,1
637,34,1982,132,1982-08-15,21,6,0
638,34,1982,162,1982-08-15,20,7,0
640,34,1982,155,1982-08-15,12,28,0
499,40,1982,117,1982-08-29,3,80,4
500,40,1982,161,1982-08-29,19,44,0
518,40,1982,117,1982-08-29,13,77,0
540,40,1982,146,1982-08-29,20,33,0
553,40,1982,123,1982-08-29,11,78,0
580,40,1982,119,1982-08-29,23,25,0
581,40,1982,83,1982-08-29,5,79,2
585,40,1982,6,1982-08-29,26,0,0
591,40,1982,1,1982-08-29,12,78,0
597,40,1982,146,1982-08-29,17,70,0
598,40,1982,141,1982-08-29,1,80,9
599,40,1982,152,1982-08-29,16,75,0
600,40,1982,141,1982-08-29,9,79,0
603,40,1982,83,1982-08-29,4,79,3
607,40,1982,58,1982-08-29,6,79,1
611,40,1982,157,1982-08-29,15,76,0
613,40,1982,152,1982-08-29,2,80,6
619,40,1982,58,1982-08-29,8,79,0
621,40,1982,89,1982-08-29,18,55,0
622,40,1982,1,1982-08-29,10,78,0
627,40,1982,89,1982-08-29,14,76,0
630,40,1982,123,1982-08-29,7,79,0
631,40,1982,162,1982-08-29,24,24,0
634,40,1982,119,1982-08-29,22,31,0
637,40,1982,132,1982-08-29,25,4,0
638,40,1982,162,1982-08-29,21,31,0
474,7,1982,6,1982-09-12,3,52,4
499,7,1982,117,1982-09-12,18,21,0
500,7,1982,161,1982-09-12,19,10,0
518,7,1982,117,1982-09-12,4,52,3
540,7,1982,146,1982-09-12,22,5,0
553,7,1982,123,1982-09-12,26,0,0
581,7,1982,83,1982-09-12,21,6,0
585,7,1982,6,1982-09-12,2,52,6
591,7,1982,1,1982-09-12,15,32,0
597,7,1982,146,1982-09-12,6,51,1
598,7,1982,141,1982-09-12,8,50,0
599,7,1982,152,1982-09-12,1,52,9
600,7,1982,141,1982-09-12,24,0,0
603,7,1982,83,1982-09-12,20,7,0
607,7,1982,58,1982-09-12,14,33,0
611,7,1982,157,1982-09-12,16,28,0
613,7,1982,152,1982-09-12,17,27,0
619,7,1982,58,1982-09-12,7,51,0
622,7,1982,1,1982-09-12,10,50,0
624,7,1982,142,1982-09-12,11,49,0
627,7,1982,89,1982-09-12,9,50,0
630,7,1982,123,1982-09-12,5,51,2
631,7,1982,162,1982-09-12,25,0,0
635,7,1982,157,1982-09-12,12,49,0
637,7,1982,132,1982-09-12,13,40,0
638,7,1982,162,1982-09-12,23,2,0
474,46,1982,6,1982-09-25,19,26,0
499,46,1982,117,1982-09-25,15,53,0
500,46,1982,161,1982-09-25,27,0,0
518,46,1982,117,1982-09-25,2,75,6
540,46,1982,146,1982-09-25,24,5,0
553,46,1982,123,1982-09-25,8,74,0
580,46,1982,119,1982-09-25,12,73,0
581,46,1982,83,1982-09-25,22,17,0
585,46,1982,6,1982-09-25,25,0,0
591,46,1982,1,1982-09-25,10,73,0
597,46,1982,146,1982-09-25,3,75,4
598,46,1982,141,1982-09-25,5,75,2
599,46,1982,152,1982-09-25,21,20,0
600,46,1982,141,1982-09-25,6,74,1
603,46,1982,83,1982-09-25,20,26,0
607,46,1982,58,1982-09-25,18,28,0
611,46,1982,157,1982-09-25,7,74,0
613,46,1982,152,1982-09-25,4,75,3
619,46,1982,58,1982-09-25,23,8,0
621,46,1982,89,1982-09-25,14,62,0
622,46,1982,1,1982-09-25,9,73,0
630,46,1982,123,1982-09-25,1,75,9
631,46,1982,162,1982-09-25,17,32,0
634,46,1982,119,1982-09-25,13,69,0
635,46,1982,157,1982-09-25,11,73,0
637,46,1982,132,1982-09-25,26,0,0
640,46,1982,155,1982-09-25,16,39,0
499,43,1983,117,1983-03-13,2,63,4
500,43,1983,146,1983-03-13,22,22,0
518,43,1983,117,1983-03-13,19,34,0
540,43,1983,141,1983-03-13,3,63,3
581,43,1983,83,1983-03-13,23,19,0
585,43,1983,6,1983-03-13,4,63,2
591,43,1983,162,1983-03-13,25,16,0
597,43,1983,152,1983-03-13,18,41,0
598,43,1983,141,1983-03-13,15,63,0
599,43,1983,6,1983-03-13,9,62,0
603,43,1983,83,1983-03-13,1,63,9
607,43,1983,58,1983-03-13,16,60,0
611,43,1983,157,1983-03-13,5,63,1
613,43,1983,152,1983-03-13,6,62,0
619,43,1983,58,1983-03-13,11,61,0
621,43,1983,89,1983-03-13,14,59,0
624,43,1983,157,1983-03-13,8,62,0
627,43,1983,163,1983-03-13,13,59,0
630,43,1983,123,1983-03-13,26,7,0
631,43,1983,162,1983-03-13,7,62,0
634,43,1983,146,1983-03-13,20,25,0
635,43,1983,1,1983-03-13,21,23,0
637,43,1983,155,1983-03-13,17,53,0
641,43,1983,123,1983-03-13,10,62,0
642,43,1983,155,1983-03-13,12,60,0
643,43,1983,161,1983-03-13,24,17,0
499,41,1983,117,1983-03-27,2,75,6
500,41,1983,146,1983-03-27,19,26,0
518,41,1983,117,1983-03-27,1,75,9
540,41,1983,141,1983-03-27,4,74,3
549,41,1983,157,1983-03-27,14,58,0
581,41,1983,83,1983-03-27,10,72,0
585,41,1983,6,1983-03-27,22,25,0
591,41,1983,162,1983-03-27,20,26,0
597,41,1983,152,1983-03-27,13,67,0
598,41,1983,141,1983-03-27,23,25,0
599,41,1983,6,1983-03-27,3,75,4
603,41,1983,83,1983-03-27,15,51,0
607,41,1983,58,1983-03-27,17,29,0
611,41,1983,157,1983-03-27,5,74,2
613,41,1983,152,1983-03-27,11,72,0
619,41,1983,58,1983-03-27,12,72,0
621,41,1983,89,1983-03-27,26,3,0
622,41,1983,1,1983-03-27,16,48,0
627,41,1983,163,1983-03-27,24,25,0
630,41,1983,123,1983-03-27,9,73,0
631,41,1983,162,1983-03-27,25,11,0
634,41,1983,146,1983-03-27,7,73,0
635,41,1983,1,1983-03-27,21,26,0
637,41,1983,155,1983-03-27,18,27,0
641,41,1983,123,1983-03-27,8,73,0
642,41,1983,155,1983-03-27,6,74,1
499,35,1983,117,1983-04-17,17,29,0
500,35,1983,146,1983-04-17,9,53,0
518,35,1983,117,1983-04-17,26,3,0
540,35,1983,141,1983-04-17,6,53,1
581,35,1983,83,1983-04-17,23,19,0
585,35,1983,6,1983-04-17,4,54,3
591,35,1983,162,1983-04-17,13,49,0
597,35,1983,152,1983-04-17,3,54,4
598,35,1983,141,1983-04-17,5,53,2
599,35,1983,6,1983-04-17,7,53,0
603,35,1983,83,1983-04-17,2,54,6
607,35,1983,58,1983-04-17,22,20,0
611,35,1983,157,1983-04-17,10,53,0
613,35,1983,152,1983-04-17,1,54,9
619,35,1983,58,1983-04-17,25,6,0
621,35,1983,89,1983-04-17,16,36,0
622,35,1983,1,1983-04-17,12,50,0
624,35,1983,157,1983-04-17,19,26,0
630,35,1983,123,1983-04-17,8,53,0
631,35,1983,162,1983-04-17,24,14,0
634,35,1983,146,1983-04-17,14,47,0
635,35,1983,1,1983-04-17,18,28,0
637,35,1983,155,1983-04-17,20,23,0
641,35,1983,123,1983-04-17,21,21,0
642,35,1983,155,1983-04-17,11,52,0
643,35,1983,161,1983-04-17,15,36,0
499,45,1983,117,1983-05-01,22,11,0
500,45,1983,146,1983-05-01,17,39,0
518,45,1983,117,1983-05-01,5,59,2
540,45,1983,141,1983-05-01,7,59,0
581,45,1983,83,1983-05-01,13,54,0
585,45,1983,6,1983-05-01,1,60,9
591,45,1983,162,1983-05-01,21,20,0
597,45,1983,152,1983-05-01,26,1,0
598,45,1983,141,1983-05-01,4,59,3
599,45,1983,6,1983-05-01,3,59,4
603,45,1983,83,1983-05-01,16,41,0
607,45,1983,58,1983-05-01,15,43,0
611,45,1983,157,1983-05-01,6,59,1
613,45,1983,152,1983-05-01,2,60,6
619,45,1983,58,1983-05-01,12,56,0
621,45,1983,89,1983-05-01,11,57,0
622,45,1983,1,1983-05-01,14,45,0
624,45,1983,157,1983-05-01,8,58,0
630,45,1983,123,1983-05-01,24,10,0
631,45,1983,162,1983-05-01,19,27,0
634,45,1983,146,1983-05-01,9,58,0
635,45,1983,1,1983-05-01,10,57,0
637,45,1983,155,1983-05-01,25,3,0
641,45,1983,123,1983-05-01,18,37,0
642,45,1983,155,1983-05-01,23,11,0
643,45,1983,161,1983-05-01,20,20,0
500,2,1983,146,1983-05-15,13,32,0
540,2,1983,141,1983-05-15,9,53,0
581,2,1983,83,1983-05-15,8,64,0
585,2,1983,6,1983-05-15,4,76,3
597,2,1983,152,1983-05-15,14,30,0
598,2,1983,141,1983-05-15,1,76,9
599,2,1983,6,1983-05-15,16,6,0
603,2,1983,83,1983-05-15,2,76,6
607,2,1983,58,1983-05-15,12,49,0
611,2,1983,157,1983-05-15,10,49,0
613,2,1983,152,1983-05-15,3,76,4
619,2,1983,58,1983-05-15,20,0,0
621,2,1983,89,1983-05-15,18,3,0
622,2,1983,1,1983-05-15,15,13,0
624,2,1983,157,1983-05-15,7,74,0
630,2,1983,123,1983-05-15,19,0,0
631,2,1983,162,1983-05-15,11,49,0
634,2,1983,146,1983-05-15,17,3,0
635,2,1983,1,1983-05-15,6,74,1
641,2,1983,123,1983-05-15,5,74,2
499,5,1983,117,1983-05-22,15,33,0
500,5,1983,146,1983-05-22,23,8,0
518,5,1983,117,1983-05-22,22,8,0
540,5,1983,141,1983-05-22,6,40,1
581,5,1983,83,1983-05-22,26,0,0
585,5,1983,6,1983-05-22,2,40,6
591,5,1983,162,1983-05-22,8,40,0
597,5,1983,152,1983-05-22,3,40,4
598,5,1983,141,1983-05-22,5,40,2
599,5,1983,6,1983-05-22,19,22,0
603,5,1983,83,1983-05-22,4,40,3
607,5,1983,58,1983-05-22,9,39,0
611,5,1983,157,1983-05-22,11,39,0
613,5,1983,152,1983-05-22,1,40,9
619,5,1983,58,1983-05-22,16,30,0
621,5,1983,89,1983-05-22,21,18,0
622,5,1983,1,1983-05-22,17,25,0
630,5,1983,123,1983-05-22,14,38,0
631,5,1983,162,1983-05-22,7,40,0
634,5,1983,146,1983-05-22,13,39,0
635,5,1983,1,1983-05-22,25,3,0
637,5,1983,155,1983-05-22,18,23,0
641,5,1983,123,1983-05-22,12,39,0
642,5,1983,155,1983-05-22,10,39,0
643,5,1983,161,1983-05-22,20,19,0
645,5,1983,157,1983-05-22,24,4,0
499,47,1983,117,1983-06-05,13,49,0
500,47,1983,146,1983-06-05,19,29,0
518,47,1983,117,1983-06-05,3,60,4
540,47,1983,141,1983-06-05,5,60,2
581,47,1983,83,1983-06-05,22,24,0
585,47,1983,6,1983-06-05,26,0,0
591,47,1983,162,1983-06-05,9,59,0
597,47,1983,152,1983-06-05,24,4,0
598,47,1983,141,1983-06-05,2,60,6
599,47,1983,6,1983-06-05,17,31,0
603,47,1983,83,1983-06-05,4,60,3
607,47,1983,58,1983-06-05,23,5,0
611,47,1983,157,1983-06-05,11,58,0
613,47,1983,152,1983-06-05,8,59,0
619,47,1983,58,1983-06-05,6,59,1
621,47,1983,89,1983-06-05,20,26,0
622,47,1983,1,1983-06-05,16,33,0
630,47,1983,123,1983-06-05,1,60,9
631,47,1983,162,1983-06-05,21,25,0
632,47,1983,161,1983-06-05,25,4,0
634,47,1983,146,1983-06-05,10,58,0
635,47,1983,1,1983-06-05,12,56,0
637,47,1983,155,1983-06-05,14,38,0
641,47,1983,123,1983-06-05,18,30,0
642,47,1983,155,1983-06-05,15,34,0
643,47,1983,161,1983-06-05,27,0,0
645,47,1983,157,1983-06-05,7,59,0
499,44,1983,117,1983-06-12,23,11,0
500,44,1983,146,1983-06-12,26,0,0
518,44,1983,117,1983-06-12,6,69,1
540,44,1983,141,1983-06-12,17,37,0
581,44,1983,83,1983-06-12,12,56,0
585,44,1983,6,1983-06-12,3,70,4
591,44,1983,162,1983-06-12,14,43,0
597,44,1983,152,1983-06-12,2,70,6
598,44,1983,141,1983-06-12,4,70,3
599,44,1983,6,1983-06-12,1,70,9
603,44,1983,83,1983-06-12,22,15,0
607,44,1983,58,1983-06-12,24,1,0
611,44,1983,157,1983-06-12,25,14,0
613,44,1983,152,1983-06-12,5,69,2
619,44,1983,58,1983-06-12,15,43,0
621,44,1983,89,1983-06-12,9,67,0
622,44,1983,1,1983-06-12,16,42,0
630,44,1983,123,1983-06-12,8,68,0
631,44,1983,162,1983-06-12,13,47,0
634,44,1983,146,1983-06-12,18,32,0
635,44,1983,1,1983-06-12,10,67,0
637,44,1983,155,1983-06-12,19,27,0
641,44,1983,123,1983-06-12,11,68,0
642,44,1983,155,1983-06-12,21,17,0
643,44,1983,161,1983-06-12,20,26,0
645,44,1983,157,1983-06-12,7,69,0
499,1,1983,117,1983-07-16,6,66,1
500,1,1983,146,1983-07-16,10,65,0
518,1,1983,117,1983-07-16,9,66,0
540,1,1983,141,1983-07-16,12,65,0
581,1,1983,83,1983-07-16,22,9,0
585,1,1983,6,1983-07-16,3,67,4
591,1,1983,162,1983-07-16,25,3,0
597,1,1983,152,1983-07-16,24,3,0
598,1,1983,141,1983-07-16,11,65,0
599,1,1983,6,1983-07-16,5,67,2
603,1,1983,83,1983-07-16,2,67,6
607,1,1983,58,1983-07-16,26,1,0
611,1,1983,157,1983-07-16,17,64,0
613,1,1983,152,1983-07-16,1,67,9
615,1,1983,164,1983-07-16,23,5,0
619,1,1983,58,1983-07-16,4,67,3
621,1,1983,89,1983-07-16,18,49,0
622,1,1983,1,1983-07-16,8,66,0
630,1,1983,123,1983-07-16,13,65,0
631,1,1983,162,1983-07-16,21,27,0
632,1,1983,161,1983-07-16,20,46,0
634,1,1983,146,1983-07-16,19,48,0
635,1,1983,1,1983-07-16,7,66,0
637,1,1983,155,1983-07-16,16,64,0
641,1,1983,123,1983-07-16,14,65,0
645,1,1983,157,1983-07-16,15,65,0
499,33,1983,117,1983-08-07,14,44,0
500,33,1983,146,1983-08-07,8,44,0
518,33,1983,117,1983-08-07,5,44,2
540,33,1983,141,1983-08-07,6,44,1
581,33,1983,83,1983-08-07,3,45,4
585,33,1983,6,1983-08-07,22,11,0
591,33,1983,162,1983-08-07,19,19,0
597,33,1983,152,1983-08-07,15,38,0
598,33,1983,141,1983-08-07,10,44,0
599,33,1983,6,1983-08-07,1,45,9
603,33,1983,83,1983-08-07,13,42,0
607,33,1983,58,1983-08-07,23,10,0
611,33,1983,157,1983-08-07,7,44,0
613,33,1983,152,1983-08-07,4,45,3
615,33,1983,164,1983-08-07,21,11,0
619,33,1983,58,1983-08-07,25,1,0
622,33,1983,1,1983-08-07,2,45,6
630,33,1983,123,1983-08-07,24,4,0
631,33,1983,162,1983-08-07,20,17,0
632,33,1983,161,1983-08-07,16,34,0
634,33,1983,146,1983-08-07,17,27,0
635,33,1983,1,1983-08-07,18,24,0
637,33,1983,155,1983-08-07,26,0,0
641,33,1983,123,1983-08-07,12,43,0
642,33,1983,155,1983-08-07,11,44,0
645,33,1983,157,1983-08-07,9,44,0
499,34,1983,117,1983-08-14,6,51,1
500,34,1983,146,1983-08-14,7,51,0
518,34,1983,117,1983-08-14,9,51,0
540,34,1983,141,1983-08-14,19,21,0
581,34,1983,83,1983-08-14,17,29,0
585,34,1983,6,1983-08-14,16,30,0
591,34,1983,162,1983-08-14,23,1,0
597,34,1983,152,1983-08-14,4,53,3
598,34,1983,141,1983-08-14,8,51,0
599,34,1983,6,1983-08-14,2,53,6
603,34,1983,83,1983-08-14,3,53,4
607,34,1983,58,1983-08-14,24,0,0
611,34,1983,157,1983-08-14,25,0,0
613,34,1983,152,1983-08-14,1,53,9
615,34,1983,164,1983-08-14,12,48,0
619,34,1983,58,1983-08-14,5,52,2
621,34,1983,89,1983-08-14,14,33,0
622,34,1983,1,1983-08-14,15,31,0
630,34,1983,123,1983-08-14,21,8,0
631,34,1983,162,1983-08-14,22,2,0
632,34,1983,161,1983-08-14,11,49,0
635,34,1983,1,1983-08-14,20,13,0
637,34,1983,155,1983-08-14,18,25,0
641,34,1983,123,1983-08-14,26,0,0
643,34,1983,161,1983-08-14,10,50,0
645,34,1983,157,1983-08-14,13,48,0
499,11,1983,117,1983-08-28,22,25,0
500,11,1983,146,1983-08-28,26,3,0
518,11,1983,117,1983-08-28,3,72,4
540,11,1983,141,1983-08-28,20,37,0
581,11,1983,83,1983-08-28,9,70,0
585,11,1983,6,1983-08-28,2,72,6
591,11,1983,162,1983-08-28,13,68,0
597,11,1983,152,1983-08-28,19,39,0
598,11,1983,141,1983-08-28,15,53,0
599,11,1983,6,1983-08-28,1,72,9
603,11,1983,83,1983-08-28,17,41,0
607,11,1983,58,1983-08-28,24,12,0
611,11,1983,157,1983-08-28,8,70,0
613,11,1983,152,1983-08-28,18,41,0
615,11,1983,164,1983-08-28,7,70,0
619,11,1983,58,1983-08-28,21,26,0
621,11,1983,89,1983-08-28,16,50,0
622,11,1983,1,1983-08-28,25,5,0
630,11,1983,123,1983-08-28,6,71,1
631,11,1983,162,1983-08-28,4,72,3
634,11,1983,146,1983-08-28,10,70,0
635,11,1983,1,1983-08-28,5,72,2
637,11,1983,155,1983-08-28,12,68,0
641,11,1983,123,1983-08-28,23,20,0
643,11,1983,161,1983-08-28,11,68,0
645,11,1983,157,1983-08-28,14,65,0
499,7,1983,117,1983-09-11,20,24,0
500,7,1983,146,1983-09-11,9,51,0
518,7,1983,117,1983-09-11,21,13,0
581,7,1983,83,1983-09-11,25,2,0
585,7,1983,6,1983-09-11,4,52,3
591,7,1983,162,1983-09-11,7,52,0
597,7,1983,152,1983-09-11,3,52,4
598,7,1983,141,1983-09-11,11,51,0
599,7,1983,6,1983-09-11,2,52,6
603,7,1983,83,1983-09-11,1,52,9
607,7,1983,58,1983-09-11,5,52,2
611,7,1983,157,1983-09-11,10,51,0
613,7,1983,152,1983-09-11,19,26,0
615,7,1983,164,1983-09-11,24,4,0
619,7,1983,58,1983-09-11,8,52,0
621,7,1983,89,1983-09-11,17,35,0
622,7,1983,1,1983-09-11,26,2,0
630,7,1983,123,1983-09-11,18,28,0
631,7,1983,162,1983-09-11,6,52,1
632,7,1983,161,1983-09-11,22,10,0
635,7,1983,1,1983-09-11,23,4,0
637,7,1983,155,1983-09-11,13,50,0
641,7,1983,123,1983-09-11,15,44,0
642,7,1983,155,1983-09-11,12,50,0
643,7,1983,161,1983-09-11,14,45,0
645,7,1983,157,1983-09-11,16,41,0
499,24,1983,117,1983-09-25,24,25,0
500,24,1983,146,1983-09-25,26,0,0
518,24,1983,117,1983-09-25,22,36,0
581,24,1983,83,1983-09-25,7,76,0
585,24,1983,6,1983-09-25,16,67,0
591,24,1983,162,1983-09-25,6,76,1
597,24,1983,152,1983-09-25,10,75,0
598,24,1983,141,1983-09-25,20,43,0
599,24,1983,6,1983-09-25,9,75,0
603,24,1983,83,1983-09-25,1,76,9
607,24,1983,58,1983-09-25,25,12,0
611,24,1983,157,1983-09-25,19,50,0
613,24,1983,152,1983-09-25,2,76,6
615,24,1983,164,1983-09-25,14,74,0
619,24,1983,58,1983-09-25,3,76,4
621,24,1983,89,1983-09-25,8,75,0
622,24,1983,1,1983-09-25,4,76,3
630,24,1983,123,1983-09-25,17,64,0
631,24,1983,162,1983-09-25,5,76,2
632,24,1983,161,1983-09-25,18,63,0
634,24,1983,146,1983-09-25,15,73,0
635,24,1983,1,1983-09-25,21,39,0
637,24,1983,155,1983-09-25,12,75,0
641,24,1983,123,1983-09-25,23,27,0
645,24,1983,157,1983-09-25,11,75,0
647,24,1983,141,1983-09-25,13,74,0
499,27,1983,117,1983-10-15,11,71,0
500,27,1983,146,1983-10-15,10,73,0
518,27,1983,117,1983-10-15,21,18,0
540,27,1983,141,1983-10-15,25,1,0
581,27,1983,83,1983-10-15,1,77,9
585,27,1983,6,1983-10-15,16,56,0
591,27,1983,162,1983-10-15,17,56,0
597,27,1983,152,1983-10-15,6,76,1
598,27,1983,141,1983-10-15,5,76,2
599,27,1983,6,1983-10-15,22,9,0
603,27,1983,83,1983-10-15,3,77,4
607,27,1983,58,1983-10-15,20,20,0
611,27,1983,157,1983-10-15,8,75,0
613,27,1983,152,1983-10-15,18,35,0
619,27,1983,58,1983-10-15,13,68,0
621,27,1983,89,1983-10-15,24,1,0
622,27,1983,1,1983-10-15,2,77,6
630,27,1983,123,1983-10-15,15,60,0
631,27,1983,162,1983-10-15,4,76,3
632,27,1983,161,1983-10-15,26,1,0
634,27,1983,146,1983-10-15,14,66,0
635,27,1983,1,1983-10-15,23,5,0
641,27,1983,123,1983-10-15,7,75,0
643,27,1983,161,1983-10-15,19,28,0
645,27,1983,157,1983-10-15,9,74,0
646,27,1983,163,1983-10-15,12,71,0
499,43,1984,117,1984-03-25,13,38,0
540,43,1984,141,1984-03-25,22,15,0
581,43,1984,1,1984-03-25,12,41,0
585,43,1984,152,1984-03-25,5,59,2
597,43,1984,1,1984-03-25,4,60,3
598,43,1984,141,1984-03-25,2,61,6
599,43,1984,6,1984-03-25,17,30,0
603,43,1984,83,1984-03-25,15,32,0
607,43,1984,58,1984-03-25,3,61,4
611,43,1984,157,1984-03-25,7,59,0
613,43,1984,117,1984-03-25,1,61,9
619,43,1984,58,1984-03-25,14,35,0
621,43,1984,89,1984-03-25,27,0,0
622,43,1984,146,1984-03-25,11,42,0
630,43,1984,6,1984-03-25,23,14,0
631,43,1984,152,1984-03-25,10,51,0
632,43,1984,161,1984-03-25,18,28,0
635,43,1984,164,1984-03-25,24,12,0
638,43,1984,83,1984-03-25,16,32,0
642,43,1984,162,1984-03-25,21,18,0
645,43,1984,157,1984-03-25,6,59,1
647,43,1984,163,1984-03-25,8,58,0
648,43,1984,123,1984-03-25,9,60,0
649,43,1984,146,1984-03-25,19,25,0
650,43,1984,163,1984-03-25,20,24,0
651,43,1984,123,1984-03-25,25,11,0
652,43,1984,162,1984-03-25,26,8,0
499,27,1984,117,1984-04-07,1,75,9
540,27,1984,141,1984-04-07,16,60,0
581,27,1984,1,1984-04-07,4,73,3
585,27,1984,152,1984-04-07,14,66,0
597,27,1984,1,1984-04-07,26,4,0
598,27,1984,141,1984-04-07,18,51,0
599,27,1984,6,1984-04-07,20,40,0
603,27,1984,83,1984-04-07,21,29,0
607,27,1984,58,1984-04-07,7,71,0
611,27,1984,157,1984-04-07,9,71,0
613,27,1984,117,1984-04-07,2,75,6
619,27,1984,58,1984-04-07,19,51,0
621,27,1984,89,1984-04-07,17,53,0
622,27,1984,146,1984-04-07,5,73,2
630,27,1984,6,1984-04-07,11,70,0
631,27,1984,152,1984-04-07,3,74,4
632,27,1984,161,1984-04-07,27,0,0
635,27,1984,164,1984-04-07,8,71,0
638,27,1984,83,1984-04-07,25,18,0
642,27,1984,162,1984-04-07,22,26,0
645,27,1984,157,1984-04-07,12,70,0
647,27,1984,163,1984-04-07,24,22,0
648,27,1984,123,1984-04-07,13,71,0
649,27,1984,146,1984-04-07,10,71,0
650,27,1984,163,1984-04-07,23,24,0
651,27,1984,123,1984-04-07,15,60,0
652,27,1984,162,1984-04-07,6,72,1
499,38,1984,117,1984-04-29,17,35,0
540,38,1984,141,1984-04-29,19,15,0
581,38,1984,1,1984-04-29,25,2,0
585,38,1984,152,1984-04-29,7,68,0
597,38,1984,1,1984-04-29,18,28,0
598,38,1984,141,1984-04-29,4,69,3
599,38,1984,6,1984-04-29,3,70,4
603,38,1984,83,1984-04-29,9,66,0
607,38,1984,58,1984-04-29,5,69,2
611,38,1984,157,1984-04-29,8,68,0
613,38,1984,117,1984-04-29,24,5,0
619,38,1984,58,1984-04-29,23,14,0
621,38,1984,89,1984-04-29,16,39,0
622,38,1984,146,1984-04-29,14,42,0
630,38,1984,6,1984-04-29,1,70,9
631,38,1984,152,1984-04-29,2,70,6
632,38,1984,161,1984-04-29,22,14,0
635,38,1984,164,1984-04-29,12,53,0
638,38,1984,83,1984-04-29,15,42,0
642,38,1984,162,1984-04-29,26,1,0
645,38,1984,157,1984-04-29,21,15,0
647,38,1984,163,1984-04-29,10,64,0
648,38,1984,123,1984-04-29,13,51,0
649,38,1984,146,1984-04-29,20,15,0
651,38,1984,123,1984-04-29,11,69,0
652,38,1984,162,1984-04-29,6,68,1
499,45,1984,117,1984-05-06,20,15,0
540,45,1984,141,1984-05-06,21,11,0
581,45,1984,1,1984-05-06,22,6,0
585,45,1984,152,1984-05-06,25,0,0
597,45,1984,1,1984-05-06,7,58,0
598,45,1984,141,1984-05-06,24,2,0
599,45,1984,6,1984-05-06,2,60,6
603,45,1984,83,1984-05-06,14,48,0
607,45,1984,58,1984-05-06,3,59,4
611,45,1984,157,1984-05-06,17,40,0
613,45,1984,117,1984-05-06,1,60,9
619,45,1984,58,1984-05-06,23,2,0
621,45,1984,89,1984-05-06,18,31,0
622,45,1984,146,1984-05-06,6,58,1
630,45,1984,6,1984-05-06,19,23,0
631,45,1984,152,1984-05-06,4,59,3
635,45,1984,164,1984-05-06,8,58,0
638,45,1984,83,1984-05-06,15,48,0
642,45,1984,162,1984-05-06,13,52,0
645,45,1984,157,1984-05-06,5,59,2
647,45,1984,163,1984-05-06,9,57,0
648,45,1984,123,1984-05-06,11,55,0
649,45,1984,146,1984-05-06,26,0,0
650,45,1984,163,1984-05-06,12,53,0
651,45,1984,123,1984-05-06,10,59,0
653,45,1984,161,1984-05-06,16,46,0
499,40,1984,117,1984-05-20,1,79,9
540,40,1984,141,1984-05-20,8,78,0
581,40,1984,1,1984-05-20,22,15,0
585,40,1984,152,1984-05-20,2,79,6
597,40,1984,1,1984-05-20,18,51,0
598,40,1984,141,1984-05-20,6,78,1
599,40,1984,6,1984-05-20,4,79,3
603,40,1984,83,1984-05-20,23,11,0
607,40,1984,58,1984-05-20,5,79,2
611,40,1984,157,1984-05-20,17,51,0
613,40,1984,117,1984-05-20,7,78,0
619,40,1984,58,1984-05-20,3,79,4
621,40,1984,89,1984-05-20,25,5,0
622,40,1984,146,1984-05-20,10,77,0
630,40,1984,6,1984-05-20,20,33,0
631,40,1984,152,1984-05-20,16,53,0
632,40,1984,161,1984-05-20,12,74,0
635,40,1984,164,1984-05-20,15,61,0
638,40,1984,83,1984-05-20,9,78,0
642,40,1984,162,1984-05-20,21,22,0
645,40,1984,157,1984-05-20,11,77,0
647,40,1984,163,1984-05-20,13,72,0
648,40,1984,123,1984-05-20,14,76,0
650,40,1984,163,1984-05-20,26,4,0
651,40,1984,123,1984-05-20,24,11,0
652,40,1984,162,1984-05-20,19,35,0
499,2,1984,117,1984-06-03,11,23,0
540,2,1984,141,1984-06-03,8,30,0
581,2,1984,1,1984-06-03,10,24,0
585,2,1984,152,1984-06-03,19,0,0
598,2,1984,141,1984-06-03,4,31,1.5
599,2,1984,6,1984-06-03,3,31,2
603,2,1984,83,1984-06-03,14,14,0
607,2,1984,58,1984-06-03,5,31,1
613,2,1984,117,1984-06-03,1,31,4.5
619,2,1984,58,1984-06-03,13,15,0
621,2,1984,89,1984-06-03,12,22,0
622,2,1984,146,1984-06-03,20,0,0
630,2,1984,6,1984-06-03,6,30,0.5
631,2,1984,152,1984-06-03,18,0,0
632,2,1984,161,1984-06-03,7,30,0
642,2,1984,162,1984-06-03,17,1,0
643,2,1984,83,1984-06-03,16,9,0
649,2,1984,146,1984-06-03,15,12,0
651,2,1984,123,1984-06-03,9,31,0
652,2,1984,162,1984-06-03,2,31,3
499,44,1984,117,1984-06-17,2,70,6
540,44,1984,141,1984-06-17,22,31,0
581,44,1984,1,1984-06-17,20,37,0
597,44,1984,1,1984-06-17,11,63,0
598,44,1984,141,1984-06-17,21,32,0
599,44,1984,6,1984-06-17,5,68,2
603,44,1984,83,1984-06-17,1,70,9
607,44,1984,58,1984-06-17,4,69,3
611,44,1984,157,1984-06-17,13,59,0
613,44,1984,117,1984-06-17,3,70,4
619,44,1984,58,1984-06-17,6,68,1
620,44,1984,163,1984-06-17,23,29,0
621,44,1984,89,1984-06-17,8,68,0
622,44,1984,146,1984-06-17,17,40,0
630,44,1984,6,1984-06-17,25,10,0
631,44,1984,152,1984-06-17,14,57,0
632,44,1984,161,1984-06-17,24,11,0
642,44,1984,162,1984-06-17,9,68,0
643,44,1984,83,1984-06-17,18,39,0
645,44,1984,157,1984-06-17,19,38,0
648,44,1984,123,1984-06-17,12,68,0
649,44,1984,146,1984-06-17,26,7,0
650,44,1984,163,1984-06-17,10,65,0
651,44,1984,123,1984-06-17,16,52,0
652,44,1984,162,1984-06-17,7,68,0
654,44,1984,164,1984-06-17,15,56,0
499,47,1984,117,1984-06-24,13,33,0
540,47,1984,141,1984-06-24,5,62,2
581,47,1984,1,1984-06-24,20,20,0
585,47,1984,152,1984-06-24,11,33,0
597,47,1984,1,1984-06-24,18,21,0
598,47,1984,141,1984-06-24,8,47,0
599,47,1984,6,1984-06-24,23,2,0
603,47,1984,83,1984-06-24,1,63,9
607,47,1984,58,1984-06-24,2,63,6
611,47,1984,157,1984-06-24,26,0,0
613,47,1984,117,1984-06-24,4,63,3
619,47,1984,58,1984-06-24,14,27,0
621,47,1984,89,1984-06-24,25,0,0
622,47,1984,146,1984-06-24,16,24,0
630,47,1984,6,1984-06-24,7,49,0
631,47,1984,152,1984-06-24,9,40,0
632,47,1984,161,1984-06-24,22,3,0
638,47,1984,83,1984-06-24,3,63,4
642,47,1984,162,1984-06-24,17,23,0
645,47,1984,157,1984-06-24,15,27,0
647,47,1984,163,1984-06-24,24,2,0
648,47,1984,123,1984-06-24,6,63,0
649,47,1984,146,1984-06-24,21,3,0
650,47,1984,163,1984-06-24,12,33,0
651,47,1984,123,1984-06-24,10,33,0
652,47,1984,162,1984-06-24,19,21,0
499,48,1984,117,1984-07-08,9,60,0
540,48,1984,141,1984-07-08,4,65,3
581,48,1984,1,1984-07-08,21,12,0
585,48,1984,152,1984-07-08,17,25,0
597,48,1984,1,1984-07-08,24,8,0
598,48,1984,141,1984-07-08,1,67,9
599,48,1984,6,1984-07-08,2,67,6
603,48,1984,83,1984-07-08,16,45,0
607,48,1984,58,1984-07-08,3,66,4
611,48,1984,157,1984-07-08,13,54,0
613,48,1984,117,1984-07-08,10,56,0
619,48,1984,58,1984-07-08,6,64,1
621,48,1984,89,1984-07-08,8,64,0
622,48,1984,146,1984-07-08,19,15,0
630,48,1984,6,1984-07-08,12,54,0
631,48,1984,152,1984-07-08,22,10,0
632,48,1984,161,1984-07-08,5,65,2
642,48,1984,162,1984-07-08,18,25,0
643,48,1984,83,1984-07-08,7,64,0
645,48,1984,157,1984-07-08,11,55,0
647,48,1984,163,1984-07-08,15,46,0
649,48,1984,146,1984-07-08,25,0,0
651,48,1984,123,1984-07-08,23,9,0
652,48,1984,162,1984-07-08,14,47,0
654,48,1984,164,1984-07-08,20,15,0
499,24,1984,117,1984-07-22,1,71,9
540,24,1984,141,1984-07-22,19,14,0
581,24,1984,1,1984-07-22,12,66,0
585,24,1984,152,1984-07-22,8,69,0
597,24,1984,1,1984-07-22,25,0,0
598,24,1984,141,1984-07-22,23,5,0
599,24,1984,6,1984-07-22,6,70,1
603,24,1984,83,1984-07-22,7,70,0
607,24,1984,58,1984-07-22,4,70,3
611,24,1984,157,1984-07-22,11,67,0
613,24,1984,117,1984-07-22,16,37,0
615,24,1984,123,1984-07-22,24,1,0
619,24,1984,58,1984-07-22,17,24,0
621,24,1984,89,1984-07-22,22,8,0
622,24,1984,146,1984-07-22,10,68,0
630,24,1984,6,1984-07-22,5,70,2
631,24,1984,152,1984-07-22,2,71,6
632,24,1984,161,1984-07-22,9,68,0
638,24,1984,83,1984-07-22,21,9,0
645,24,1984,157,1984-07-22,18,24,0
647,24,1984,163,1984-07-22,20,10,0
649,24,1984,146,1984-07-22,15,43,0
650,24,1984,163,1984-07-22,26,0,0
651,24,1984,123,1984-07-22,13,68,0
652,24,1984,162,1984-07-22,3,71,4
653,24,1984,161,1984-07-22,27,0,0
654,24,1984,164,1984-07-22,14,62,0
499,33,1984,117,1984-08-05,2,44,6
540,33,1984,141,1984-08-05,21,10,0
581,33,1984,1,1984-08-05,15,16,0
585,33,1984,152,1984-08-05,5,44,2
597,33,1984,1,1984-08-05,12,29,0
598,33,1984,141,1984-08-05,20,10,0
599,33,1984,6,1984-08-05,6,43,1
603,33,1984,83,1984-08-05,14,23,0
607,33,1984,58,1984-08-05,23,8,0
611,33,1984,157,1984-08-05,26,1,0
613,33,1984,117,1984-08-05,1,44,9
615,33,1984,123,1984-08-05,10,42,0
619,33,1984,58,1984-08-05,4,44,3
621,33,1984,89,1984-08-05,11,31,0
622,33,1984,146,1984-08-05,7,43,0
630,33,1984,6,1984-08-05,18,13,0
631,33,1984,152,1984-08-05,3,44,4
632,33,1984,161,1984-08-05,16,14,0
638,33,1984,83,1984-08-05,13,28,0
645,33,1984,157,1984-08-05,22,8,0
647,33,1984,163,1984-08-05,19,11,0
649,33,1984,146,1984-08-05,8,43,0
650,33,1984,163,1984-08-05,24,7,0
652,33,1984,162,1984-08-05,25,4,0
653,33,1984,161,1984-08-05,17,13,0
654,33,1984,164,1984-08-05,9,40,0
499,34,1984,117,1984-08-19,1,51,9
540,34,1984,141,1984-08-19,23,12,0
581,34,1984,1,1984-08-19,10,48,0
585,34,1984,152,1984-08-19,13,42,0
597,34,1984,1,1984-08-19,19,18,0
598,34,1984,141,1984-08-19,22,15,0
599,34,1984,6,1984-08-19,7,50,0
603,34,1984,83,1984-08-19,2,51,6
607,34,1984,58,1984-08-19,17,28,0
611,34,1984,157,1984-08-19,6,50,1
613,34,1984,117,1984-08-19,16,28,0
619,34,1984,58,1984-08-19,15,32,0
622,34,1984,146,1984-08-19,21,15,0
630,34,1984,6,1984-08-19,3,51,4
631,34,1984,152,1984-08-19,20,17,0
632,34,1984,161,1984-08-19,25,4,0
638,34,1984,83,1984-08-19,4,51,3
645,34,1984,157,1984-08-19,5,50,2
647,34,1984,163,1984-08-19,9,49,0
649,34,1984,146,1984-08-19,8,49,0
650,34,1984,163,1984-08-19,11,48,0
651,34,1984,123,1984-08-19,26,0,0
652,34,1984,162,1984-08-19,14,35,0
653,34,1984,161,1984-08-19,24,6,0
654,34,1984,164,1984-08-19,18,23,0
655,34,1984,89,1984-08-19,12,48,0
499,11,1984,117,1984-08-26,2,71,6
540,11,1984,141,1984-08-26,20,23,0
581,11,1984,1,1984-08-26,18,51,0
585,11,1984,152,1984-08-26,6,70,1
597,11,1984,1,1984-08-26,13,65,0
598,11,1984,141,1984-08-26,8,68,0
599,11,1984,6,1984-08-26,11,66,0
603,11,1984,83,1984-08-26,25,10,0
607,11,1984,58,1984-08-26,4,70,3
611,11,1984,157,1984-08-26,24,17,0
613,11,1984,117,1984-08-26,1,71,9
615,11,1984,123,1984-08-26,15,69,0
619,11,1984,58,1984-08-26,3,71,4
621,11,1984,89,1984-08-26,22,22,0
622,11,1984,146,1984-08-26,19,31,0
630,11,1984,6,1984-08-26,27,7,0
631,11,1984,152,1984-08-26,21,23,0
632,11,1984,161,1984-08-26,26,8,0
638,11,1984,83,1984-08-26,5,70,2
645,11,1984,157,1984-08-26,16,59,0
647,11,1984,163,1984-08-26,9,67,0
649,11,1984,146,1984-08-26,7,69,0
650,11,1984,163,1984-08-26,10,67,0
651,11,1984,123,1984-08-26,14,69,0
652,11,1984,162,1984-08-26,23,19,0
653,11,1984,161,1984-08-26,12,66,0
654,11,1984,164,1984-08-26,17,53,0
499,7,1984,117,1984-09-09,1,51,9
540,7,1984,141,1984-09-09,19,10,0
581,7,1984,1,1984-09-09,3,50,4
585,7,1984,152,1984-09-09,11,43,0
597,7,1984,1,1984-09-09,9,45,0
598,7,1984,141,1984-09-09,20,8,0
599,7,1984,6,1984-09-09,24,5,0
603,7,1984,83,1984-09-09,16,15,0
607,7,1984,58,1984-09-09,17,14,0
611,7,1984,157,1984-09-09,13,43,0
613,7,1984,117,1984-09-09,25,3,0
615,7,1984,162,1984-09-09,4,49,3
619,7,1984,58,1984-09-09,18,13,0
621,7,1984,89,1984-09-09,26,0,0
622,7,1984,146,1984-09-09,21,7,0
630,7,1984,6,1984-09-09,2,51,6
631,7,1984,152,1984-09-09,14,31,0
632,7,1984,161,1984-09-09,7,48,0
638,7,1984,83,1984-09-09,12,43,0
645,7,1984,157,1984-09-09,10,45,0
647,7,1984,163,1984-09-09,15,20,0
649,7,1984,146,1984-09-09,22,7,0
650,7,1984,163,1984-09-09,23,6,0
653,7,1984,161,1984-09-09,5,49,0
654,7,1984,164,1984-09-09,8,48,0
655,7,1984,89,1984-09-09,6,49,0
499,8,1984,117,1984-10-07,4,67,3
540,8,1984,141,1984-10-07,19,27,0
581,8,1984,1,1984-10-07,6,66,1
585,8,1984,152,1984-10-07,15,47,0
597,8,1984,1,1984-10-07,16,37,0
598,8,1984,141,1984-10-07,22,0,0
599,8,1984,6,1984-10-07,5,67,2
603,8,1984,83,1984-10-07,3,67,4
607,8,1984,58,1984-10-07,20,25,0
611,8,1984,157,1984-10-07,24,0,0
613,8,1984,117,1984-10-07,1,67,9
615,8,1984,162,1984-10-07,21,17,0
619,8,1984,58,1984-10-07,14,51,0
622,8,1984,146,1984-10-07,7,65,0
630,8,1984,6,1984-10-07,2,67,6
631,8,1984,152,1984-10-07,11,61,0
632,8,1984,161,1984-10-07,26,0,0
635,8,1984,164,1984-10-07,8,65,0
638,8,1984,83,1984-10-07,13,57,0
645,8,1984,157,1984-10-07,9,64,0
647,8,1984,163,1984-10-07,18,35,0
649,8,1984,146,1984-10-07,10,64,0
650,8,1984,163,1984-10-07,17,37,0
652,8,1984,162,1984-10-07,23,0,0
653,8,1984,161,1984-10-07,12,60,0
655,8,1984,89,1984-10-07,25,0,0
499,49,1984,117,1984-10-21,2,70,6
540,49,1984,141,1984-10-21,14,67,0
581,49,1984,1,1984-10-21,8,69,0
585,49,1984,152,1984-10-21,7,69,0
597,49,1984,1,1984-10-21,17,64,0
598,49,1984,141,1984-10-21,22,39,0
599,49,1984,6,1984-10-21,9,69,0
603,49,1984,83,1984-10-21,6,69,1
607,49,1984,58,1984-10-21,5,70,2
611,49,1984,157,1984-10-21,26,8,0
613,49,1984,117,1984-10-21,1,70,9
615,49,1984,162,1984-10-21,11,69,0
619,49,1984,58,1984-10-21,19,52,0
621,49,1984,83,1984-10-21,10,69,0
622,49,1984,146,1984-10-21,12,69,0
630,49,1984,6,1984-10-21,4,70,3
631,49,1984,152,1984-10-21,20,51,0
632,49,1984,161,1984-10-21,18,60,0
635,49,1984,164,1984-10-21,15,66,0
645,49,1984,157,1984-10-21,24,24,0
647,49,1984,163,1984-10-21,25,19,0
649,49,1984,146,1984-10-21,23,31,0
650,49,1984,163,1984-10-21,27,2,0
652,49,1984,162,1984-10-21,3,70,4
653,49,1984,161,1984-10-21,16,65,0
655,49,1984,89,1984-10-21,13,68,0
657,49,1984,152,1984-10-21,21,48,0
499,43,1985,117,1985-04-07,18,27,0
540,43,1985,146,1985-04-07,6,59,1
581,43,1985,1,1985-04-07,20,20,0
585,43,1985,152,1985-04-07,5,59,2
597,43,1985,1,1985-04-07,16,42,0
598,43,1985,141,1985-04-07,21,10,0
599,43,1985,6,1985-04-07,4,59,3
603,43,1985,83,1985-04-07,25,2,0
607,43,1985,58,1985-04-07,3,60,4
613,43,1985,117,1985-04-07,1,61,9
615,43,1985,123,1985-04-07,7,58,0
619,43,1985,141,1985-04-07,23,8,0
621,43,1985,163,1985-04-07,13,57,0
622,43,1985,146,1985-04-07,19,26,0
630,43,1985,6,1985-04-07,2,61,6
631,43,1985,152,1985-04-07,10,57,0
632,43,1985,161,1985-04-07,12,57,0
635,43,1985,164,1985-04-07,24,7,0
645,43,1985,157,1985-04-07,11,57,0
648,43,1985,123,1985-04-07,8,58,0
649,43,1985,83,1985-04-07,22,9,0
650,43,1985,163,1985-04-07,9,58,0
652,43,1985,58,1985-04-07,15,48,0
655,43,1985,157,1985-04-07,14,51,0
656,43,1985,165,1985-04-07,17,41,0
499,49,1985,117,1985-04-21,11,49,0
540,49,1985,146,1985-04-21,20,15,0
581,49,1985,1,1985-04-21,23,4,0
585,49,1985,152,1985-04-21,3,66,4
597,49,1985,1,1985-04-21,12,36,0
598,49,1985,141,1985-04-21,19,16,0
603,49,1985,83,1985-04-21,15,28,0
607,49,1985,58,1985-04-21,4,66,3
613,49,1985,117,1985-04-21,13,30,0
615,49,1985,6,1985-04-21,8,62,0
619,49,1985,141,1985-04-21,5,65,2
621,49,1985,163,1985-04-21,10,50,0
622,49,1985,146,1985-04-21,14,29,0
630,49,1985,6,1985-04-21,2,67,6
631,49,1985,152,1985-04-21,7,65,0
632,49,1985,161,1985-04-21,9,61,0
635,49,1985,164,1985-04-21,18,19,0
645,49,1985,157,1985-04-21,16,28,0
647,49,1985,166,1985-04-21,26,2,0
648,49,1985,123,1985-04-21,17,20,0
649,49,1985,83,1985-04-21,25,3,0
650,49,1985,163,1985-04-21,24,3,0
651,49,1985,123,1985-04-21,6,65,1
652,49,1985,58,1985-04-21,1,67,9
655,49,1985,157,1985-04-21,21,12,0
656,49,1985,165,1985-04-21,22,12,0
499,45,1985,117,1985-05-05,4,59,3
540,45,1985,146,1985-05-05,18,22,0
581,45,1985,1,1985-05-05,25,4,0
585,45,1985,152,1985-05-05,3,59,4
597,45,1985,1,1985-05-05,12,50,0
598,45,1985,141,1985-05-05,17,23,0
603,45,1985,83,1985-05-05,8,57,0
607,45,1985,58,1985-05-05,1,60,9
613,45,1985,117,1985-05-05,11,60,0
615,45,1985,6,1985-05-05,6,57,1
619,45,1985,141,1985-05-05,5,58,2
621,45,1985,163,1985-05-05,15,27,0
622,45,1985,146,1985-05-05,20,11,0
630,45,1985,6,1985-05-05,14,29,0
631,45,1985,152,1985-05-05,10,56,0
632,45,1985,161,1985-05-05,13,46,0
635,45,1985,164,1985-05-05,21,9,0
645,45,1985,157,1985-05-05,2,59,6
647,45,1985,166,1985-05-05,26,0,0
648,45,1985,123,1985-05-05,9,56,0
649,45,1985,83,1985-05-05,22,5,0
650,45,1985,163,1985-05-05,16,24,0
651,45,1985,123,1985-05-05,23,5,0
652,45,1985,58,1985-05-05,7,57,0
655,45,1985,157,1985-05-05,24,4,0
656,45,1985,165,1985-05-05,19,14,0
499,2,1985,117,1985-05-19,12,17,0
540,2,1985,146,1985-05-19,6,77,1
581,2,1985,1,1985-05-19,13,16,0
585,2,1985,152,1985-05-19,20,0,0
597,2,1985,1,1985-05-19,17,10,0
598,2,1985,141,1985-05-19,8,76,0
603,2,1985,83,1985-05-19,14,16,0
607,2,1985,58,1985-05-19,3,78,4
613,2,1985,117,1985-05-19,1,78,9
615,2,1985,6,1985-05-19,18,1,0
619,2,1985,141,1985-05-19,7,77,0
622,2,1985,146,1985-05-19,4,77,3
630,2,1985,6,1985-05-19,2,78,6
631,2,1985,152,1985-05-19,5,77,2
638,2,1985,162,1985-05-19,15,16,0
645,2,1985,157,1985-05-19,9,76,0
647,2,1985,166,1985-05-19,11,74,0
648,2,1985,123,1985-05-19,10,74,0
652,2,1985,58,1985-05-19,16,13,0
655,2,1985,157,1985-05-19,19,0,0
499,44,1985,117,1985-06-16,19,37,0
540,44,1985,146,1985-06-16,8,69,0
581,44,1985,1,1985-06-16,10,68,0
585,44,1985,152,1985-06-16,7,69,0
597,44,1985,1,1985-06-16,17,64,0
598,44,1985,141,1985-06-16,4,70,3
603,44,1985,83,1985-06-16,25,0,0
607,44,1985,58,1985-06-16,5,70,2
611,44,1985,83,1985-06-16,15,67,0
613,44,1985,117,1985-06-16,3,70,4
615,44,1985,6,1985-06-16,2,70,6
619,44,1985,141,1985-06-16,6,70,1
621,44,1985,163,1985-06-16,23,5,0
622,44,1985,146,1985-06-16,14,67,0
630,44,1985,6,1985-06-16,1,70,9
631,44,1985,152,1985-06-16,22,25,0
632,44,1985,161,1985-06-16,20,35,0
638,44,1985,162,1985-06-16,24,3,0
645,44,1985,157,1985-06-16,9,68,0
648,44,1985,123,1985-06-16,12,68,0
650,44,1985,163,1985-06-16,21,28,0
651,44,1985,123,1985-06-16,11,68,0
652,44,1985,58,1985-06-16,16,65,0
655,44,1985,157,1985-06-16,13,67,0
656,44,1985,165,1985-06-16,18,57,0
499,47,1985,117,1985-06-23,22,10,0
540,47,1985,146,1985-06-23,12,58,0
581,47,1985,1,1985-06-23,18,19,0
585,47,1985,152,1985-06-23,20,15,0
597,47,1985,1,1985-06-23,9,61,0
598,47,1985,141,1985-06-23,1,63,9
603,47,1985,83,1985-06-23,6,62,1
607,47,1985,58,1985-06-23,5,63,2
611,47,1985,83,1985-06-23,8,62,0
613,47,1985,117,1985-06-23,17,19,0
615,47,1985,6,1985-06-23,2,63,6
619,47,1985,141,1985-06-23,16,26,0
621,47,1985,163,1985-06-23,24,3,0
622,47,1985,146,1985-06-23,10,61,0
630,47,1985,6,1985-06-23,3,63,4
631,47,1985,152,1985-06-23,19,18,0
632,47,1985,161,1985-06-23,25,0,0
638,47,1985,162,1985-06-23,23,4,0
645,47,1985,157,1985-06-23,7,62,0
648,47,1985,123,1985-06-23,14,30,0
650,47,1985,163,1985-06-23,15,27,0
651,47,1985,123,1985-06-23,4,63,3
652,47,1985,58,1985-06-23,13,51,0
655,47,1985,157,1985-06-23,11,60,0
656,47,1985,165,1985-06-23,21,11,0
499,35,1985,117,1985-07-07,17,30,0
540,35,1985,146,1985-07-07,25,2,0
581,35,1985,1,1985-07-07,11,52,0
585,35,1985,152,1985-07-07,6,53,1
597,35,1985,1,1985-07-07,10,52,0
598,35,1985,141,1985-07-07,2,53,6
603,35,1985,83,1985-07-07,1,53,9
607,35,1985,58,1985-07-07,5,53,2
611,35,1985,83,1985-07-07,8,52,0
613,35,1985,117,1985-07-07,3,53,4
615,35,1985,6,1985-07-07,4,53,3
619,35,1985,141,1985-07-07,26,0,0
621,35,1985,163,1985-07-07,12,50,0
622,35,1985,146,1985-07-07,24,4,0
630,35,1985,6,1985-07-07,23,5,0
631,35,1985,152,1985-07-07,7,53,0
632,35,1985,161,1985-07-07,15,49,0
638,35,1985,162,1985-07-07,14,49,0
645,35,1985,157,1985-07-07,9,52,0
647,35,1985,166,1985-07-07,22,6,0
648,35,1985,123,1985-07-07,16,32,0
650,35,1985,163,1985-07-07,21,8,0
651,35,1985,123,1985-07-07,13,50,0
652,35,1985,58,1985-07-07,18,26,0
655,35,1985,157,1985-07-07,19,20,0
656,35,1985,165,1985-07-07,20,19,0
499,1,1985,117,1985-07-21,12,57,0
540,1,1985,146,1985-07-21,3,64,4
581,1,1985,1,1985-07-21,9,62,0
585,1,1985,152,1985-07-21,24,0,0
597,1,1985,1,1985-07-21,20,17,0
598,1,1985,141,1985-07-21,18,21,0
603,1,1985,83,1985-07-21,4,64,3
607,1,1985,58,1985-07-21,16,37,0
611,1,1985,83,1985-07-21,6,63,1
613,1,1985,117,1985-07-21,1,65,9
615,1,1985,6,1985-07-21,23,1,0
619,1,1985,141,1985-07-21,19,17,0
621,1,1985,163,1985-07-21,17,28,0
622,1,1985,146,1985-07-21,14,41,0
630,1,1985,6,1985-07-21,2,64,6
631,1,1985,152,1985-07-21,5,64,2
632,1,1985,161,1985-07-21,26,0,0
638,1,1985,162,1985-07-21,22,4,0
645,1,1985,157,1985-07-21,13,57,0
647,1,1985,166,1985-07-21,21,6,0
648,1,1985,123,1985-07-21,7,63,0
650,1,1985,163,1985-07-21,25,0,0
651,1,1985,123,1985-07-21,11,59,0
652,1,1985,58,1985-07-21,10,60,0
655,1,1985,157,1985-07-21,8,63,0
656,1,1985,165,1985-07-21,15,38,0
499,8,1985,117,1985-08-04,5,67,2
540,8,1985,146,1985-08-04,3,67,4
581,8,1985,1,1985-08-04,23,8,0
585,8,1985,152,1985-08-04,20,19,0
597,8,1985,1,1985-08-04,13,45,0
598,8,1985,141,1985-08-04,12,61,0
603,8,1985,83,1985-08-04,19,23,0
607,8,1985,58,1985-08-04,14,40,0
611,8,1985,83,1985-08-04,21,15,0
613,8,1985,117,1985-08-04,2,67,6
615,8,1985,6,1985-08-04,9,66,0
619,8,1985,141,1985-08-04,6,67,1
621,8,1985,163,1985-08-04,22,8,0
622,8,1985,146,1985-08-04,27,0,0
630,8,1985,6,1985-08-04,1,67,9
631,8,1985,152,1985-08-04,18,25,0
638,8,1985,162,1985-08-04,16,29,0
645,8,1985,157,1985-08-04,4,67,3
647,8,1985,166,1985-08-04,26,7,0
648,8,1985,123,1985-08-04,10,63,0
649,8,1985,152,1985-08-04,24,8,0
650,8,1985,163,1985-08-04,25,8,0
651,8,1985,123,1985-08-04,8,66,0
652,8,1985,58,1985-08-04,17,27,0
654,8,1985,161,1985-08-04,15,32,0
655,8,1985,157,1985-08-04,7,66,0
656,8,1985,165,1985-08-04,11,62,0
499,34,1985,117,1985-08-18,13,39,0
540,34,1985,146,1985-08-18,11,43,0
581,34,1985,1,1985-08-18,20,25,0
585,34,1985,152,1985-08-18,10,46,0
597,34,1985,1,1985-08-18,24,6,0
598,34,1985,141,1985-08-18,25,4,0
603,34,1985,83,1985-08-18,18,26,0
607,34,1985,58,1985-08-18,5,52,2
611,34,1985,83,1985-08-18,6,51,1
613,34,1985,117,1985-08-18,1,52,9
615,34,1985,6,1985-08-18,4,52,3
619,34,1985,141,1985-08-18,19,25,0
622,34,1985,146,1985-08-18,23,13,0
630,34,1985,6,1985-08-18,3,52,4
631,34,1985,152,1985-08-18,16,29,0
632,34,1985,162,1985-08-18,26,0,0
638,34,1985,162,1985-08-18,15,31,0
645,34,1985,157,1985-08-18,8,49,0
646,34,1985,163,1985-08-18,17,28,0
647,34,1985,166,1985-08-18,21,17,0
650,34,1985,163,1985-08-18,22,16,0
651,34,1985,123,1985-08-18,7,49,0
652,34,1985,58,1985-08-18,2,52,6
654,34,1985,161,1985-08-18,9,48,0
655,34,1985,157,1985-08-18,14,33,0
656,34,1985,165,1985-08-18,12,40,0
499,11,1985,117,1985-08-25,1,70,9
540,11,1985,146,1985-08-25,20,17,0
581,11,1985,1,1985-08-25,26,1,0
585,11,1985,152,1985-08-25,17,22,0
597,11,1985,1,1985-08-25,25,1,0
598,11,1985,141,1985-08-25,18,20,0
603,11,1985,83,1985-08-25,8,69,0
607,11,1985,58,1985-08-25,5,69,2
611,11,1985,83,1985-08-25,10,65,0
613,11,1985,117,1985-08-25,2,70,6
615,11,1985,6,1985-08-25,23,9,0
619,11,1985,141,1985-08-25,6,69,1
622,11,1985,146,1985-08-25,16,25,0
630,11,1985,6,1985-08-25,4,70,3
631,11,1985,152,1985-08-25,15,27,0
632,11,1985,162,1985-08-25,22,12,0
638,11,1985,162,1985-08-25,19,18,0
645,11,1985,157,1985-08-25,12,54,0
647,11,1985,166,1985-08-25,21,13,0
648,11,1985,123,1985-08-25,7,69,0
650,11,1985,163,1985-08-25,13,52,0
651,11,1985,123,1985-08-25,14,39,0
652,11,1985,58,1985-08-25,3,70,4
654,11,1985,161,1985-08-25,11,56,0
655,11,1985,157,1985-08-25,9,68,0
656,11,1985,165,1985-08-25,24,1,0
499,7,1985,117,1985-09-08,16,33,0
540,7,1985,146,1985-09-08,15,40,0
549,7,1985,81,1985-09-08,22,6,0
581,7,1985,1,1985-09-08,17,31,0
585,7,1985,152,1985-09-08,7,50,0
597,7,1985,1,1985-09-08,23,3,0
598,7,1985,141,1985-09-08,14,44,0
603,7,1985,83,1985-09-08,2,51,6
607,7,1985,58,1985-09-08,6,50,1
611,7,1985,83,1985-09-08,4,51,3
613,7,1985,117,1985-09-08,1,51,9
615,7,1985,6,1985-09-08,5,50,2
619,7,1985,141,1985-09-08,11,47,0
630,7,1985,6,1985-09-08,13,45,0
631,7,1985,152,1985-09-08,21,9,0
632,7,1985,162,1985-09-08,26,0,0
638,7,1985,162,1985-09-08,12,47,0
645,7,1985,157,1985-09-08,9,50,0
646,7,1985,163,1985-09-08,24,2,0
648,7,1985,123,1985-09-08,8,50,0
650,7,1985,163,1985-09-08,19,19,0
652,7,1985,58,1985-09-08,3,51,4
654,7,1985,161,1985-09-08,18,26,0
655,7,1985,157,1985-09-08,20,13,0
656,7,1985,165,1985-09-08,25,0,0
657,7,1985,146,1985-09-08,10,49,0
540,5,1985,146,1985-09-15,11,38,0
581,5,1985,1,1985-09-15,15,31,0
585,5,1985,152,1985-09-15,17,24,0
597,5,1985,1,1985-09-15,16,26,0
598,5,1985,141,1985-09-15,4,43,3
603,5,1985,83,1985-09-15,5,42,2
607,5,1985,58,1985-09-15,19,17,0
611,5,1985,83,1985-09-15,8,42,0
613,5,1985,117,1985-09-15,3,43,4
615,5,1985,6,1985-09-15,22,7,0
619,5,1985,141,1985-09-15,2,43,6
630,5,1985,6,1985-09-15,24,3,0
631,5,1985,152,1985-09-15,6,42,1
632,5,1985,162,1985-09-15,23,7,0
638,5,1985,162,1985-09-15,18,23,0
645,5,1985,157,1985-09-15,10,40,0
648,5,1985,123,1985-09-15,13,38,0
650,5,1985,163,1985-09-15,21,10,0
652,5,1985,58,1985-09-15,1,43,9
654,5,1985,161,1985-09-15,14,37,0
655,5,1985,157,1985-09-15,7,42,0
656,5,1985,165,1985-09-15,12,38,0
657,5,1985,146,1985-09-15,9,42,0
658,5,1985,166,1985-09-15,20,16,0
518,24,1985,117,1985-10-06,7,73,0
540,24,1985,146,1985-10-06,15,58,0
549,24,1985,81,1985-10-06,22,13,0
581,24,1985,1,1985-10-06,9,73,0
585,24,1985,152,1985-10-06,12,72,0
597,24,1985,1,1985-10-06,11,73,0
598,24,1985,141,1985-10-06,3,75,4
603,24,1985,83,1985-10-06,24,6,0
607,24,1985,58,1985-10-06,5,74,2
611,24,1985,83,1985-10-06,13,62,0
613,24,1985,117,1985-10-06,4,75,3
615,24,1985,6,1985-10-06,14,59,0
619,24,1985,141,1985-10-06,1,75,9
630,24,1985,6,1985-10-06,23,13,0
631,24,1985,152,1985-10-06,25,4,0
632,24,1985,162,1985-10-06,21,16,0
638,24,1985,162,1985-10-06,19,33,0
645,24,1985,157,1985-10-06,6,73,1
648,24,1985,123,1985-10-06,18,40,0
650,24,1985,163,1985-10-06,20,31,0
652,24,1985,58,1985-10-06,2,75,6
655,24,1985,157,1985-10-06,10,73,0
656,24,1985,165,1985-10-06,26,3,0
657,24,1985,146,1985-10-06,8,73,0
658,24,1985,166,1985-10-06,16,55,0
659,24,1985,123,1985-10-06,17,44,0
499,27,1985,117,1985-10-19,10,37,0
549,27,1985,81,1985-10-19,21,0,0
581,27,1985,1,1985-10-19,19,0,0
597,27,1985,1,1985-10-19,20,0,0
598,27,1985,141,1985-10-19,2,75,6
603,27,1985,83,1985-10-19,14,6,0
607,27,1985,58,1985-10-19,8,52,0
611,27,1985,83,1985-10-19,17,3,0
613,27,1985,117,1985-10-19,3,74,4
615,27,1985,6,1985-10-19,4,74,3
619,27,1985,141,1985-10-19,1,75,9
630,27,1985,6,1985-10-19,13,8,0
632,27,1985,162,1985-10-19,15,4,0
638,27,1985,162,1985-10-19,16,3,0
645,27,1985,157,1985-10-19,6,74,1
648,27,1985,123,1985-10-19,7,73,0
652,27,1985,58,1985-10-19,12,8,0
654,27,1985,161,1985-10-19,18,1,0
655,27,1985,157,1985-10-19,5,74,2
656,27,1985,165,1985-10-19,9,45,0
657,27,1985,123,1985-10-19,11,16,0
499,50,1985,117,1985-11-03,11,57,0
540,50,1985,146,1985-11-03,2,82,6
549,50,1985,81,1985-11-03,21,20,0
581,50,1985,1,1985-11-03,15,42,0
585,50,1985,152,1985-11-03,20,20,0
597,50,1985,1,1985-11-03,24,5,0
598,50,1985,141,1985-11-03,1,82,9
603,50,1985,83,1985-11-03,23,14,0
607,50,1985,58,1985-11-03,22,18,0
611,50,1985,83,1985-11-03,14,42,0
613,50,1985,117,1985-11-03,19,26,0
615,50,1985,6,1985-11-03,5,81,2
619,50,1985,141,1985-11-03,25,1,0
630,50,1985,6,1985-11-03,10,61,0
631,50,1985,152,1985-11-03,12,57,0
632,50,1985,162,1985-11-03,18,28,0
638,50,1985,162,1985-11-03,16,40,0
645,50,1985,157,1985-11-03,17,37,0
648,50,1985,123,1985-11-03,13,49,0
652,50,1985,58,1985-11-03,9,62,0
654,50,1985,161,1985-11-03,7,78,0
655,50,1985,157,1985-11-03,6,81,1
656,50,1985,165,1985-11-03,8,78,0
657,50,1985,146,1985-11-03,3,82,4
659,50,1985,123,1985-11-03,4,81,3
540,43,1986,146,1986-03-23,3,61,4
549,43,1986,81,1986-03-23,24,5,0
581,43,1986,83,1986-03-23,17,21,0
585,43,1986,81,1986-03-23,16,24,0
598,43,1986,117,1986-03-23,23,6,0
599,43,1986,146,1986-03-23,4,61,3
603,43,1986,141,1986-03-23,1,61,9
607,43,1986,83,1986-03-23,8,58,0
611,43,1986,157,1986-03-23,19,19,0
613,43,1986,117,1986-03-23,13,30,0
615,43,1986,6,1986-03-23,15,26,0
619,43,1986,141,1986-03-23,25,0,0
622,43,1986,165,1986-03-23,21,16,0
630,43,1986,6,1986-03-23,12,35,0
632,43,1986,161,1986-03-23,22,16,0
638,43,1986,167,1986-03-23,10,56,0
645,43,1986,157,1986-03-23,11,37,0
647,43,1986,166,1986-03-23,18,20,0
648,43,1986,123,1986-03-23,5,60,2
652,43,1986,58,1986-03-23,2,61,6
655,43,1986,167,1986-03-23,6,59,1
657,43,1986,123,1986-03-23,7,59,0
658,43,1986,161,1986-03-23,14,29,0
660,43,1986,58,1986-03-23,9,58,0
661,43,1986,165,1986-03-23,20,18,0
540,51,1986,146,1986-04-13,11,40,0
549,51,1986,81,1986-04-13,24,0,0
581,51,1986,83,1986-04-13,21,8,0
585,51,1986,81,1986-04-13,8,66,0
598,51,1986,117,1986-04-13,4,71,3
599,51,1986,146,1986-04-13,15,29,0
603,51,1986,141,1986-04-13,13,39,0
607,51,1986,83,1986-04-13,14,29,0
611,51,1986,157,1986-04-13,12,39,0
613,51,1986,117,1986-04-13,3,72,4
615,51,1986,6,1986-04-13,19,11,0
619,51,1986,141,1986-04-13,2,72,6
622,51,1986,165,1986-04-13,22,1,0
630,51,1986,6,1986-04-13,16,22,0
632,51,1986,161,1986-04-13,20,10,0
638,51,1986,167,1986-04-13,5,71,2
645,51,1986,157,1986-04-13,7,68,0
647,51,1986,166,1986-04-13,23,0,0
648,51,1986,123,1986-04-13,10,41,0
652,51,1986,58,1986-04-13,1,72,9
655,51,1986,167,1986-04-13,6,71,1
657,51,1986,123,1986-04-13,17,22,0
658,51,1986,161,1986-04-13,18,14,0
660,51,1986,58,1986-04-13,9,52,0
661,51,1986,165,1986-04-13,25,0,0
540,45,1986,146,1986-04-27,20,14,0
549,45,1986,81,1986-04-27,17,28,0
581,45,1986,83,1986-04-27,6,58,1
585,45,1986,81,1986-04-27,25,5,0
598,45,1986,117,1986-04-27,5,58,2
599,45,1986,146,1986-04-27,12,46,0
603,45,1986,141,1986-04-27,2,60,6
607,45,1986,83,1986-04-27,19,19,0
611,45,1986,157,1986-04-27,9,57,0
613,45,1986,117,1986-04-27,1,60,9
615,45,1986,6,1986-04-27,4,59,3
619,45,1986,141,1986-04-27,22,8,0
622,45,1986,165,1986-04-27,18,20,0
630,45,1986,6,1986-04-27,10,56,0
632,45,1986,161,1986-04-27,11,52,0
638,45,1986,167,1986-04-27,14,39,0
645,45,1986,157,1986-04-27,7,58,0
647,45,1986,166,1986-04-27,15,38,0
648,45,1986,123,1986-04-27,8,58,0
652,45,1986,58,1986-04-27,21,11,0
654,45,1986,166,1986-04-27,24,7,0
655,45,1986,167,1986-04-27,3,59,4
657,45,1986,123,1986-04-27,13,41,0
658,45,1986,161,1986-04-27,16,31,0
660,45,1986,58,1986-04-27,23,8,0
661,45,1986,165,1986-04-27,26,0,0
540,2,1986,146,1986-05-11,6,77,1
549,2,1986,81,1986-05-11,20,2,0
581,2,1986,83,1986-05-11,16,38,0
585,2,1986,81,1986-05-11,14,67,0
598,2,1986,117,1986-05-11,2,78,6
599,2,1986,146,1986-05-11,5,77,2
603,2,1986,141,1986-05-11,7,77,0
607,2,1986,83,1986-05-11,18,31,0
611,2,1986,157,1986-05-11,9,75,0
613,2,1986,117,1986-05-11,1,78,9
615,2,1986,6,1986-05-11,10,75,0
619,2,1986,141,1986-05-11,4,78,3
630,2,1986,6,1986-05-11,17,38,0
638,2,1986,167,1986-05-11,19,17,0
645,2,1986,157,1986-05-11,8,75,0
647,2,1986,166,1986-05-11,12,74,0
648,2,1986,123,1986-05-11,13,67,0
652,2,1986,58,1986-05-11,3,78,4
655,2,1986,167,1986-05-11,15,42,0
657,2,1986,123,1986-05-11,11,74,0
540,5,1986,146,1986-05-25,5,43,2
549,5,1986,81,1986-05-25,11,40,0
581,5,1986,83,1986-05-25,8,42,0
585,5,1986,81,1986-05-25,25,0,0
598,5,1986,117,1986-05-25,22,6,0
599,5,1986,146,1986-05-25,18,23,0
603,5,1986,141,1986-05-25,19,16,0
611,5,1986,157,1986-05-25,9,41,0
613,5,1986,117,1986-05-25,6,43,1
615,5,1986,6,1986-05-25,3,43,4
619,5,1986,141,1986-05-25,1,43,9
622,5,1986,165,1986-05-25,14,35,0
630,5,1986,6,1986-05-25,4,43,3
632,5,1986,161,1986-05-25,23,3,0
638,5,1986,167,1986-05-25,7,42,0
645,5,1986,157,1986-05-25,20,7,0
647,5,1986,166,1986-05-25,13,37,0
648,5,1986,123,1986-05-25,16,25,0
652,5,1986,58,1986-05-25,2,43,6
654,5,1986,166,1986-05-25,15,25,0
655,5,1986,167,1986-05-25,10,41,0
657,5,1986,123,1986-05-25,12,40,0
658,5,1986,161,1986-05-25,24,2,0
660,5,1986,58,1986-05-25,21,7,0
661,5,1986,165,1986-05-25,17,24,0
540,44,1986,146,1986-06-15,7,68,0
549,44,1986,81,1986-06-15,10,66,0
581,44,1986,83,1986-06-15,13,44,0
585,44,1986,81,1986-06-15,25,0,0
598,44,1986,117,1986-06-15,4,69,3
599,44,1986,146,1986-06-15,6,68,1
603,44,1986,141,1986-06-15,3,69,4
613,44,1986,117,1986-06-15,2,69,6
615,44,1986,6,1986-06-15,18,29,0
619,44,1986,141,1986-06-15,1,69,9
622,44,1986,165,1986-06-15,15,40,0
630,44,1986,6,1986-06-15,8,68,0
631,44,1986,83,1986-06-15,21,20,0
632,44,1986,161,1986-06-15,14,43,0
638,44,1986,167,1986-06-15,23,13,0
645,44,1986,157,1986-06-15,16,38,0
647,44,1986,166,1986-06-15,20,24,0
648,44,1986,123,1986-06-15,9,67,0
652,44,1986,58,1986-06-15,5,68,2
654,44,1986,166,1986-06-15,12,63,0
655,44,1986,167,1986-06-15,17,34,0
657,44,1986,123,1986-06-15,11,65,0
658,44,1986,161,1986-06-15,24,6,0
660,44,1986,58,1986-06-15,19,28,0
661,44,1986,165,1986-06-15,22,17,0
540,47,1986,146,1986-06-22,2,63,6
549,47,1986,81,1986-06-22,19,33,0
581,47,1986,83,1986-06-22,6,62,1
597,47,1986,81,1986-06-22,18,37,0
598,47,1986,117,1986-06-22,23,12,0
599,47,1986,146,1986-06-22,12,46,0
603,47,1986,141,1986-06-22,15,41,0
613,47,1986,117,1986-06-22,3,63,4
615,47,1986,6,1986-06-22,16,40,0
619,47,1986,141,1986-06-22,5,62,2
622,47,1986,165,1986-06-22,14,43,0
630,47,1986,6,1986-06-22,4,63,3
631,47,1986,83,1986-06-22,10,60,0
632,47,1986,161,1986-06-22,22,14,0
638,47,1986,167,1986-06-22,17,38,0
645,47,1986,157,1986-06-22,13,44,0
647,47,1986,166,1986-06-22,8,61,0
648,47,1986,123,1986-06-22,21,15,0
652,47,1986,58,1986-06-22,1,63,9
654,47,1986,166,1986-06-22,26,0,0
655,47,1986,167,1986-06-22,24,8,0
657,47,1986,123,1986-06-22,9,61,0
658,47,1986,157,1986-06-22,11,51,0
660,47,1986,58,1986-06-22,7,61,0
661,47,1986,165,1986-06-22,25,3,0
662,47,1986,161,1986-06-22,20,28,0
540,35,1986,146,1986-07-06,6,79,1
549,35,1986,81,1986-07-06,26,2,0
581,35,1986,83,1986-07-06,7,78,0
585,35,1986,81,1986-07-06,13,64,0
598,35,1986,117,1986-07-06,4,80,3
599,35,1986,146,1986-07-06,5,79,2
603,35,1986,141,1986-07-06,3,80,4
613,35,1986,117,1986-07-06,2,80,6
615,35,1986,6,1986-07-06,21,5,0
619,35,1986,141,1986-07-06,1,80,9
622,35,1986,165,1986-07-06,25,3,0
630,35,1986,6,1986-07-06,8,78,0
631,35,1986,83,1986-07-06,9,77,0
632,35,1986,161,1986-07-06,23,3,0
638,35,1986,167,1986-07-06,20,7,0
645,35,1986,157,1986-07-06,12,67,0
647,35,1986,166,1986-07-06,15,46,0
648,35,1986,123,1986-07-06,10,77,0
652,35,1986,58,1986-07-06,22,3,0
654,35,1986,166,1986-07-06,17,32,0
655,35,1986,167,1986-07-06,19,22,0
657,35,1986,123,1986-07-06,16,43,0
658,35,1986,157,1986-07-06,11,76,0
660,35,1986,58,1986-07-06,14,56,0
661,35,1986,165,1986-07-06,24,3,0
662,35,1986,161,1986-07-06,18,25,0
540,24,1986,146,1986-07-13,23,0,0
549,24,1986,81,1986-07-13,20,22,0
581,24,1986,83,1986-07-13,15,39,0
585,24,1986,81,1986-07-13,11,60,0
598,24,1986,117,1986-07-13,22,7,0
599,24,1986,146,1986-07-13,4,73,3
603,24,1986,141,1986-07-13,2,75,6
613,24,1986,117,1986-07-13,3,74,4
615,24,1986,6,1986-07-13,21,20,0
619,24,1986,141,1986-07-13,1,75,9
622,24,1986,165,1986-07-13,18,23,0
630,24,1986,6,1986-07-13,12,51,0
631,24,1986,83,1986-07-13,8,72,0
632,24,1986,161,1986-07-13,25,0,0
638,24,1986,167,1986-07-13,14,45,0
645,24,1986,157,1986-07-13,10,62,0
647,24,1986,166,1986-07-13,9,69,0
648,24,1986,123,1986-07-13,5,72,2
652,24,1986,58,1986-07-13,16,27,0
654,24,1986,166,1986-07-13,17,24,0
655,24,1986,167,1986-07-13,19,22,0
657,24,1986,123,1986-07-13,6,72,1
658,24,1986,157,1986-07-13,24,0,0
660,24,1986,58,1986-07-13,7,72,0
661,24,1986,165,1986-07-13,13,50,0
662,24,1986,161,1986-07-13,26,0,0
549,33,1986,81,1986-07-27,9,42,0
581,33,1986,83,1986-07-27,17,22,0
585,33,1986,81,1986-07-27,8,43,0
598,33,1986,117,1986-07-27,5,43,2
599,33,1986,146,1986-07-27,4,44,3
603,33,1986,141,1986-07-27,1,44,9
613,33,1986,117,1986-07-27,6,43,1
615,33,1986,6,1986-07-27,11,41,0
619,33,1986,141,1986-07-27,3,44,4
622,33,1986,165,1986-07-27,18,20,0
630,33,1986,6,1986-07-27,25,6,0
631,33,1986,83,1986-07-27,7,43,0
632,33,1986,161,1986-07-27,23,10,0
638,33,1986,167,1986-07-27,26,0,0
645,33,1986,157,1986-07-27,21,13,0
647,33,1986,166,1986-07-27,15,37,0
648,33,1986,123,1986-07-27,16,34,0
650,33,1986,146,1986-07-27,22,11,0
652,33,1986,58,1986-07-27,2,44,6
654,33,1986,166,1986-07-27,14,38,0
655,33,1986,167,1986-07-27,10,42,0
657,33,1986,123,1986-07-27,24,7,0
658,33,1986,157,1986-07-27,13,38,0
660,33,1986,58,1986-07-27,20,17,0
661,33,1986,165,1986-07-27,19,19,0
662,33,1986,161,1986-07-27,12,40,0
549,52,1986,81,1986-08-10,12,46,0
581,52,1986,83,1986-08-10,23,5,0
585,52,1986,81,1986-08-10,7,74,0
598,52,1986,117,1986-08-10,15,34,0
599,52,1986,146,1986-08-10,11,48,0
603,52,1986,141,1986-08-10,1,76,9
613,52,1986,117,1986-08-10,20,23,0
615,52,1986,6,1986-08-10,4,75,3
619,52,1986,141,1986-08-10,3,75,4
622,52,1986,165,1986-08-10,24,5,0
630,52,1986,6,1986-08-10,18,29,0
631,52,1986,83,1986-08-10,19,28,0
632,52,1986,161,1986-08-10,21,15,0
638,52,1986,167,1986-08-10,16,32,0
645,52,1986,157,1986-08-10,14,40,0
647,52,1986,166,1986-08-10,10,70,0
648,52,1986,123,1986-08-10,6,74,1
650,52,1986,146,1986-08-10,9,73,0
652,52,1986,58,1986-08-10,2,76,6
654,52,1986,166,1986-08-10,25,2,0
655,52,1986,167,1986-08-10,13,44,0
657,52,1986,123,1986-08-10,8,74,0
658,52,1986,157,1986-08-10,22,7,0
660,52,1986,58,1986-08-10,5,74,2
661,52,1986,165,1986-08-10,17,30,0
662,52,1986,161,1986-08-10,26,1,0
549,34,1986,81,1986-08-17,4,50,3
581,34,1986,83,1986-08-17,25,2,0
585,34,1986,81,1986-08-17,5,50,2
598,34,1986,117,1986-08-17,9,47,0
599,34,1986,146,1986-08-17,10,47,0
603,34,1986,141,1986-08-17,13,29,0
613,34,1986,117,1986-08-17,1,52,9
615,34,1986,6,1986-08-17,3,50,4
619,34,1986,141,1986-08-17,12,32,0
622,34,1986,165,1986-08-17,18,13,0
630,34,1986,6,1986-08-17,2,51,6
631,34,1986,83,1986-08-17,26,0,0
632,34,1986,161,1986-08-17,11,46,0
638,34,1986,167,1986-08-17,15,17,0
645,34,1986,157,1986-08-17,14,25,0
647,34,1986,166,1986-08-17,23,8,0
648,34,1986,123,1986-08-17,20,12,0
650,34,1986,146,1986-08-17,16,16,0
652,34,1986,58,1986-08-17,19,13,0
654,34,1986,166,1986-08-17,8,48,0
655,34,1986,167,1986-08-17,7,49,0
657,34,1986,123,1986-08-17,21,10,0
658,34,1986,157,1986-08-17,6,49,1
660,34,1986,58,1986-08-17,22,9,0
661,34,1986,165,1986-08-17,17,13,0
662,34,1986,161,1986-08-17,24,6,0
549,7,1986,81,1986-09-07,6,49,1
581,7,1986,83,1986-09-07,25,2,0
585,7,1986,81,1986-09-07,24,2,0
598,7,1986,117,1986-09-07,4,51,3
599,7,1986,146,1986-09-07,16,30,0
603,7,1986,141,1986-09-07,1,51,9
613,7,1986,117,1986-09-07,18,27,0
615,7,1986,6,1986-09-07,3,51,4
619,7,1986,141,1986-09-07,2,51,6
622,7,1986,165,1986-09-07,14,33,0
630,7,1986,6,1986-09-07,13,33,0
631,7,1986,83,1986-09-07,21,16,0
632,7,1986,161,1986-09-07,23,12,0
638,7,1986,167,1986-09-07,12,44,0
645,7,1986,157,1986-09-07,7,49,0
647,7,1986,166,1986-09-07,17,27,0
648,7,1986,123,1986-09-07,10,49,0
650,7,1986,146,1986-09-07,19,22,0
652,7,1986,58,1986-09-07,27,0,0
654,7,1986,166,1986-09-07,26,1,0
655,7,1986,167,1986-09-07,5,50,2
657,7,1986,123,1986-09-07,9,49,0
658,7,1986,157,1986-09-07,8,49,0
659,7,1986,168,1986-09-07,15,31,0
660,7,1986,58,1986-09-07,20,18,0
661,7,1986,165,1986-09-07,22,15,0
663,7,1986,161,1986-09-07,11,45,0
549,49,1986,81,1986-09-21,24,10,0
581,49,1986,83,1986-09-21,14,62,0
585,49,1986,81,1986-09-21,15,62,0
598,49,1986,117,1986-09-21,19,41,0
599,49,1986,146,1986-09-21,7,69,0
603,49,1986,141,1986-09-21,3,70,4
613,49,1986,117,1986-09-21,2,70,6
615,49,1986,6,1986-09-21,6,69,1
619,49,1986,141,1986-09-21,1,70,9
622,49,1986,165,1986-09-21,18,43,0
630,49,1986,6,1986-09-21,5,69,2
631,49,1986,83,1986-09-21,20,41,0
632,49,1986,161,1986-09-21,26,8,0
638,49,1986,167,1986-09-21,8,68,0
645,49,1986,157,1986-09-21,10,67,0
647,49,1986,166,1986-09-21,12,67,0
648,49,1986,123,1986-09-21,23,18,0
650,49,1986,146,1986-09-21,21,39,0
652,49,1986,58,1986-09-21,4,69,3
654,49,1986,166,1986-09-21,25,9,0
655,49,1986,167,1986-09-21,17,44,0
657,49,1986,123,1986-09-21,22,28,0
658,49,1986,157,1986-09-21,11,67,0
659,49,1986,168,1986-09-21,27,6,0
660,49,1986,58,1986-09-21,9,68,0
661,49,1986,165,1986-09-21,16,60,0
662,49,1986,161,1986-09-21,13,63,0
549,23,1986,81,1986-10-12,19,35,0
581,23,1986,83,1986-10-12,13,64,0
585,23,1986,81,1986-10-12,25,0,0
598,23,1986,117,1986-10-12,20,32,0
599,23,1986,146,1986-10-12,15,63,0
603,23,1986,141,1986-10-12,4,67,3
613,23,1986,117,1986-10-12,2,68,6
615,23,1986,6,1986-10-12,12,64,0
619,23,1986,141,1986-10-12,5,67,2
622,23,1986,165,1986-10-12,8,66,0
630,23,1986,6,1986-10-12,21,10,0
631,23,1986,83,1986-10-12,18,37,0
632,23,1986,161,1986-10-12,22,8,0
638,23,1986,167,1986-10-12,24,4,0
645,23,1986,157,1986-10-12,7,66,0
647,23,1986,166,1986-10-12,10,65,0
648,23,1986,123,1986-10-12,11,65,0
650,23,1986,146,1986-10-12,6,67,1
652,23,1986,58,1986-10-12,3,68,4
655,23,1986,167,1986-10-12,1,68,9
657,23,1986,123,1986-10-12,23,8,0
658,23,1986,157,1986-10-12,9,66,0
660,23,1986,58,1986-10-12,17,53,0
661,23,1986,165,1986-10-12,14,64,0
662,23,1986,161,1986-10-12,16,61,0
549,50,1986,81,1986-10-26,23,16,0
581,50,1986,83,1986-10-26,13,63,0
585,50,1986,81,1986-10-26,11,70,0
598,50,1986,117,1986-10-26,14,62,0
599,50,1986,146,1986-10-26,7,79,0
603,50,1986,141,1986-10-26,2,82,6
613,50,1986,117,1986-10-26,1,82,9
615,50,1986,6,1986-10-26,3,81,4
619,50,1986,141,1986-10-26,12,63,0
622,50,1986,165,1986-10-26,20,40,0
630,50,1986,6,1986-10-26,26,0,0
631,50,1986,83,1986-10-26,16,57,0
632,50,1986,161,1986-10-26,25,2,0
638,50,1986,167,1986-10-26,10,77,0
645,50,1986,157,1986-10-26,18,50,0
647,50,1986,166,1986-10-26,9,77,0
648,50,1986,123,1986-10-26,4,81,3
650,50,1986,146,1986-10-26,8,79,0
652,50,1986,58,1986-10-26,19,43,0
654,50,1986,166,1986-10-26,22,29,0
655,50,1986,167,1986-10-26,21,40,0
657,50,1986,123,1986-10-26,5,80,2
658,50,1986,157,1986-10-26,17,52,0
660,50,1986,58,1986-10-26,6,80,1
661,50,1986,165,1986-10-26,24,10,0
662,50,1986,161,1986-10-26,15,61,0
581,43,1987,83,1987-04-12,15,48,0
597,43,1987,157,1987-04-12,13,52,0
603,43,1987,141,1987-04-12,2,61,6
613,43,1987,117,1987-04-12,1,61,9
615,43,1987,117,1987-04-12,3,61,4
619,43,1987,141,1987-04-12,6,60,1
622,43,1987,83,1987-04-12,16,21,0
630,43,1987,6,1987-04-12,8,58,0
631,43,1987,157,1987-04-12,17,20,0
638,43,1987,167,1987-04-12,21,9,0
645,43,1987,167,1987-04-12,5,60,2
647,43,1987,123,1987-04-12,10,58,0
648,43,1987,166,1987-04-12,20,15,0
652,43,1987,58,1987-04-12,14,50,0
655,43,1987,6,1987-04-12,4,61,3
657,43,1987,123,1987-04-12,11,57,0
658,43,1987,166,1987-04-12,9,58,0
659,43,1987,119,1987-04-12,23,0,0
661,43,1987,165,1987-04-12,19,17,0
663,43,1987,161,1987-04-12,18,20,0
664,43,1987,58,1987-04-12,7,59,0
665,43,1987,168,1987-04-12,12,55,0
666,43,1987,165,1987-04-12,22,3,0
581,45,1987,83,1987-05-03,9,57,0
597,45,1987,157,1987-05-03,16,48,0
599,45,1987,146,1987-05-03,27,0,0
603,45,1987,141,1987-05-03,26,0,0
613,45,1987,117,1987-05-03,24,14,0
615,45,1987,117,1987-05-03,4,59,3
619,45,1987,141,1987-05-03,1,59,9
622,45,1987,83,1987-05-03,18,39,0
630,45,1987,6,1987-05-03,3,59,4
631,45,1987,157,1987-05-03,11,55,0
632,45,1987,146,1987-05-03,25,7,0
638,45,1987,167,1987-05-03,14,51,0
645,45,1987,167,1987-05-03,15,48,0
647,45,1987,123,1987-05-03,17,48,0
648,45,1987,166,1987-05-03,5,57,2
650,45,1987,169,1987-05-03,10,56,0
652,45,1987,58,1987-05-03,2,59,6
655,45,1987,6,1987-05-03,23,16,0
657,45,1987,123,1987-05-03,8,57,0
658,45,1987,166,1987-05-03,7,57,0
659,45,1987,119,1987-05-03,22,18,0
661,45,1987,165,1987-05-03,21,25,0
663,45,1987,161,1987-05-03,12,54,0
664,45,1987,58,1987-05-03,6,57,1
665,45,1987,168,1987-05-03,13,53,0
666,45,1987,165,1987-05-03,19,30,0
667,45,1987,161,1987-05-03,20,26,0
581,5,1987,83,1987-05-17,22,5,0
597,5,1987,157,1987-05-17,4,42,3
599,5,1987,146,1987-05-17,6,41,1
603,5,1987,141,1987-05-17,17,11,0
613,5,1987,117,1987-05-17,1,43,9
615,5,1987,117,1987-05-17,2,43,6
619,5,1987,141,1987-05-17,14,17,0
622,5,1987,83,1987-05-17,3,42,4
630,5,1987,6,1987-05-17,19,9,0
631,5,1987,157,1987-05-17,21,8,0
632,5,1987,146,1987-05-17,7,40,0
638,5,1987,167,1987-05-17,11,34,0
645,5,1987,167,1987-05-17,13,18,0
647,5,1987,123,1987-05-17,26,0,0
648,5,1987,166,1987-05-17,12,19,0
650,5,1987,169,1987-05-17,8,40,0
652,5,1987,58,1987-05-17,15,17,0
655,5,1987,6,1987-05-17,23,2,0
657,5,1987,123,1987-05-17,9,39,0
658,5,1987,166,1987-05-17,20,9,0
659,5,1987,119,1987-05-17,16,14,0
661,5,1987,165,1987-05-17,24,1,0
663,5,1987,161,1987-05-17,18,11,0
664,5,1987,58,1987-05-17,5,42,2
665,5,1987,168,1987-05-17,10,38,0
666,5,1987,165,1987-05-17,25,0,0
581,2,1987,83,1987-05-31,18,41,0
597,2,1987,157,1987-05-31,14,59,0
599,2,1987,146,1987-05-31,11,74,0
603,2,1987,141,1987-05-31,2,78,6
613,2,1987,117,1987-05-31,9,75,0
615,2,1987,117,1987-05-31,16,57,0
619,2,1987,141,1987-05-31,21,29,0
622,2,1987,83,1987-05-31,20,38,0
630,2,1987,6,1987-05-31,3,78,4
631,2,1987,157,1987-05-31,15,58,0
632,2,1987,146,1987-05-31,12,74,0
638,2,1987,167,1987-05-31,8,76,0
645,2,1987,167,1987-05-31,24,5,0
647,2,1987,123,1987-05-31,5,76,2
648,2,1987,166,1987-05-31,7,76,0
650,2,1987,169,1987-05-31,17,42,0
652,2,1987,58,1987-05-31,1,78,9
655,2,1987,6,1987-05-31,4,77,3
657,2,1987,123,1987-05-31,23,9,0
658,2,1987,166,1987-05-31,26,0,0
659,2,1987,119,1987-05-31,6,76,1
661,2,1987,165,1987-05-31,22,21,0
663,2,1987,161,1987-05-31,19,39,0
664,2,1987,58,1987-05-31,10,75,0
665,2,1987,168,1987-05-31,13,71,0
666,2,1987,165,1987-05-31,25,0,0
581,47,1987,83,1987-06-21,9,60,0
597,47,1987,157,1987-06-21,6,60,1
599,47,1987,146,1987-06-21,10,60,0
603,47,1987,141,1987-06-21,2,63,6
613,47,1987,117,1987-06-21,3,63,4
615,47,1987,117,1987-06-21,7,60,0
619,47,1987,141,1987-06-21,5,62,2
622,47,1987,83,1987-06-21,24,2,0
630,47,1987,6,1987-06-21,17,25,0
631,47,1987,157,1987-06-21,20,12,0
632,47,1987,146,1987-06-21,14,51,0
638,47,1987,167,1987-06-21,22,6,0
645,47,1987,167,1987-06-21,13,52,0
647,47,1987,123,1987-06-21,11,60,0
648,47,1987,166,1987-06-21,19,16,0
650,47,1987,169,1987-06-21,16,38,0
652,47,1987,58,1987-06-21,1,63,9
655,47,1987,6,1987-06-21,4,63,3
657,47,1987,123,1987-06-21,15,44,0
658,47,1987,166,1987-06-21,8,60,0
659,47,1987,119,1987-06-21,21,9,0
661,47,1987,165,1987-06-21,18,22,0
663,47,1987,161,1987-06-21,23,3,0
664,47,1987,58,1987-06-21,26,0,0
665,47,1987,168,1987-06-21,12,58,0
666,47,1987,165,1987-06-21,25,1,0
581,35,1987,83,1987-07-05,22,19,0
597,35,1987,157,1987-07-05,26,0,0
599,35,1987,146,1987-07-05,17,33,0
603,35,1987,141,1987-07-05,2,80,6
613,35,1987,117,1987-07-05,3,80,4
615,35,1987,117,1987-07-05,8,74,0
619,35,1987,141,1987-07-05,1,80,9
622,35,1987,83,1987-07-05,25,2,0
630,35,1987,6,1987-07-05,12,64,0
631,35,1987,157,1987-07-05,13,62,0
632,35,1987,146,1987-07-05,20,24,0
638,35,1987,167,1987-07-05,5,77,2
645,35,1987,167,1987-07-05,18,31,0
647,35,1987,123,1987-07-05,7,76,0
648,35,1987,166,1987-07-05,23,18,0
650,35,1987,169,1987-07-05,14,57,0
652,35,1987,58,1987-07-05,4,79,3
655,35,1987,6,1987-07-05,10,71,0
657,35,1987,123,1987-07-05,6,76,1
658,35,1987,166,1987-07-05,19,26,0
659,35,1987,119,1987-07-05,15,52,0
661,35,1987,165,1987-07-05,21,23,0
663,35,1987,161,1987-07-05,24,11,0
664,35,1987,58,1987-07-05,11,71,0
665,35,1987,168,1987-07-05,9,74,0
666,35,1987,165,1987-07-05,16,52,0
581,1,1987,83,1987-07-12,18,28,0
597,1,1987,157,1987-07-12,14,45,0
599,1,1987,146,1987-07-12,24,3,0
603,1,1987,141,1987-07-12,2,65,6
613,1,1987,117,1987-07-12,12,53,0
615,1,1987,117,1987-07-12,19,18,0
619,1,1987,141,1987-07-12,1,65,9
622,1,1987,83,1987-07-12,21,8,0
630,1,1987,6,1987-07-12,13,52,0
631,1,1987,157,1987-07-12,5,63,2
632,1,1987,146,1987-07-12,26,0,0
638,1,1987,167,1987-07-12,6,63,1
645,1,1987,167,1987-07-12,7,62,0
647,1,1987,123,1987-07-12,8,60,0
648,1,1987,166,1987-07-12,11,54,0
650,1,1987,169,1987-07-12,23,7,0
652,1,1987,58,1987-07-12,3,64,4
655,1,1987,6,1987-07-12,22,7,0
657,1,1987,123,1987-07-12,10,57,0
658,1,1987,166,1987-07-12,17,32,0
659,1,1987,119,1987-07-12,25,3,0
661,1,1987,165,1987-07-12,20,10,0
663,1,1987,161,1987-07-12,16,32,0
664,1,1987,58,1987-07-12,4,63,3
665,1,1987,168,1987-07-12,9,59,0
666,1,1987,165,1987-07-12,15,34,0
581,33,1987,83,1987-07-26,26,5,0
597,33,1987,157,1987-07-26,22,9,0
599,33,1987,146,1987-07-26,25,6,0
603,33,1987,141,1987-07-26,1,44,9
613,33,1987,117,1987-07-26,7,39,0
615,33,1987,117,1987-07-26,2,44,6
619,33,1987,141,1987-07-26,12,25,0
622,33,1987,83,1987-07-26,19,12,0
630,33,1987,6,1987-07-26,20,10,0
631,33,1987,157,1987-07-26,14,23,0
632,33,1987,146,1987-07-26,9,32,0
638,33,1987,167,1987-07-26,17,18,0
645,33,1987,167,1987-07-26,11,26,0
647,33,1987,123,1987-07-26,5,43,2
648,33,1987,166,1987-07-26,8,34,0
650,33,1987,169,1987-07-26,6,42,1
652,33,1987,58,1987-07-26,3,43,4
655,33,1987,6,1987-07-26,16,19,0
657,33,1987,123,1987-07-26,4,43,3
658,33,1987,166,1987-07-26,15,21,0
659,33,1987,119,1987-07-26,24,7,0
661,33,1987,165,1987-07-26,13,25,0
663,33,1987,161,1987-07-26,18,17,0
664,33,1987,58,1987-07-26,23,9,0
665,33,1987,168,1987-07-26,21,10,0
666,33,1987,165,1987-07-26,10,28,0
581,52,1987,83,1987-08-09,5,75,2
597,52,1987,157,1987-08-09,8,74,0
599,52,1987,146,1987-08-09,16,57,0
603,52,1987,141,1987-08-09,1,76,9
613,52,1987,117,1987-08-09,3,76,4
615,52,1987,117,1987-08-09,21,14,0
619,52,1987,141,1987-08-09,14,70,0
622,52,1987,83,1987-08-09,20,43,0
630,52,1987,6,1987-08-09,19,43,0
631,52,1987,157,1987-08-09,6,74,1
632,52,1987,146,1987-08-09,12,73,0
638,52,1987,167,1987-08-09,22,14,0
645,52,1987,167,1987-08-09,4,75,3
647,52,1987,123,1987-08-09,7,74,0
648,52,1987,166,1987-08-09,18,45,0
650,52,1987,169,1987-08-09,17,48,0
652,52,1987,58,1987-08-09,2,76,6
655,52,1987,6,1987-08-09,24,13,0
657,52,1987,123,1987-08-09,9,74,0
658,52,1987,166,1987-08-09,25,3,0
659,52,1987,119,1987-08-09,10,74,0
661,52,1987,165,1987-08-09,11,73,0
663,52,1987,161,1987-08-09,15,64,0
664,52,1987,58,1987-08-09,26,1,0
665,52,1987,168,1987-08-09,13,71,0
666,52,1987,165,1987-08-09,23,14,0
581,34,1987,83,1987-08-16,17,43,0
597,34,1987,157,1987-08-16,21,31,0
599,34,1987,146,1987-08-16,10,49,0
603,34,1987,141,1987-08-16,2,52,6
613,34,1987,117,1987-08-16,6,50,1
615,34,1987,117,1987-08-16,7,50,0
619,34,1987,141,1987-08-16,1,52,9
622,34,1987,83,1987-08-16,19,35,0
630,34,1987,6,1987-08-16,18,42,0
631,34,1987,157,1987-08-16,20,35,0
632,34,1987,146,1987-08-16,8,50,0
638,34,1987,167,1987-08-16,3,51,4
645,34,1987,167,1987-08-16,4,51,3
647,34,1987,123,1987-08-16,14,47,0
648,34,1987,166,1987-08-16,15,48,0
650,34,1987,169,1987-08-16,12,49,0
652,34,1987,58,1987-08-16,5,50,2
655,34,1987,6,1987-08-16,22,5,0
657,34,1987,123,1987-08-16,26,0,0
658,34,1987,166,1987-08-16,9,49,0
659,34,1987,119,1987-08-16,11,49,0
661,34,1987,165,1987-08-16,24,1,0
663,34,1987,161,1987-08-16,25,0,0
664,34,1987,58,1987-08-16,13,49,0
665,34,1987,168,1987-08-16,16,45,0
666,34,1987,165,1987-08-16,23,3,0
581,7,1987,83,1987-09-06,26,5,0
597,7,1987,157,1987-09-06,20,27,0
599,7,1987,146,1987-09-06,10,48,0
603,7,1987,141,1987-09-06,1,50,9
613,7,1987,117,1987-09-06,15,46,0
615,7,1987,117,1987-09-06,6,50,1
619,7,1987,141,1987-09-06,3,50,4
622,7,1987,83,1987-09-06,25,7,0
630,7,1987,6,1987-09-06,23,13,0
631,7,1987,157,1987-09-06,24,9,0
632,7,1987,146,1987-09-06,8,48,0
638,7,1987,167,1987-09-06,7,49,0
645,7,1987,167,1987-09-06,5,50,2
647,7,1987,123,1987-09-06,14,47,0
648,7,1987,166,1987-09-06,17,43,0
650,7,1987,169,1987-09-06,18,37,0
652,7,1987,58,1987-09-06,2,50,6
655,7,1987,6,1987-09-06,4,50,3
657,7,1987,123,1987-09-06,12,47,0
658,7,1987,166,1987-09-06,9,48,0
659,7,1987,119,1987-09-06,13,47,0
661,7,1987,165,1987-09-06,16,45,0
663,7,1987,161,1987-09-06,22,16,0
664,7,1987,58,1987-09-06,11,47,0
666,7,1987,165,1987-09-06,19,34,0
668,7,1987,161,1987-09-06,21,27,0
581,49,1987,83,1987-09-20,25,13,0
597,49,1987,157,1987-09-20,6,68,1
599,49,1987,146,1987-09-20,20,29,0
603,49,1987,141,1987-09-20,3,70,4
613,49,1987,117,1987-09-20,1,70,9
615,49,1987,117,1987-09-20,5,69,2
619,49,1987,141,1987-09-20,24,13,0
622,49,1987,83,1987-09-20,15,54,0
630,49,1987,6,1987-09-20,16,38,0
631,49,1987,157,1987-09-20,13,66,0
632,49,1987,146,1987-09-20,22,24,0
638,49,1987,167,1987-09-20,4,69,3
645,49,1987,167,1987-09-20,14,64,0
647,49,1987,123,1987-09-20,10,67,0
648,49,1987,166,1987-09-20,17,35,0
650,49,1987,169,1987-09-20,19,31,0
652,49,1987,58,1987-09-20,7,68,0
655,49,1987,6,1987-09-20,2,70,6
657,49,1987,123,1987-09-20,12,66,0
658,49,1987,166,1987-09-20,26,0,0
659,49,1987,119,1987-09-20,9,67,0
661,49,1987,165,1987-09-20,11,66,0
663,49,1987,161,1987-09-20,21,27,0
664,49,1987,58,1987-09-20,8,68,0
666,49,1987,165,1987-09-20,23,24,0
668,49,1987,161,1987-09-20,18,32,0
581,51,1987,83,1987-09-27,13,68,0
597,51,1987,157,1987-09-27,8,70,0
599,51,1987,146,1987-09-27,19,55,0
603,51,1987,141,1987-09-27,4,72,3
613,51,1987,117,1987-09-27,2,72,6
615,51,1987,117,1987-09-27,3,72,4
619,51,1987,141,1987-09-27,1,72,9
622,51,1987,83,1987-09-27,23,26,0
630,51,1987,6,1987-09-27,15,67,0
631,51,1987,157,1987-09-27,10,70,0
632,51,1987,146,1987-09-27,24,24,0
638,51,1987,167,1987-09-27,22,40,0
645,51,1987,167,1987-09-27,16,66,0
647,51,1987,123,1987-09-27,18,55,0
648,51,1987,166,1987-09-27,11,70,0
650,51,1987,169,1987-09-27,6,71,1
652,51,1987,58,1987-09-27,5,72,2
655,51,1987,6,1987-09-27,17,62,0
657,51,1987,123,1987-09-27,7,71,0
658,51,1987,166,1987-09-27,20,50,0
659,51,1987,119,1987-09-27,12,70,0
661,51,1987,165,1987-09-27,21,45,0
664,51,1987,58,1987-09-27,9,70,0
665,51,1987,168,1987-09-27,25,10,0
666,51,1987,165,1987-09-27,14,68,0
669,51,1987,170,1987-09-27,26,8,0
581,23,1987,83,1987-10-18,3,63,4
597,23,1987,157,1987-10-18,4,63,3
599,23,1987,146,1987-10-18,15,29,0
603,23,1987,141,1987-10-18,2,63,6
613,23,1987,117,1987-10-18,26,0,0
615,23,1987,117,1987-10-18,23,1,0
619,23,1987,141,1987-10-18,1,63,9
622,23,1987,83,1987-10-18,17,22,0
630,23,1987,6,1987-10-18,21,12,0
631,23,1987,157,1987-10-18,16,26,0
632,23,1987,146,1987-10-18,13,43,0
638,23,1987,167,1987-10-18,5,61,2
645,23,1987,167,1987-10-18,19,15,0
647,23,1987,123,1987-10-18,7,60,0
648,23,1987,166,1987-10-18,22,3,0
650,23,1987,169,1987-10-18,6,60,1
652,23,1987,58,1987-10-18,10,54,0
655,23,1987,6,1987-10-18,18,20,0
657,23,1987,123,1987-10-18,8,60,0
658,23,1987,166,1987-10-18,25,1,0
659,23,1987,119,1987-10-18,11,51,0
661,23,1987,165,1987-10-18,20,13,0
663,23,1987,161,1987-10-18,12,50,0
664,23,1987,58,1987-10-18,24,1,0
666,23,1987,165,1987-10-18,14,32,0
670,23,1987,169,1987-10-18,9,59,0
581,53,1987,83,1987-11-01,11,49,0
597,53,1987,157,1987-11-01,9,50,0
599,53,1987,146,1987-11-01,16,44,0
603,53,1987,141,1987-11-01,15,46,0
613,53,1987,117,1987-11-01,7,50,0
615,53,1987,117,1987-11-01,3,51,4
619,53,1987,141,1987-11-01,27,0,0
622,53,1987,83,1987-11-01,21,26,0
630,53,1987,6,1987-11-01,4,51,3
631,53,1987,157,1987-11-01,10,50,0
632,53,1987,146,1987-11-01,13,48,0
638,53,1987,167,1987-11-01,22,16,0
639,53,1987,168,1987-11-01,18,38,0
645,53,1987,167,1987-11-01,5,51,2
647,53,1987,123,1987-11-01,8,50,0
648,53,1987,166,1987-11-01,20,32,0
650,53,1987,169,1987-11-01,26,0,0
652,53,1987,58,1987-11-01,2,51,6
655,53,1987,6,1987-11-01,1,51,9
657,53,1987,123,1987-11-01,12,49,0
658,53,1987,166,1987-11-01,23,13,0
659,53,1987,119,1987-11-01,24,13,0
661,53,1987,165,1987-11-01,19,35,0
663,53,1987,161,1987-11-01,17,43,0
664,53,1987,58,1987-11-01,6,51,1
666,53,1987,165,1987-11-01,25,2,0
670,53,1987,169,1987-11-01,14,47,0
581,50,1987,141,1987-11-15,9,76,0
597,50,1987,157,1987-11-15,14,53,0
599,50,1987,146,1987-11-15,19,41,0
603,50,1987,141,1987-11-15,11,58,0
613,50,1987,117,1987-11-15,13,53,0
615,50,1987,117,1987-11-15,15,48,0
622,50,1987,83,1987-11-15,8,78,0
630,50,1987,6,1987-11-15,2,82,6
631,50,1987,157,1987-11-15,23,19,0
632,50,1987,146,1987-11-15,21,26,0
638,50,1987,167,1987-11-15,16,46,0
639,50,1987,168,1987-11-15,6,79,1
645,50,1987,167,1987-11-15,3,81,4
647,50,1987,123,1987-11-15,4,80,3
648,50,1987,166,1987-11-15,24,18,0
650,50,1987,169,1987-11-15,18,45,0
652,50,1987,58,1987-11-15,10,82,0
655,50,1987,6,1987-11-15,1,82,9
657,50,1987,123,1987-11-15,25,6,0
658,50,1987,166,1987-11-15,7,79,0
659,50,1987,119,1987-11-15,12,58,0
661,50,1987,165,1987-11-15,26,0,0
664,50,1987,58,1987-11-15,22,22,0
666,50,1987,165,1987-11-15,17,46,0
670,50,1987,169,1987-11-15,5,79,0
671,50,1987,83,1987-11-15,20,31,0
581,43,1988,141,1988-04-03,22,6,0
597,43,1988,157,1988-04-03,8,59,0
599,43,1988,146,1988-04-03,18,23,0
603,43,1988,58,1988-04-03,3,60,4
613,43,1988,117,1988-04-03,1,60,9
615,43,1988,146,1988-04-03,9,57,0
619,43,1988,141,1988-04-03,20,18,0
622,43,1988,173,1988-04-03,10,53,0
630,43,1988,6,1988-04-03,5,60,2
631,43,1988,157,1988-04-03,4,60,3
645,43,1988,167,1988-04-03,7,59,0
647,43,1988,123,1988-04-03,11,47,0
650,43,1988,169,1988-04-03,13,40,0
652,43,1988,117,1988-04-03,17,31,0
655,43,1988,6,1988-04-03,2,60,6
657,43,1988,168,1988-04-03,15,35,0
659,43,1988,119,1988-04-03,23,6,0
661,43,1988,167,1988-04-03,21,7,0
664,43,1988,58,1988-04-03,6,59,1
666,43,1988,165,1988-04-03,24,5,0
667,43,1988,170,1988-04-03,14,35,0
670,43,1988,169,1988-04-03,16,32,0
671,43,1988,172,1988-04-03,19,20,0
672,43,1988,165,1988-04-03,12,46,0
673,43,1988,119,1988-04-03,25,0,0
674,43,1988,172,1988-04-03,26,0,0
581,45,1988,141,1988-05-01,13,58,0
597,45,1988,157,1988-05-01,7,59,0
603,45,1988,58,1988-05-01,3,59,4
613,45,1988,117,1988-05-01,2,60,6
619,45,1988,141,1988-05-01,21,42,0
622,45,1988,173,1988-05-01,26,1,0
630,45,1988,6,1988-05-01,18,54,0
631,45,1988,157,1988-05-01,9,58,0
632,45,1988,166,1988-05-01,24,36,0
645,45,1988,167,1988-05-01,4,59,3
647,45,1988,123,1988-05-01,14,58,0
650,45,1988,169,1988-05-01,17,57,0
652,45,1988,117,1988-05-01,1,60,9
655,45,1988,6,1988-05-01,5,59,2
657,45,1988,168,1988-05-01,10,58,0
659,45,1988,119,1988-05-01,25,2,0
661,45,1988,167,1988-05-01,6,59,1
663,45,1988,171,1988-05-01,23,38,0
664,45,1988,58,1988-05-01,8,59,0
666,45,1988,165,1988-05-01,16,57,0
667,45,1988,170,1988-05-01,22,40,0
669,45,1988,161,1988-05-01,27,0,0
670,45,1988,169,1988-05-01,12,58,0
671,45,1988,172,1988-05-01,19,52,0
672,45,1988,165,1988-05-01,11,58,0
673,45,1988,119,1988-05-01,15,58,0
675,45,1988,123,1988-05-01,20,48,0
581,2,1988,141,1988-05-15,6,77,1
597,2,1988,157,1988-05-15,21,8,0
599,2,1988,146,1988-05-15,19,17,0
603,2,1988,58,1988-05-15,24,1,0
613,2,1988,117,1988-05-15,1,78,9
615,2,1988,146,1988-05-15,22,6,0
619,2,1988,141,1988-05-15,17,32,0
622,2,1988,173,1988-05-15,18,28,0
630,2,1988,6,1988-05-15,3,78,4
631,2,1988,157,1988-05-15,4,77,3
632,2,1988,166,1988-05-15,14,43,0
645,2,1988,167,1988-05-15,8,76,0
647,2,1988,123,1988-05-15,5,77,2
650,2,1988,169,1988-05-15,12,50,0
652,2,1988,117,1988-05-15,11,66,0
655,2,1988,6,1988-05-15,2,78,6
657,2,1988,168,1988-05-15,26,0,0
659,2,1988,119,1988-05-15,10,72,0
661,2,1988,167,1988-05-15,15,38,0
663,2,1988,171,1988-05-15,25,0,0
667,2,1988,170,1988-05-15,23,5,0
669,2,1988,161,1988-05-15,9,75,0
670,2,1988,169,1988-05-15,7,77,0
671,2,1988,172,1988-05-15,31,0,0
672,2,1988,165,1988-05-15,16,36,0
673,2,1988,119,1988-05-15,13,45,0
674,2,1988,172,1988-05-15,20,14,0
581,23,1988,141,1988-05-29,22,16,0
597,23,1988,157,1988-05-29,6,66,1
599,23,1988,146,1988-05-29,23,13,0
603,23,1988,58,1988-05-29,17,58,0
613,23,1988,117,1988-05-29,1,67,9
615,23,1988,146,1988-05-29,10,63,0
619,23,1988,141,1988-05-29,20,20,0
622,23,1988,173,1988-05-29,18,52,0
630,23,1988,6,1988-05-29,4,66,3
631,23,1988,157,1988-05-29,5,66,2
632,23,1988,166,1988-05-29,15,61,0
645,23,1988,167,1988-05-29,8,64,0
650,23,1988,169,1988-05-29,26,0,0
652,23,1988,117,1988-05-29,2,67,6
655,23,1988,6,1988-05-29,3,67,4
657,23,1988,168,1988-05-29,12,63,0
659,23,1988,119,1988-05-29,16,61,0
661,23,1988,167,1988-05-29,7,65,0
663,23,1988,171,1988-05-29,24,13,0
664,23,1988,58,1988-05-29,19,27,0
667,23,1988,170,1988-05-29,14,62,0
670,23,1988,169,1988-05-29,9,64,0
671,23,1988,172,1988-05-29,31,0,0
672,23,1988,165,1988-05-29,11,63,0
673,23,1988,119,1988-05-29,25,10,0
674,23,1988,172,1988-05-29,13,63,0
676,23,1988,166,1988-05-29,21,16,0
581,44,1988,141,1988-06-12,19,32,0
597,44,1988,157,1988-06-12,20,31,0
599,44,1988,146,1988-06-12,17,36,0
603,44,1988,58,1988-06-12,4,68,3
613,44,1988,117,1988-06-12,2,69,6
615,44,1988,146,1988-06-12,22,24,0
619,44,1988,141,1988-06-12,21,28,0
622,44,1988,173,1988-06-12,9,66,0
630,44,1988,6,1988-06-12,18,33,0
631,44,1988,157,1988-06-12,7,67,0
632,44,1988,166,1988-06-12,14,63,0
645,44,1988,167,1988-06-12,3,69,4
647,44,1988,123,1988-06-12,6,67,1
650,44,1988,169,1988-06-12,10,66,0
652,44,1988,117,1988-06-12,1,69,9
655,44,1988,6,1988-06-12,23,22,0
657,44,1988,168,1988-06-12,16,41,0
659,44,1988,119,1988-06-12,5,68,2
661,44,1988,167,1988-06-12,24,15,0
664,44,1988,58,1988-06-12,11,66,0
667,44,1988,170,1988-06-12,8,67,0
671,44,1988,172,1988-06-12,12,66,0
672,44,1988,165,1988-06-12,13,64,0
673,44,1988,119,1988-06-12,15,54,0
674,44,1988,172,1988-06-12,25,8,0
675,44,1988,123,1988-06-12,26,0,0
581,47,1988,141,1988-06-19,16,26,0
597,47,1988,157,1988-06-19,23,14,0
599,47,1988,146,1988-06-19,14,45,0
603,47,1988,58,1988-06-19,17,26,0
613,47,1988,117,1988-06-19,2,63,6
615,47,1988,146,1988-06-19,26,2,0
619,47,1988,141,1988-06-19,20,18,0
622,47,1988,173,1988-06-19,4,62,3
630,47,1988,6,1988-06-19,13,45,0
631,47,1988,157,1988-06-19,19,24,0
645,47,1988,167,1988-06-19,3,62,4
647,47,1988,123,1988-06-19,5,62,2
650,47,1988,169,1988-06-19,11,46,0
652,47,1988,117,1988-06-19,1,63,9
655,47,1988,6,1988-06-19,25,6,0
656,47,1988,165,1988-06-19,6,62,1
657,47,1988,168,1988-06-19,21,15,0
659,47,1988,119,1988-06-19,27,0,0
661,47,1988,167,1988-06-19,22,14,0
663,47,1988,171,1988-06-19,8,61,0
669,47,1988,161,1988-06-19,24,7,0
670,47,1988,169,1988-06-19,7,61,0
671,47,1988,172,1988-06-19,12,46,0
672,47,1988,165,1988-06-19,10,54,0
673,47,1988,119,1988-06-19,15,34,0
674,47,1988,172,1988-06-19,18,26,0
675,47,1988,123,1988-06-19,9,59,0
581,35,1988,141,1988-07-03,23,35,0
597,35,1988,157,1988-07-03,11,78,0
603,35,1988,58,1988-07-03,5,79,2
613,35,1988,117,1988-07-03,1,80,9
619,35,1988,141,1988-07-03,20,48,0
622,35,1988,173,1988-07-03,10,78,0
630,35,1988,6,1988-07-03,3,80,4
631,35,1988,157,1988-07-03,26,11,0
632,35,1988,166,1988-07-03,31,0,0
645,35,1988,167,1988-07-03,24,28,0
647,35,1988,123,1988-07-03,22,40,0
650,35,1988,169,1988-07-03,21,46,0
652,35,1988,117,1988-07-03,2,80,6
655,35,1988,6,1988-07-03,4,79,3
656,35,1988,165,1988-07-03,15,77,0
657,35,1988,168,1988-07-03,25,20,0
659,35,1988,119,1988-07-03,9,79,0
661,35,1988,167,1988-07-03,6,79,1
663,35,1988,171,1988-07-03,12,78,0
664,35,1988,58,1988-07-03,7,79,0
669,35,1988,161,1988-07-03,18,56,0
670,35,1988,169,1988-07-03,13,78,0
671,35,1988,172,1988-07-03,14,77,0
672,35,1988,165,1988-07-03,16,70,0
673,35,1988,119,1988-07-03,8,79,0
674,35,1988,172,1988-07-03,17,64,0
676,35,1988,166,1988-07-03,19,55,0
581,1,1988,141,1988-07-10,8,64,0
597,1,1988,157,1988-07-10,7,64,0
599,1,1988,146,1988-07-10,18,62,0
603,1,1988,58,1988-07-10,5,65,2
613,1,1988,117,1988-07-10,22,24,0
619,1,1988,141,1988-07-10,2,65,6
622,1,1988,173,1988-07-10,24,9,0
630,1,1988,6,1988-07-10,17,62,0
631,1,1988,157,1988-07-10,6,64,1
645,1,1988,167,1988-07-10,20,38,0
647,1,1988,123,1988-07-10,23,14,0
650,1,1988,169,1988-07-10,14,63,0
652,1,1988,117,1988-07-10,1,65,9
655,1,1988,6,1988-07-10,9,64,0
656,1,1988,165,1988-07-10,15,63,0
657,1,1988,168,1988-07-10,25,8,0
659,1,1988,119,1988-07-10,21,34,0
661,1,1988,167,1988-07-10,3,65,4
663,1,1988,171,1988-07-10,11,64,0
664,1,1988,58,1988-07-10,10,64,0
669,1,1988,161,1988-07-10,19,60,0
670,1,1988,169,1988-07-10,13,63,0
671,1,1988,172,1988-07-10,12,64,0
672,1,1988,165,1988-07-10,26,0,0
673,1,1988,119,1988-07-10,4,65,3
675,1,1988,123,1988-07-10,16,63,0
581,33,1988,141,1988-07-24,21,34,0
597,33,1988,157,1988-07-24,10,43,0
599,33,1988,146,1988-07-24,17,41,0
603,33,1988,58,1988-07-24,26,1,0
613,33,1988,117,1988-07-24,2,44,6
619,33,1988,141,1988-07-24,23,16,0
622,33,1988,173,1988-07-24,13,42,0
630,33,1988,6,1988-07-24,4,44,3
631,33,1988,157,1988-07-24,7,43,0
632,33,1988,166,1988-07-24,14,42,0
645,33,1988,167,1988-07-24,6,43,1
647,33,1988,123,1988-07-24,11,43,0
650,33,1988,169,1988-07-24,25,8,0
652,33,1988,117,1988-07-24,1,44,9
655,33,1988,6,1988-07-24,3,44,4
657,33,1988,168,1988-07-24,20,38,0
659,33,1988,119,1988-07-24,5,44,2
661,33,1988,167,1988-07-24,18,40,0
663,33,1988,171,1988-07-24,15,42,0
664,33,1988,58,1988-07-24,9,43,0
669,33,1988,161,1988-07-24,22,27,0
670,33,1988,169,1988-07-24,19,39,0
671,33,1988,172,1988-07-24,24,15,0
673,33,1988,119,1988-07-24,8,43,0
674,33,1988,172,1988-07-24,16,42,0
676,33,1988,166,1988-07-24,12,43,0
581,52,1988,141,1988-08-07,6,75,1
597,52,1988,157,1988-08-07,16,55,0
599,52,1988,146,1988-08-07,18,32,0
603,52,1988,58,1988-08-07,8,73,0
613,52,1988,117,1988-08-07,2,76,6
615,52,1988,146,1988-08-07,22,19,0
619,52,1988,141,1988-08-07,15,60,0
622,52,1988,173,1988-08-07,19,28,0
630,52,1988,6,1988-08-07,17,40,0
631,52,1988,157,1988-08-07,14,65,0
645,52,1988,167,1988-08-07,3,76,4
647,52,1988,123,1988-08-07,26,3,0
650,52,1988,169,1988-08-07,12,72,0
652,52,1988,117,1988-08-07,1,76,9
655,52,1988,6,1988-08-07,4,76,3
656,52,1988,165,1988-08-07,23,8,0
657,52,1988,168,1988-08-07,24,8,0
659,52,1988,119,1988-08-07,25,5,0
661,52,1988,167,1988-08-07,20,24,0
663,52,1988,171,1988-08-07,21,22,0
664,52,1988,58,1988-08-07,7,73,0
667,52,1988,170,1988-08-07,13,71,0
670,52,1988,169,1988-08-07,9,73,0
671,52,1988,172,1988-08-07,11,72,0
672,52,1988,165,1988-08-07,10,72,0
673,52,1988,119,1988-08-07,5,75,2
581,5,1988,141,1988-08-28,18,30,0
597,5,1988,157,1988-08-28,6,42,1
599,5,1988,146,1988-08-28,26,2,0
603,5,1988,58,1988-08-28,4,43,3
613,5,1988,117,1988-08-28,2,43,6
615,5,1988,146,1988-08-28,11,39,0
622,5,1988,173,1988-08-28,25,2,0
630,5,1988,6,1988-08-28,17,35,0
631,5,1988,157,1988-08-28,5,43,2
632,5,1988,166,1988-08-28,20,25,0
645,5,1988,167,1988-08-28,14,43,0
647,5,1988,123,1988-08-28,12,39,0
648,5,1988,141,1988-08-28,7,42,0
650,5,1988,169,1988-08-28,9,42,0
652,5,1988,117,1988-08-28,1,43,9
655,5,1988,6,1988-08-28,23,11,0
657,5,1988,168,1988-08-28,10,42,0
659,5,1988,119,1988-08-28,3,43,4
661,5,1988,167,1988-08-28,15,43,0
663,5,1988,171,1988-08-28,8,42,0
664,5,1988,58,1988-08-28,21,22,0
667,5,1988,170,1988-08-28,16,36,0
669,5,1988,161,1988-08-28,22,14,0
670,5,1988,169,1988-08-28,24,9,0
673,5,1988,119,1988-08-28,19,29,0
676,5,1988,166,1988-08-28,13,38,0
581,7,1988,141,1988-09-11,7,51,0
597,7,1988,157,1988-09-11,3,51,4
599,7,1988,146,1988-09-11,13,49,0
603,7,1988,58,1988-09-11,25,11,0
613,7,1988,117,1988-09-11,14,34,0
622,7,1988,173,1988-09-11,18,27,0
630,7,1988,6,1988-09-11,2,51,6
631,7,1988,157,1988-09-11,4,51,3
632,7,1988,166,1988-09-11,19,25,0
644,7,1988,141,1988-09-11,11,49,0
645,7,1988,167,1988-09-11,6,51,1
650,7,1988,169,1988-09-11,15,33,0
652,7,1988,117,1988-09-11,10,49,0
655,7,1988,6,1988-09-11,1,51,9
656,7,1988,165,1988-09-11,22,15,0
657,7,1988,168,1988-09-11,16,31,0
659,7,1988,119,1988-09-11,5,51,2
661,7,1988,167,1988-09-11,9,50,0
663,7,1988,171,1988-09-11,20,24,0
664,7,1988,58,1988-09-11,23,14,0
669,7,1988,161,1988-09-11,26,2,0
670,7,1988,169,1988-09-11,21,17,0
672,7,1988,165,1988-09-11,24,12,0
673,7,1988,119,1988-09-11,8,51,0
675,7,1988,123,1988-09-11,12,49,0
676,7,1988,166,1988-09-11,17,28,0
581,49,1988,141,1988-09-25,19,29,0
597,49,1988,157,1988-09-25,24,10,0
599,49,1988,146,1988-09-25,10,68,0
603,49,1988,58,1988-09-25,18,34,0
613,49,1988,117,1988-09-25,1,70,9
615,49,1988,146,1988-09-25,26,4,0
619,49,1988,141,1988-09-25,14,54,0
622,49,1988,173,1988-09-25,23,11,0
630,49,1988,6,1988-09-25,5,70,2
631,49,1988,157,1988-09-25,4,70,3
645,49,1988,167,1988-09-25,3,70,4
647,49,1988,123,1988-09-25,15,53,0
650,49,1988,169,1988-09-25,25,7,0
652,49,1988,117,1988-09-25,6,70,1
655,49,1988,6,1988-09-25,17,35,0
656,49,1988,165,1988-09-25,20,27,0
657,49,1988,168,1988-09-25,9,68,0
659,49,1988,119,1988-09-25,2,70,6
661,49,1988,167,1988-09-25,16,52,0
663,49,1988,171,1988-09-25,7,69,0
664,49,1988,58,1988-09-25,22,16,0
667,49,1988,170,1988-09-25,11,65,0
669,49,1988,161,1988-09-25,12,63,0
670,49,1988,169,1988-09-25,21,20,0
672,49,1988,165,1988-09-25,8,68,0
673,49,1988,119,1988-09-25,13,59,0
581,51,1988,141,1988-10-02,5,72,2
597,51,1988,157,1988-10-02,16,60,0
599,51,1988,146,1988-10-02,26,0,0
603,51,1988,58,1988-10-02,8,72,0
613,51,1988,117,1988-10-02,1,72,9
615,51,1988,146,1988-10-02,15,62,0
619,51,1988,141,1988-10-02,2,72,6
622,51,1988,173,1988-10-02,19,37,0
630,51,1988,6,1988-10-02,21,15,0
631,51,1988,157,1988-10-02,18,41,0
645,51,1988,167,1988-10-02,9,72,0
647,51,1988,123,1988-10-02,25,4,0
650,51,1988,169,1988-10-02,14,69,0
652,51,1988,117,1988-10-02,4,72,3
655,51,1988,6,1988-10-02,6,72,1
656,51,1988,165,1988-10-02,22,15,0
657,51,1988,168,1988-10-02,20,16,0
659,51,1988,119,1988-10-02,17,45,0
661,51,1988,167,1988-10-02,3,72,4
663,51,1988,171,1988-10-02,10,71,0
664,51,1988,58,1988-10-02,23,14,0
669,51,1988,161,1988-10-02,24,9,0
670,51,1988,169,1988-10-02,11,71,0
671,51,1988,172,1988-10-02,13,70,0
672,51,1988,165,1988-10-02,12,70,0
673,51,1988,119,1988-10-02,7,72,0
581,53,1988,141,1988-10-30,6,51,1
597,53,1988,157,1988-10-30,19,35,0
599,53,1988,146,1988-10-30,17,48,0
603,53,1988,58,1988-10-30,21,34,0
613,53,1988,117,1988-10-30,2,51,6
619,53,1988,141,1988-10-30,22,24,0
622,53,1988,173,1988-10-30,18,36,0
630,53,1988,6,1988-10-30,11,50,0
631,53,1988,157,1988-10-30,25,16,0
645,53,1988,167,1988-10-30,3,51,4
647,53,1988,123,1988-10-30,12,50,0
650,53,1988,169,1988-10-30,9,50,0
652,53,1988,117,1988-10-30,1,51,9
655,53,1988,6,1988-10-30,4,51,3
656,53,1988,165,1988-10-30,13,49,0
657,53,1988,168,1988-10-30,8,50,0
659,53,1988,119,1988-10-30,24,19,0
661,53,1988,167,1988-10-30,5,51,2
663,53,1988,171,1988-10-30,23,22,0
664,53,1988,58,1988-10-30,7,50,0
669,53,1988,161,1988-10-30,20,34,0
672,53,1988,165,1988-10-30,15,49,0
673,53,1988,119,1988-10-30,10,50,0
675,53,1988,123,1988-10-30,14,49,0
676,53,1988,166,1988-10-30,26,14,0
677,53,1988,169,1988-10-30,16,48,0
581,50,1988,141,1988-11-13,4,82,3
597,50,1988,157,1988-11-13,17,51,0
599,50,1988,146,1988-11-13,23,24,0
603,50,1988,58,1988-11-13,3,82,4
613,50,1988,117,1988-11-13,1,82,9
615,50,1988,146,1988-11-13,9,76,0
619,50,1988,141,1988-11-13,13,65,0
622,50,1988,173,1988-11-13,8,77,0
630,50,1988,6,1988-11-13,26,0,0
631,50,1988,157,1988-11-13,16,52,0
632,50,1988,166,1988-11-13,12,69,0
645,50,1988,167,1988-11-13,5,81,2
647,50,1988,123,1988-11-13,24,16,0
650,50,1988,169,1988-11-13,10,75,0
652,50,1988,117,1988-11-13,2,82,6
655,50,1988,6,1988-11-13,22,25,0
656,50,1988,165,1988-11-13,7,80,0
657,50,1988,168,1988-11-13,11,73,0
659,50,1988,119,1988-11-13,6,81,1
661,50,1988,167,1988-11-13,14,63,0
663,50,1988,171,1988-11-13,21,32,0
664,50,1988,58,1988-11-13,19,45,0
671,50,1988,172,1988-11-13,15,63,0
672,50,1988,165,1988-11-13,20,41,0
673,50,1988,119,1988-11-13,18,46,0
674,50,1988,172,1988-11-13,25,12,0
581,43,1989,141,1989-03-26,15,51,0
597,43,1989,157,1989-03-26,16,37,0
603,43,1989,58,1989-03-26,20,10,0
613,43,1989,117,1989-03-26,2,61,6
619,43,1989,6,1989-03-26,1,61,9
622,43,1989,171,1989-03-26,13,57,0
630,43,1989,123,1989-03-26,10,59,0
631,43,1989,157,1989-03-26,5,61,2
645,43,1989,141,1989-03-26,23,3,0
647,43,1989,123,1989-03-26,7,60,0
648,43,1989,83,1989-03-26,18,27,0
650,43,1989,169,1989-03-26,12,58,0
652,43,1989,117,1989-03-26,11,59,0
655,43,1989,6,1989-03-26,25,0,0
656,43,1989,165,1989-03-26,24,2,0
658,43,1989,173,1989-03-26,14,56,0
659,43,1989,119,1989-03-26,19,22,0
661,43,1989,167,1989-03-26,6,61,1
664,43,1989,58,1989-03-26,8,60,0
669,43,1989,161,1989-03-26,21,10,0
671,43,1989,83,1989-03-26,22,9,0
672,43,1989,165,1989-03-26,26,0,0
673,43,1989,119,1989-03-26,3,61,4
676,43,1989,166,1989-03-26,17,36,0
679,43,1989,167,1989-03-26,4,61,3
680,43,1989,146,1989-03-26,9,60,0
581,45,1989,141,1989-04-23,19,21,0
597,45,1989,157,1989-04-23,9,56,0
603,45,1989,58,1989-04-23,17,29,0
613,45,1989,117,1989-04-23,2,58,6
619,45,1989,6,1989-04-23,18,23,0
622,45,1989,171,1989-04-23,10,56,0
631,45,1989,157,1989-04-23,5,57,2
645,45,1989,141,1989-04-23,4,57,3
647,45,1989,123,1989-04-23,6,57,1
648,45,1989,83,1989-04-23,13,51,0
650,45,1989,169,1989-04-23,25,0,0
652,45,1989,117,1989-04-23,1,58,9
655,45,1989,6,1989-04-23,23,3,0
656,45,1989,165,1989-04-23,21,6,0
659,45,1989,119,1989-04-23,24,1,0
661,45,1989,167,1989-04-23,3,57,4
663,45,1989,171,1989-04-23,7,57,0
664,45,1989,58,1989-04-23,14,46,0
667,45,1989,168,1989-04-23,8,57,0
669,45,1989,161,1989-04-23,12,52,0
670,45,1989,169,1989-04-23,26,0,0
671,45,1989,83,1989-04-23,20,19,0
672,45,1989,165,1989-04-23,15,43,0
673,45,1989,119,1989-04-23,16,39,0
679,45,1989,167,1989-04-23,11,56,0
680,45,1989,146,1989-04-23,22,4,0
581,2,1989,141,1989-05-07,15,73,0
597,2,1989,157,1989-05-07,7,75,0
599,2,1989,146,1989-05-07,12,73,0
603,2,1989,58,1989-05-07,21,32,0
613,2,1989,117,1989-05-07,2,77,6
619,2,1989,6,1989-05-07,22,30,0
622,2,1989,171,1989-05-07,13,73,0
630,2,1989,123,1989-05-07,5,75,2
631,2,1989,157,1989-05-07,26,2,0
639,2,1989,170,1989-05-07,18,44,0
645,2,1989,141,1989-05-07,10,74,0
647,2,1989,123,1989-05-07,9,74,0
648,2,1989,83,1989-05-07,6,75,1
650,2,1989,169,1989-05-07,19,38,0
652,2,1989,117,1989-05-07,1,77,9
656,2,1989,165,1989-05-07,25,3,0
659,2,1989,119,1989-05-07,11,73,0
661,2,1989,167,1989-05-07,8,74,0
663,2,1989,171,1989-05-07,4,75,3
667,2,1989,168,1989-05-07,17,46,0
671,2,1989,83,1989-05-07,3,76,4
672,2,1989,165,1989-05-07,16,48,0
673,2,1989,119,1989-05-07,20,36,0
678,2,1989,170,1989-05-07,23,19,0
679,2,1989,167,1989-05-07,14,73,0
680,2,1989,146,1989-05-07,24,4,0
581,23,1989,141,1989-05-28,2,69,6
597,23,1989,157,1989-05-28,7,68,0
599,23,1989,146,1989-05-28,14,66,0
603,23,1989,58,1989-05-28,11,68,0
613,23,1989,117,1989-05-28,5,69,2
615,23,1989,174,1989-05-28,23,16,0
619,23,1989,6,1989-05-28,17,43,0
622,23,1989,171,1989-05-28,21,20,0
630,23,1989,123,1989-05-28,3,69,4
631,23,1989,157,1989-05-28,18,35,0
645,23,1989,141,1989-05-28,24,15,0
647,23,1989,123,1989-05-28,25,9,0
648,23,1989,83,1989-05-28,9,68,0
650,23,1989,169,1989-05-28,20,28,0
652,23,1989,117,1989-05-28,1,69,9
655,23,1989,6,1989-05-28,22,16,0
656,23,1989,165,1989-05-28,16,53,0
658,23,1989,173,1989-05-28,12,67,0
659,23,1989,119,1989-05-28,26,1,0
661,23,1989,167,1989-05-28,4,69,3
663,23,1989,171,1989-05-28,13,67,0
664,23,1989,58,1989-05-28,19,35,0
667,23,1989,168,1989-05-28,6,68,1
671,23,1989,83,1989-05-28,10,68,0
679,23,1989,167,1989-05-28,15,66,0
680,23,1989,146,1989-05-28,8,68,0
581,54,1989,141,1989-06-04,2,75,6
597,54,1989,157,1989-06-04,3,75,4
603,54,1989,58,1989-06-04,12,52,0
613,54,1989,117,1989-06-04,1,75,9
615,54,1989,174,1989-06-04,13,50,0
619,54,1989,6,1989-06-04,18,31,0
622,54,1989,171,1989-06-04,8,70,0
630,54,1989,123,1989-06-04,23,17,0
631,54,1989,157,1989-06-04,25,7,0
645,54,1989,141,1989-06-04,6,74,1
647,54,1989,123,1989-06-04,9,69,0
648,54,1989,83,1989-06-04,16,43,0
650,54,1989,169,1989-06-04,26,3,0
652,54,1989,117,1989-06-04,15,44,0
655,54,1989,6,1989-06-04,10,61,0
656,54,1989,165,1989-06-04,19,26,0
658,54,1989,173,1989-06-04,4,74,3
659,54,1989,119,1989-06-04,21,22,0
661,54,1989,167,1989-06-04,24,10,0
663,54,1989,171,1989-06-04,11,52,0
664,54,1989,58,1989-06-04,20,24,0
667,54,1989,168,1989-06-04,7,73,0
671,54,1989,83,1989-06-04,17,37,0
672,54,1989,165,1989-06-04,14,46,0
673,54,1989,119,1989-06-04,22,20,0
679,54,1989,167,1989-06-04,5,74,2
581,44,1989,141,1989-06-18,2,69,6
597,44,1989,157,1989-06-18,20,3,0
599,44,1989,146,1989-06-18,5,68,2
603,44,1989,58,1989-06-18,4,69,3
613,44,1989,117,1989-06-18,21,2,0
615,44,1989,174,1989-06-18,15,13,0
619,44,1989,6,1989-06-18,22,0,0
622,44,1989,171,1989-06-18,3,69,4
630,44,1989,123,1989-06-18,26,0,0
631,44,1989,157,1989-06-18,10,40,0
639,44,1989,170,1989-06-18,9,57,0
645,44,1989,141,1989-06-18,1,69,9
647,44,1989,123,1989-06-18,11,35,0
650,44,1989,169,1989-06-18,14,26,0
652,44,1989,117,1989-06-18,7,66,0
655,44,1989,6,1989-06-18,18,6,0
656,44,1989,165,1989-06-18,24,0,0
658,44,1989,173,1989-06-18,8,66,0
659,44,1989,119,1989-06-18,13,28,0
661,44,1989,167,1989-06-18,25,0,0
663,44,1989,171,1989-06-18,6,67,1
667,44,1989,168,1989-06-18,19,6,0
669,44,1989,161,1989-06-18,12,33,0
671,44,1989,83,1989-06-18,23,0,0
672,44,1989,165,1989-06-18,16,11,0
673,44,1989,119,1989-06-18,17,11,0
581,35,1989,141,1989-07-09,3,80,4
597,35,1989,157,1989-07-09,7,79,0
599,35,1989,146,1989-07-09,25,14,0
603,35,1989,58,1989-07-09,8,78,0
613,35,1989,117,1989-07-09,1,80,9
615,35,1989,174,1989-07-09,5,79,2
619,35,1989,6,1989-07-09,2,80,6
645,35,1989,141,1989-07-09,16,50,0
647,35,1989,123,1989-07-09,10,78,0
650,35,1989,169,1989-07-09,21,30,0
652,35,1989,117,1989-07-09,26,0,0
655,35,1989,6,1989-07-09,23,29,0
656,35,1989,165,1989-07-09,20,31,0
659,35,1989,119,1989-07-09,18,43,0
661,35,1989,167,1989-07-09,19,40,0
663,35,1989,171,1989-07-09,24,27,0
664,35,1989,58,1989-07-09,17,49,0
667,35,1989,168,1989-07-09,22,30,0
671,35,1989,83,1989-07-09,15,67,0
673,35,1989,119,1989-07-09,14,71,0
680,35,1989,146,1989-07-09,6,79,1
684,35,1989,174,1989-07-09,13,76,0
685,35,1989,123,1989-07-09,4,80,3
686,35,1989,167,1989-07-09,9,78,0
687,35,1989,169,1989-07-09,11,77,0
688,35,1989,157,1989-07-09,12,77,0
581,1,1989,141,1989-07-16,22,19,0
603,1,1989,58,1989-07-16,4,64,3
613,1,1989,117,1989-07-16,1,64,9
619,1,1989,6,1989-07-16,2,64,6
622,1,1989,171,1989-07-16,24,16,0
631,1,1989,157,1989-07-16,9,62,0
639,1,1989,170,1989-07-16,26,2,0
645,1,1989,141,1989-07-16,10,62,0
647,1,1989,123,1989-07-16,18,32,0
648,1,1989,83,1989-07-16,14,49,0
650,1,1989,169,1989-07-16,17,39,0
652,1,1989,117,1989-07-16,25,11,0
655,1,1989,6,1989-07-16,15,49,0
656,1,1989,165,1989-07-16,5,63,2
659,1,1989,119,1989-07-16,23,15,0
661,1,1989,167,1989-07-16,3,64,4
664,1,1989,58,1989-07-16,8,63,0
669,1,1989,161,1989-07-16,21,23,0
671,1,1989,83,1989-07-16,19,31,0
672,1,1989,165,1989-07-16,6,63,1
673,1,1989,119,1989-07-16,13,54,0
680,1,1989,146,1989-07-16,7,63,0
684,1,1989,174,1989-07-16,12,62,0
685,1,1989,123,1989-07-16,20,28,0
686,1,1989,167,1989-07-16,11,62,0
687,1,1989,169,1989-07-16,16,46,0
581,33,1989,141,1989-07-30,4,44,3
597,33,1989,157,1989-07-30,12,40,0
599,33,1989,146,1989-07-30,11,42,0
603,33,1989,58,1989-07-30,5,44,2
613,33,1989,117,1989-07-30,2,45,6
615,33,1989,174,1989-07-30,21,8,0
619,33,1989,6,1989-07-30,3,45,4
622,33,1989,171,1989-07-30,7,44,0
630,33,1989,169,1989-07-30,25,1,0
631,33,1989,157,1989-07-30,6,44,1
645,33,1989,141,1989-07-30,23,4,0
647,33,1989,123,1989-07-30,19,16,0
648,33,1989,83,1989-07-30,8,44,0
650,33,1989,169,1989-07-30,18,20,0
652,33,1989,117,1989-07-30,1,45,9
655,33,1989,6,1989-07-30,20,13,0
656,33,1989,165,1989-07-30,9,44,0
659,33,1989,119,1989-07-30,15,32,0
661,33,1989,167,1989-07-30,22,6,0
663,33,1989,171,1989-07-30,24,2,0
664,33,1989,58,1989-07-30,14,36,0
671,33,1989,83,1989-07-30,13,37,0
673,33,1989,119,1989-07-30,16,28,0
680,33,1989,146,1989-07-30,26,0,0
682,33,1989,173,1989-07-30,30,0,0
685,33,1989,123,1989-07-30,10,43,0
686,33,1989,167,1989-07-30,17,26,0
581,52,1989,141,1989-08-13,16,54,0
597,52,1989,157,1989-08-13,5,77,2
603,52,1989,58,1989-08-13,6,77,1
613,52,1989,117,1989-08-13,4,77,3
615,52,1989,174,1989-08-13,17,48,0
619,52,1989,6,1989-08-13,1,77,9
622,52,1989,171,1989-08-13,26,0,0
630,52,1989,169,1989-08-13,23,26,0
631,52,1989,157,1989-08-13,10,76,0
632,52,1989,161,1989-08-13,24,20,0
645,52,1989,141,1989-08-13,3,77,4
647,52,1989,123,1989-08-13,13,73,0
648,52,1989,83,1989-08-13,12,75,0
652,52,1989,117,1989-08-13,2,77,6
655,52,1989,6,1989-08-13,15,56,0
656,52,1989,165,1989-08-13,25,9,0
659,52,1989,119,1989-08-13,22,26,0
661,52,1989,167,1989-08-13,18,46,0
663,52,1989,171,1989-08-13,7,77,0
664,52,1989,58,1989-08-13,20,33,0
671,52,1989,83,1989-08-13,11,76,0
672,52,1989,165,1989-08-13,14,57,0
673,52,1989,119,1989-08-13,21,27,0
684,52,1989,174,1989-08-13,19,38,0
685,52,1989,123,1989-08-13,9,76,0
686,52,1989,167,1989-08-13,8,76,0
581,5,1989,141,1989-08-27,19,20,0
597,5,1989,157,1989-08-27,17,38,0
599,5,1989,146,1989-08-27,25,4,0
613,5,1989,117,1989-08-27,2,44,6
615,5,1989,174,1989-08-27,8,43,0
619,5,1989,6,1989-08-27,3,44,4
622,5,1989,171,1989-08-27,11,43,0
630,5,1989,169,1989-08-27,20,19,0
631,5,1989,157,1989-08-27,6,44,1
645,5,1989,141,1989-08-27,4,44,3
647,5,1989,123,1989-08-27,14,42,0
648,5,1989,83,1989-08-27,22,12,0
650,5,1989,169,1989-08-27,16,39,0
652,5,1989,117,1989-08-27,1,44,9
655,5,1989,6,1989-08-27,23,9,0
656,5,1989,165,1989-08-27,9,43,0
659,5,1989,119,1989-08-27,12,43,0
661,5,1989,167,1989-08-27,5,44,2
663,5,1989,171,1989-08-27,21,13,0
671,5,1989,83,1989-08-27,24,9,0
672,5,1989,165,1989-08-27,15,41,0
673,5,1989,119,1989-08-27,7,43,0
679,5,1989,123,1989-08-27,26,3,0
680,5,1989,146,1989-08-27,13,43,0
684,5,1989,174,1989-08-27,18,21,0
686,5,1989,167,1989-08-27,10,43,0
581,7,1989,141,1989-09-10,4,53,3
599,7,1989,146,1989-09-10,9,51,0
603,7,1989,58,1989-09-10,19,23,0
613,7,1989,117,1989-09-10,1,53,9
619,7,1989,6,1989-09-10,14,41,0
622,7,1989,171,1989-09-10,12,45,0
630,7,1989,169,1989-09-10,23,14,0
631,7,1989,157,1989-09-10,21,18,0
645,7,1989,141,1989-09-10,3,53,4
647,7,1989,123,1989-09-10,20,18,0
648,7,1989,83,1989-09-10,6,52,1
650,7,1989,169,1989-09-10,25,1,0
652,7,1989,117,1989-09-10,13,44,0
655,7,1989,6,1989-09-10,2,53,6
656,7,1989,165,1989-09-10,7,52,0
659,7,1989,119,1989-09-10,17,30,0
661,7,1989,167,1989-09-10,16,33,0
663,7,1989,171,1989-09-10,11,47,0
664,7,1989,58,1989-09-10,10,51,0
669,7,1989,161,1989-09-10,22,16,0
671,7,1989,83,1989-09-10,27,0,0
672,7,1989,165,1989-09-10,8,51,0
673,7,1989,119,1989-09-10,24,14,0
680,7,1989,146,1989-09-10,18,30,0
684,7,1989,174,1989-09-10,15,38,0
685,7,1989,123,1989-09-10,5,52,2
686,7,1989,167,1989-09-10,26,0,0
581,49,1989,141,1989-09-24,15,60,0
597,49,1989,157,1989-09-24,24,24,0
599,49,1989,146,1989-09-24,13,69,0
603,49,1989,58,1989-09-24,20,33,0
613,49,1989,117,1989-09-24,2,71,6
615,49,1989,174,1989-09-24,3,71,4
619,49,1989,6,1989-09-24,18,48,0
622,49,1989,171,1989-09-24,25,17,0
630,49,1989,169,1989-09-24,11,69,0
631,49,1989,157,1989-09-24,19,37,0
639,49,1989,170,1989-09-24,26,11,0
645,49,1989,141,1989-09-24,16,60,0
647,49,1989,123,1989-09-24,6,70,1
648,49,1989,83,1989-09-24,8,70,0
650,49,1989,169,1989-09-24,9,70,0
652,49,1989,117,1989-09-24,17,48,0
655,49,1989,6,1989-09-24,1,71,9
656,49,1989,165,1989-09-24,5,70,2
659,49,1989,119,1989-09-24,23,25,0
661,49,1989,167,1989-09-24,4,71,3
663,49,1989,171,1989-09-24,21,33,0
664,49,1989,58,1989-09-24,7,70,0
671,49,1989,83,1989-09-24,14,69,0
672,49,1989,165,1989-09-24,12,69,0
673,49,1989,119,1989-09-24,10,69,0
686,49,1989,167,1989-09-24,22,29,0
581,51,1989,141,1989-10-01,5,72,2
597,51,1989,157,1989-10-01,11,61,0
603,51,1989,58,1989-10-01,8,71,0
613,51,1989,117,1989-10-01,3,73,4
622,51,1989,171,1989-10-01,7,72,0
631,51,1989,157,1989-10-01,9,71,0
632,51,1989,161,1989-10-01,22,17,0
645,51,1989,141,1989-10-01,17,40,0
647,51,1989,123,1989-10-01,10,71,0
648,51,1989,83,1989-10-01,14,51,0
650,51,1989,169,1989-10-01,6,72,1
652,51,1989,117,1989-10-01,1,73,9
655,51,1989,6,1989-10-01,2,73,6
656,51,1989,165,1989-10-01,19,27,0
659,51,1989,119,1989-10-01,20,23,0
661,51,1989,167,1989-10-01,23,14,0
663,51,1989,171,1989-10-01,13,55,0
664,51,1989,58,1989-10-01,26,0,0
669,51,1989,161,1989-10-01,25,6,0
671,51,1989,83,1989-10-01,24,11,0
672,51,1989,165,1989-10-01,16,47,0
673,51,1989,119,1989-10-01,15,47,0
680,51,1989,146,1989-10-01,18,34,0
685,51,1989,123,1989-10-01,4,72,3
686,51,1989,167,1989-10-01,12,59,0
690,51,1989,174,1989-10-01,21,20,0
581,53,1989,141,1989-10-22,2,53,6
597,53,1989,157,1989-10-22,8,52,0
603,53,1989,58,1989-10-22,4,53,3
613,53,1989,117,1989-10-22,12,46,0
619,53,1989,6,1989-10-22,14,43,0
622,53,1989,171,1989-10-22,10,51,0
631,53,1989,157,1989-10-22,6,52,1
645,53,1989,141,1989-10-22,3,53,4
647,53,1989,123,1989-10-22,23,20,0
648,53,1989,83,1989-10-22,5,52,2
650,53,1989,169,1989-10-22,17,36,0
652,53,1989,117,1989-10-22,11,53,0
655,53,1989,6,1989-10-22,18,34,0
659,53,1989,119,1989-10-22,21,27,0
661,53,1989,167,1989-10-22,1,53,9
663,53,1989,171,1989-10-22,9,52,0
664,53,1989,58,1989-10-22,15,41,0
669,53,1989,161,1989-10-22,22,21,0
671,53,1989,83,1989-10-22,13,46,0
672,53,1989,165,1989-10-22,25,0,0
673,53,1989,119,1989-10-22,7,52,0
676,53,1989,166,1989-10-22,24,1,0
680,53,1989,146,1989-10-22,20,31,0
685,53,1989,123,1989-10-22,16,37,0
686,53,1989,167,1989-10-22,19,33,0
691,53,1989,165,1989-10-22,26,0,0
581,50,1989,141,1989-11-05,3,70,4
597,50,1989,157,1989-11-05,9,42,0
599,50,1989,146,1989-11-05,24,4,0
603,50,1989,58,1989-11-05,12,19,0
613,50,1989,117,1989-11-05,25,0,0
619,50,1989,6,1989-11-05,14,17,0
622,50,1989,171,1989-11-05,18,12,0
631,50,1989,157,1989-11-05,20,7,0
632,50,1989,161,1989-11-05,13,18,0
645,50,1989,141,1989-11-05,1,70,9
648,50,1989,83,1989-11-05,19,12,0
650,50,1989,169,1989-11-05,21,6,0
652,50,1989,117,1989-11-05,15,13,0
655,50,1989,6,1989-11-05,22,6,0
656,50,1989,165,1989-11-05,6,67,1
659,50,1989,119,1989-11-05,17,13,0
661,50,1989,167,1989-11-05,2,70,6
663,50,1989,171,1989-11-05,16,13,0
664,50,1989,58,1989-11-05,4,70,3
669,50,1989,161,1989-11-05,26,0,0
671,50,1989,83,1989-11-05,8,64,0
673,50,1989,119,1989-11-05,7,66,0
680,50,1989,146,1989-11-05,11,22,0
685,50,1989,123,1989-11-05,23,5,0
686,50,1989,167,1989-11-05,5,68,2
690,50,1989,174,1989-11-05,10,27,0
581,54,1990,141,1990-03-11,9,71,0
603,54,1990,167,1990-03-11,4,72,3
613,54,1990,6,1990-03-11,22,21,0
619,54,1990,6,1990-03-11,17,49,0
622,54,1990,171,1990-03-11,21,25,0
630,54,1990,157,1990-03-11,10,70,0
631,54,1990,58,1990-03-11,24,6,0
639,54,1990,172,1990-03-11,13,67,0
645,54,1990,141,1990-03-11,3,72,4
650,54,1990,146,1990-03-11,27,0,0
652,54,1990,117,1990-03-11,1,72,9
655,54,1990,117,1990-03-11,18,44,0
656,54,1990,165,1990-03-11,7,71,0
659,54,1990,175,1990-03-11,23,20,0
661,54,1990,167,1990-03-11,11,70,0
664,54,1990,123,1990-03-11,6,71,1
669,54,1990,146,1990-03-11,25,4,0
671,54,1990,83,1990-03-11,5,72,2
673,54,1990,175,1990-03-11,14,66,0
676,54,1990,157,1990-03-11,12,70,0
677,54,1990,169,1990-03-11,16,53,0
680,54,1990,161,1990-03-11,20,39,0
681,54,1990,83,1990-03-11,19,39,0
685,54,1990,123,1990-03-11,2,72,6
687,54,1990,169,1990-03-11,8,71,0
688,54,1990,58,1990-03-11,26,0,0
691,54,1990,165,1990-03-11,15,54,0
581,37,1990,141,1990-03-25,13,65,0
603,37,1990,167,1990-03-25,6,70,1
613,37,1990,6,1990-03-25,1,71,9
619,37,1990,6,1990-03-25,4,71,3
622,37,1990,171,1990-03-25,26,0,0
630,37,1990,157,1990-03-25,22,24,0
631,37,1990,58,1990-03-25,20,25,0
645,37,1990,141,1990-03-25,5,70,2
650,37,1990,146,1990-03-25,12,68,0
652,37,1990,117,1990-03-25,3,71,4
655,37,1990,117,1990-03-25,2,71,6
656,37,1990,165,1990-03-25,9,69,0
661,37,1990,167,1990-03-25,10,68,0
663,37,1990,157,1990-03-25,15,49,0
664,37,1990,123,1990-03-25,8,70,0
669,37,1990,146,1990-03-25,11,68,0
670,37,1990,168,1990-03-25,19,28,0
671,37,1990,83,1990-03-25,17,39,0
677,37,1990,169,1990-03-25,21,24,0
680,37,1990,161,1990-03-25,25,8,0
681,37,1990,83,1990-03-25,23,14,0
685,37,1990,123,1990-03-25,7,70,0
687,37,1990,169,1990-03-25,24,13,0
688,37,1990,58,1990-03-25,16,43,0
691,37,1990,165,1990-03-25,18,38,0
692,37,1990,171,1990-03-25,14,64,0
581,45,1990,141,1990-05-13,1,61,9
603,45,1990,167,1990-05-13,5,61,2
613,45,1990,6,1990-05-13,4,61,3
619,45,1990,6,1990-05-13,15,38,0
622,45,1990,171,1990-05-13,18,29,0
631,45,1990,58,1990-05-13,7,60,0
639,45,1990,172,1990-05-13,26,0,0
645,45,1990,141,1990-05-13,20,17,0
650,45,1990,146,1990-05-13,9,60,0
652,45,1990,117,1990-05-13,22,3,0
655,45,1990,117,1990-05-13,2,61,6
656,45,1990,165,1990-05-13,27,0,0
659,45,1990,175,1990-05-13,24,0,0
661,45,1990,167,1990-05-13,3,61,4
664,45,1990,123,1990-05-13,25,0,0
669,45,1990,146,1990-05-13,10,59,0
671,45,1990,83,1990-05-13,17,31,0
673,45,1990,175,1990-05-13,19,24,0
677,45,1990,169,1990-05-13,21,17,0
680,45,1990,161,1990-05-13,14,52,0
681,45,1990,174,1990-05-13,16,35,0
685,45,1990,123,1990-05-13,6,60,1
686,45,1990,171,1990-05-13,23,2,0
687,45,1990,169,1990-05-13,13,56,0
688,45,1990,58,1990-05-13,8,60,0
690,45,1990,174,1990-05-13,12,59,0
691,45,1990,165,1990-05-13,11,59,0
581,2,1990,141,1990-05-27,13,41,0
603,2,1990,167,1990-05-27,26,34,0
613,2,1990,6,1990-05-27,16,30,0
619,2,1990,6,1990-05-27,9,63,0
622,2,1990,171,1990-05-27,14,38,0
631,2,1990,58,1990-05-27,8,66,0
645,2,1990,141,1990-05-27,4,77,3
650,2,1990,146,1990-05-27,12,47,0
652,2,1990,117,1990-05-27,1,78,9
655,2,1990,117,1990-05-27,3,78,4
656,2,1990,165,1990-05-27,22,7,0
659,2,1990,175,1990-05-27,19,13,0
661,2,1990,167,1990-05-27,17,20,0
663,2,1990,157,1990-05-27,5,76,2
664,2,1990,123,1990-05-27,15,36,0
669,2,1990,146,1990-05-27,20,12,0
671,2,1990,83,1990-05-27,24,3,0
677,2,1990,169,1990-05-27,21,11,0
681,2,1990,174,1990-05-27,7,72,0
685,2,1990,123,1990-05-27,2,78,6
686,2,1990,171,1990-05-27,25,0,0
687,2,1990,169,1990-05-27,6,76,1
688,2,1990,58,1990-05-27,23,6,0
690,2,1990,174,1990-05-27,11,52,0
691,2,1990,165,1990-05-27,10,52,0
695,2,1990,83,1990-05-27,18,16,0
581,44,1990,141,1990-06-10,18,44,0
603,44,1990,167,1990-06-10,2,70,6
613,44,1990,6,1990-06-10,5,70,2
619,44,1990,6,1990-06-10,3,70,4
622,44,1990,171,1990-06-10,16,50,0
630,44,1990,157,1990-06-10,25,11,0
631,44,1990,58,1990-06-10,6,68,1
645,44,1990,141,1990-06-10,22,19,0
650,44,1990,146,1990-06-10,19,34,0
652,44,1990,117,1990-06-10,1,70,9
655,44,1990,117,1990-06-10,4,70,3
656,44,1990,165,1990-06-10,26,0,0
659,44,1990,175,1990-06-10,10,67,0
661,44,1990,167,1990-06-10,21,21,0
663,44,1990,157,1990-06-10,8,68,0
664,44,1990,123,1990-06-10,11,67,0
669,44,1990,146,1990-06-10,23,18,0
671,44,1990,83,1990-06-10,7,68,0
677,44,1990,169,1990-06-10,12,66,0
680,44,1990,161,1990-06-10,13,65,0
681,44,1990,174,1990-06-10,15,53,0
685,44,1990,123,1990-06-10,20,26,0
686,44,1990,171,1990-06-10,24,11,0
687,44,1990,169,1990-06-10,9,67,0
688,44,1990,58,1990-06-10,14,57,0
690,44,1990,174,1990-06-10,17,46,0
581,23,1990,141,1990-06-24,9,69,0
603,23,1990,167,1990-06-24,6,69,1
613,23,1990,6,1990-06-24,1,69,9
619,23,1990,6,1990-06-24,2,69,6
622,23,1990,171,1990-06-24,13,68,0
630,23,1990,157,1990-06-24,17,66,0
631,23,1990,58,1990-06-24,10,68,0
639,23,1990,172,1990-06-24,27,0,0
645,23,1990,141,1990-06-24,5,69,2
650,23,1990,146,1990-06-24,18,66,0
652,23,1990,117,1990-06-24,20,63,0
655,23,1990,117,1990-06-24,3,69,4
656,23,1990,165,1990-06-24,12,68,0
661,23,1990,167,1990-06-24,4,69,3
664,23,1990,123,1990-06-24,24,11,0
669,23,1990,146,1990-06-24,16,67,0
671,23,1990,83,1990-06-24,11,68,0
677,23,1990,169,1990-06-24,23,11,0
680,23,1990,161,1990-06-24,19,65,0
681,23,1990,174,1990-06-24,15,67,0
685,23,1990,123,1990-06-24,7,69,0
686,23,1990,171,1990-06-24,26,10,0
687,23,1990,169,1990-06-24,22,12,0
688,23,1990,58,1990-06-24,8,69,0
690,23,1990,174,1990-06-24,21,26,0
691,23,1990,165,1990-06-24,14,67,0
695,23,1990,83,1990-06-24,25,11,0
581,35,1990,141,1990-07-08,6,80,1
603,35,1990,167,1990-07-08,4,80,3
613,35,1990,6,1990-07-08,1,80,9
619,35,1990,6,1990-07-08,18,72,0
622,35,1990,171,1990-07-08,19,78,0
630,35,1990,157,1990-07-08,10,79,0
631,35,1990,58,1990-07-08,11,79,0
645,35,1990,141,1990-07-08,25,7,0
650,35,1990,146,1990-07-08,9,79,0
652,35,1990,117,1990-07-08,3,80,4
655,35,1990,117,1990-07-08,5,80,2
656,35,1990,165,1990-07-08,22,40,0
659,35,1990,175,1990-07-08,2,80,6
661,35,1990,167,1990-07-08,16,75,0
663,35,1990,157,1990-07-08,24,22,0
664,35,1990,123,1990-07-08,20,63,0
669,35,1990,146,1990-07-08,14,78,0
670,35,1990,168,1990-07-08,17,75,0
671,35,1990,83,1990-07-08,13,78,0
673,35,1990,175,1990-07-08,21,58,0
677,35,1990,169,1990-07-08,7,79,0
685,35,1990,123,1990-07-08,23,23,0
686,35,1990,171,1990-07-08,26,7,0
687,35,1990,169,1990-07-08,8,79,0
688,35,1990,58,1990-07-08,12,79,0
695,35,1990,83,1990-07-08,15,77,0
581,1,1990,141,1990-07-15,21,26,0
603,1,1990,167,1990-07-15,5,64,2
613,1,1990,6,1990-07-15,1,64,9
619,1,1990,6,1990-07-15,15,55,0
622,1,1990,171,1990-07-15,24,12,0
630,1,1990,157,1990-07-15,20,37,0
631,1,1990,58,1990-07-15,18,46,0
645,1,1990,141,1990-07-15,2,64,6
650,1,1990,146,1990-07-15,13,61,0
652,1,1990,117,1990-07-15,3,64,4
655,1,1990,117,1990-07-15,14,60,0
656,1,1990,165,1990-07-15,25,3,0
659,1,1990,175,1990-07-15,16,48,0
661,1,1990,167,1990-07-15,23,15,0
663,1,1990,157,1990-07-15,7,63,0
664,1,1990,123,1990-07-15,22,20,0
667,1,1990,168,1990-07-15,19,41,0
669,1,1990,146,1990-07-15,10,62,0
671,1,1990,83,1990-07-15,9,62,0
673,1,1990,175,1990-07-15,26,0,0
677,1,1990,169,1990-07-15,6,63,1
685,1,1990,123,1990-07-15,8,63,0
686,1,1990,171,1990-07-15,11,62,0
687,1,1990,169,1990-07-15,4,64,3
688,1,1990,58,1990-07-15,17,48,0
691,1,1990,165,1990-07-15,12,62,0
581,33,1990,141,1990-07-29,5,45,2
603,33,1990,167,1990-07-29,16,23,0
613,33,1990,6,1990-07-29,4,45,3
619,33,1990,6,1990-07-29,19,15,0
630,33,1990,157,1990-07-29,22,10,0
631,33,1990,58,1990-07-29,8,44,0
645,33,1990,141,1990-07-29,6,45,1
650,33,1990,146,1990-07-29,26,0,0
652,33,1990,117,1990-07-29,1,45,9
655,33,1990,117,1990-07-29,3,45,4
656,33,1990,165,1990-07-29,17,20,0
659,33,1990,175,1990-07-29,7,44,0
661,33,1990,167,1990-07-29,2,45,6
663,33,1990,157,1990-07-29,9,44,0
664,33,1990,123,1990-07-29,15,24,0
669,33,1990,146,1990-07-29,10,43,0
671,33,1990,83,1990-07-29,24,0,0
673,33,1990,175,1990-07-29,20,12,0
677,33,1990,169,1990-07-29,14,33,0
681,33,1990,174,1990-07-29,18,19,0
685,33,1990,123,1990-07-29,11,40,0
686,33,1990,171,1990-07-29,25,0,0
687,33,1990,169,1990-07-29,13,35,0
688,33,1990,58,1990-07-29,23,1,0
690,33,1990,174,1990-07-29,12,39,0
695,33,1990,83,1990-07-29,21,12,0
581,52,1990,141,1990-08-12,4,77,3
603,52,1990,167,1990-08-12,3,77,4
613,52,1990,6,1990-08-12,21,36,0
619,52,1990,6,1990-08-12,17,71,0
622,52,1990,171,1990-08-12,25,22,0
630,52,1990,157,1990-08-12,12,75,0
631,52,1990,58,1990-08-12,5,77,2
645,52,1990,141,1990-08-12,1,77,9
650,52,1990,146,1990-08-12,14,74,0
652,52,1990,117,1990-08-12,2,77,6
655,52,1990,117,1990-08-12,16,72,0
656,52,1990,165,1990-08-12,24,35,0
659,52,1990,175,1990-08-12,19,56,0
661,52,1990,167,1990-08-12,18,64,0
663,52,1990,157,1990-08-12,9,76,0
664,52,1990,123,1990-08-12,26,9,0
667,52,1990,168,1990-08-12,13,74,0
669,52,1990,146,1990-08-12,11,76,0
671,52,1990,83,1990-08-12,23,35,0
673,52,1990,175,1990-08-12,8,76,0
677,52,1990,169,1990-08-12,20,37,0
685,52,1990,123,1990-08-12,22,36,0
686,52,1990,171,1990-08-12,10,76,0
687,52,1990,169,1990-08-12,6,77,1
688,52,1990,58,1990-08-12,7,76,0
691,52,1990,165,1990-08-12,15,74,0
581,5,1990,141,1990-08-26,22,18,0
603,5,1990,167,1990-08-26,5,44,2
613,5,1990,6,1990-08-26,2,44,6
619,5,1990,6,1990-08-26,21,19,0
622,5,1990,171,1990-08-26,19,27,0
630,5,1990,157,1990-08-26,13,43,0
631,5,1990,58,1990-08-26,11,43,0
645,5,1990,141,1990-08-26,20,21,0
652,5,1990,117,1990-08-26,1,44,9
655,5,1990,117,1990-08-26,3,44,4
656,5,1990,165,1990-08-26,15,42,0
659,5,1990,175,1990-08-26,7,43,0
661,5,1990,167,1990-08-26,4,44,3
663,5,1990,157,1990-08-26,10,43,0
664,5,1990,123,1990-08-26,24,4,0
669,5,1990,146,1990-08-26,14,42,0
671,5,1990,83,1990-08-26,17,39,0
673,5,1990,175,1990-08-26,6,44,1
677,5,1990,169,1990-08-26,25,0,0
680,5,1990,161,1990-08-26,16,42,0
685,5,1990,123,1990-08-26,8,43,0
686,5,1990,171,1990-08-26,23,5,0
687,5,1990,169,1990-08-26,9,43,0
688,5,1990,58,1990-08-26,12,43,0
691,5,1990,165,1990-08-26,26,0,0
695,5,1990,83,1990-08-26,18,36,0
581,7,1990,141,1990-09-09,5,52,2
603,7,1990,167,1990-09-09,7,52,0
613,7,1990,6,1990-09-09,2,53,6
619,7,1990,6,1990-09-09,4,53,3
622,7,1990,171,1990-09-09,10,51,0
630,7,1990,157,1990-09-09,12,50,0
631,7,1990,58,1990-09-09,21,15,0
645,7,1990,141,1990-09-09,20,18,0
650,7,1990,146,1990-09-09,13,50,0
652,7,1990,117,1990-09-09,1,53,9
655,7,1990,117,1990-09-09,3,53,4
656,7,1990,165,1990-09-09,25,7,0
659,7,1990,175,1990-09-09,15,36,0
661,7,1990,167,1990-09-09,8,52,0
663,7,1990,157,1990-09-09,9,51,0
664,7,1990,123,1990-09-09,6,52,1
669,7,1990,146,1990-09-09,11,51,0
670,7,1990,168,1990-09-09,14,45,0
671,7,1990,83,1990-09-09,19,21,0
673,7,1990,175,1990-09-09,18,24,0
677,7,1990,169,1990-09-09,16,36,0
680,7,1990,161,1990-09-09,17,27,0
685,7,1990,123,1990-09-09,26,4,0
686,7,1990,171,1990-09-09,22,14,0
687,7,1990,169,1990-09-09,24,10,0
688,7,1990,58,1990-09-09,23,13,0
581,49,1990,141,1990-09-23,7,60,0
603,49,1990,167,1990-09-23,5,61,2
613,49,1990,6,1990-09-23,3,61,4
619,49,1990,6,1990-09-23,1,61,9
622,49,1990,171,1990-09-23,25,0,0
630,49,1990,157,1990-09-23,9,60,0
631,49,1990,58,1990-09-23,23,5,0
645,49,1990,141,1990-09-23,19,30,0
650,49,1990,146,1990-09-23,16,52,0
652,49,1990,117,1990-09-23,2,61,6
655,49,1990,117,1990-09-23,4,61,3
656,49,1990,165,1990-09-23,11,59,0
659,49,1990,175,1990-09-23,18,51,0
661,49,1990,167,1990-09-23,6,61,1
663,49,1990,157,1990-09-23,13,58,0
664,49,1990,123,1990-09-23,26,0,0
669,49,1990,146,1990-09-23,10,59,0
670,49,1990,168,1990-09-23,24,3,0
671,49,1990,83,1990-09-23,21,21,0
673,49,1990,175,1990-09-23,12,59,0
677,49,1990,169,1990-09-23,14,58,0
685,49,1990,123,1990-09-23,8,60,0
686,49,1990,171,1990-09-23,15,58,0
687,49,1990,169,1990-09-23,20,24,0
688,49,1990,58,1990-09-23,22,14,0
695,49,1990,83,1990-09-23,17,52,0
581,51,1990,141,1990-09-30,5,73,2
603,51,1990,167,1990-09-30,15,47,0
613,51,1990,6,1990-09-30,1,73,9
619,51,1990,6,1990-09-30,2,73,6
622,51,1990,171,1990-09-30,16,47,0
630,51,1990,157,1990-09-30,10,71,0
631,51,1990,58,1990-09-30,11,63,0
645,51,1990,141,1990-09-30,4,73,3
650,51,1990,146,1990-09-30,19,22,0
652,51,1990,117,1990-09-30,14,53,0
655,51,1990,117,1990-09-30,13,56,0
656,51,1990,165,1990-09-30,18,41,0
659,51,1990,175,1990-09-30,12,59,0
661,51,1990,167,1990-09-30,3,73,4
664,51,1990,123,1990-09-30,21,13,0
667,51,1990,168,1990-09-30,22,5,0
669,51,1990,146,1990-09-30,7,72,0
670,51,1990,168,1990-09-30,9,72,0
671,51,1990,83,1990-09-30,23,5,0
673,51,1990,175,1990-09-30,8,72,0
677,51,1990,169,1990-09-30,6,73,1
680,51,1990,161,1990-09-30,17,45,0
685,51,1990,123,1990-09-30,24,0,0
686,51,1990,171,1990-09-30,25,0,0
687,51,1990,169,1990-09-30,20,20,0
688,51,1990,58,1990-09-30,26,0,0
581,53,1990,141,1990-10-21,4,53,3
603,53,1990,167,1990-10-21,1,53,9
613,53,1990,6,1990-10-21,24,0,0
619,53,1990,6,1990-10-21,14,26,0
622,53,1990,171,1990-10-21,19,13,0
630,53,1990,157,1990-10-21,13,28,0
631,53,1990,58,1990-10-21,11,38,0
639,53,1990,167,1990-10-21,2,53,6
645,53,1990,141,1990-10-21,5,53,2
650,53,1990,146,1990-10-21,10,52,0
652,53,1990,117,1990-10-21,23,0,0
655,53,1990,117,1990-10-21,22,1,0
656,53,1990,165,1990-10-21,8,52,0
659,53,1990,175,1990-10-21,18,16,0
663,53,1990,157,1990-10-21,9,52,0
664,53,1990,123,1990-10-21,6,53,1
669,53,1990,146,1990-10-21,7,52,0
671,53,1990,83,1990-10-21,25,0,0
673,53,1990,175,1990-10-21,20,5,0
677,53,1990,169,1990-10-21,3,53,4
679,53,1990,58,1990-10-21,12,31,0
685,53,1990,123,1990-10-21,26,0,0
686,53,1990,171,1990-10-21,15,24,0
687,53,1990,169,1990-10-21,16,24,0
692,53,1990,165,1990-10-21,17,18,0
695,53,1990,83,1990-10-21,21,5,0
581,50,1990,141,1990-11-04,6,80,1
603,50,1990,167,1990-11-04,1,81,9
613,50,1990,6,1990-11-04,3,81,4
619,50,1990,6,1990-11-04,2,81,6
622,50,1990,171,1990-11-04,22,23,0
631,50,1990,58,1990-11-04,20,43,0
639,50,1990,167,1990-11-04,7,80,0
645,50,1990,141,1990-11-04,5,81,2
650,50,1990,146,1990-11-04,11,78,0
652,50,1990,117,1990-11-04,15,61,0
655,50,1990,117,1990-11-04,4,81,3
656,50,1990,165,1990-11-04,9,79,0
659,50,1990,175,1990-11-04,19,46,0
664,50,1990,123,1990-11-04,18,53,0
667,50,1990,168,1990-11-04,16,58,0
669,50,1990,146,1990-11-04,10,79,0
671,50,1990,83,1990-11-04,12,77,0
673,50,1990,175,1990-11-04,21,27,0
677,50,1990,169,1990-11-04,26,6,0
679,50,1990,58,1990-11-04,17,57,0
680,50,1990,161,1990-11-04,13,74,0
685,50,1990,123,1990-11-04,8,80,0
686,50,1990,171,1990-11-04,14,68,0
687,50,1990,169,1990-11-04,23,21,0
692,50,1990,165,1990-11-04,24,20,0
695,50,1990,83,1990-11-04,25,18,0
581,54,1991,141,1991-03-10,14,49,0
603,54,1991,167,1991-03-10,3,81,4
613,54,1991,6,1991-03-10,2,81,6
619,54,1991,141,1991-03-10,20,35,0
630,54,1991,178,1991-03-10,16,41,0
639,54,1991,167,1991-03-10,15,49,0
645,54,1991,146,1991-03-10,18,40,0
648,54,1991,83,1991-03-10,11,73,0
652,54,1991,117,1991-03-10,1,81,10
655,54,1991,117,1991-03-10,19,36,0
656,54,1991,165,1991-03-10,9,75,0
659,54,1991,175,1991-03-10,17,40,0
664,54,1991,123,1991-03-10,5,80,2
667,54,1991,168,1991-03-10,8,77,0
669,54,1991,180,1991-03-10,7,78,0
671,54,1991,123,1991-03-10,4,81,3
673,54,1991,175,1991-03-10,21,34,0
677,54,1991,169,1991-03-10,6,79,1
684,54,1991,177,1991-03-10,10,75,0
685,54,1991,6,1991-03-10,12,72,0
686,54,1991,171,1991-03-10,23,16,0
687,54,1991,169,1991-03-10,26,4,0
690,54,1991,171,1991-03-10,25,12,0
692,54,1991,165,1991-03-10,24,15,0
696,54,1991,58,1991-03-10,13,59,0
697,54,1991,83,1991-03-10,22,32,0
581,37,1991,141,1991-03-24,2,71,6
603,37,1991,167,1991-03-24,5,71,2
613,37,1991,6,1991-03-24,4,71,3
619,37,1991,141,1991-03-24,14,59,0
622,37,1991,177,1991-03-24,20,20,0
639,37,1991,167,1991-03-24,7,70,0
645,37,1991,146,1991-03-24,10,68,0
648,37,1991,83,1991-03-24,12,67,0
652,37,1991,117,1991-03-24,1,71,10
655,37,1991,117,1991-03-24,3,71,4
656,37,1991,165,1991-03-24,16,47,0
659,37,1991,175,1991-03-24,22,16,0
664,37,1991,123,1991-03-24,23,12,0
667,37,1991,168,1991-03-24,25,0,0
671,37,1991,123,1991-03-24,21,19,0
673,37,1991,175,1991-03-24,24,9,0
677,37,1991,169,1991-03-24,26,0,0
684,37,1991,177,1991-03-24,13,63,0
685,37,1991,6,1991-03-24,6,71,1
686,37,1991,171,1991-03-24,11,68,0
687,37,1991,169,1991-03-24,18,33,0
690,37,1991,171,1991-03-24,19,22,0
692,37,1991,165,1991-03-24,8,69,0
696,37,1991,58,1991-03-24,9,68,0
697,37,1991,83,1991-03-24,17,34,0
698,37,1991,146,1991-03-24,15,50,0
581,45,1991,141,1991-04-28,19,17,0
603,45,1991,167,1991-04-28,24,1,0
613,45,1991,6,1991-04-28,26,0,0
619,45,1991,141,1991-04-28,25,0,0
622,45,1991,177,1991-04-28,15,37,0
639,45,1991,167,1991-04-28,13,54,0
645,45,1991,146,1991-04-28,7,58,0
648,45,1991,83,1991-04-28,11,57,0
652,45,1991,117,1991-04-28,1,61,10
655,45,1991,117,1991-04-28,2,61,6
656,45,1991,165,1991-04-28,4,59,3
659,45,1991,175,1991-04-28,17,24,0
664,45,1991,123,1991-04-28,20,15,0
671,45,1991,123,1991-04-28,14,41,0
673,45,1991,175,1991-04-28,12,55,0
675,45,1991,58,1991-04-28,6,58,1
677,45,1991,81,1991-04-28,23,2,0
684,45,1991,177,1991-04-28,16,37,0
685,45,1991,6,1991-04-28,22,2,0
687,45,1991,81,1991-04-28,18,17,0
690,45,1991,171,1991-04-28,3,60,4
692,45,1991,165,1991-04-28,21,10,0
696,45,1991,58,1991-04-28,5,58,2
697,45,1991,83,1991-04-28,8,58,0
698,45,1991,146,1991-04-28,10,57,0
700,45,1991,180,1991-04-28,9,57,0
581,2,1991,141,1991-05-12,17,42,0
603,2,1991,167,1991-05-12,26,0,0
613,2,1991,6,1991-05-12,5,77,2
619,2,1991,141,1991-05-12,2,78,6
622,2,1991,177,1991-05-12,22,21,0
630,2,1991,178,1991-05-12,19,39,0
639,2,1991,167,1991-05-12,4,77,3
645,2,1991,146,1991-05-12,7,76,0
652,2,1991,117,1991-05-12,1,78,10
655,2,1991,117,1991-05-12,25,9,0
656,2,1991,165,1991-05-12,12,72,0
659,2,1991,175,1991-05-12,23,12,0
664,2,1991,123,1991-05-12,20,35,0
667,2,1991,168,1991-05-12,24,9,0
671,2,1991,123,1991-05-12,16,42,0
673,2,1991,175,1991-05-12,15,43,0
677,2,1991,81,1991-05-12,21,24,0
684,2,1991,177,1991-05-12,8,76,0
685,2,1991,6,1991-05-12,3,78,4
686,2,1991,171,1991-05-12,6,77,1
687,2,1991,81,1991-05-12,9,76,0
690,2,1991,171,1991-05-12,11,75,0
692,2,1991,165,1991-05-12,14,49,0
696,2,1991,58,1991-05-12,13,64,0
697,2,1991,83,1991-05-12,18,41,0
698,2,1991,146,1991-05-12,10,76,0
581,44,1991,141,1991-06-02,3,69,4
603,44,1991,167,1991-06-02,1,69,10
613,44,1991,6,1991-06-02,17,27,0
615,44,1991,178,1991-06-02,13,48,0
619,44,1991,141,1991-06-02,6,68,1
622,44,1991,177,1991-06-02,4,69,3
630,44,1991,178,1991-06-02,26,2,0
639,44,1991,167,1991-06-02,23,10,0
645,44,1991,146,1991-06-02,18,27,0
648,44,1991,83,1991-06-02,21,21,0
652,44,1991,117,1991-06-02,19,25,0
655,44,1991,117,1991-06-02,24,4,0
656,44,1991,165,1991-06-02,7,68,0
659,44,1991,175,1991-06-02,14,42,0
664,44,1991,123,1991-06-02,10,67,0
671,44,1991,123,1991-06-02,2,69,6
673,44,1991,175,1991-06-02,11,61,0
677,44,1991,81,1991-06-02,25,3,0
684,44,1991,177,1991-06-02,5,69,2
685,44,1991,6,1991-06-02,15,34,0
686,44,1991,171,1991-06-02,9,68,0
687,44,1991,81,1991-06-02,16,29,0
690,44,1991,171,1991-06-02,12,50,0
692,44,1991,165,1991-06-02,22,20,0
696,44,1991,58,1991-06-02,20,21,0
698,44,1991,146,1991-06-02,8,68,0
581,23,1991,141,1991-06-16,1,67,10
603,23,1991,167,1991-06-16,16,44,0
613,23,1991,6,1991-06-16,22,16,0
619,23,1991,141,1991-06-16,2,67,6
622,23,1991,177,1991-06-16,4,66,3
630,23,1991,178,1991-06-16,19,24,0
639,23,1991,167,1991-06-16,5,66,2
645,23,1991,146,1991-06-16,8,65,0
648,23,1991,83,1991-06-16,20,20,0
652,23,1991,117,1991-06-16,3,67,4
655,23,1991,117,1991-06-16,25,5,0
656,23,1991,165,1991-06-16,26,4,0
659,23,1991,175,1991-06-16,21,19,0
664,23,1991,123,1991-06-16,12,64,0
671,23,1991,123,1991-06-16,11,65,0
673,23,1991,175,1991-06-16,23,15,0
677,23,1991,81,1991-06-16,15,48,0
679,23,1991,58,1991-06-16,10,65,0
680,23,1991,179,1991-06-16,24,13,0
684,23,1991,177,1991-06-16,14,51,0
685,23,1991,6,1991-06-16,17,42,0
687,23,1991,81,1991-06-16,6,66,1
690,23,1991,171,1991-06-16,18,30,0
692,23,1991,165,1991-06-16,7,66,0
696,23,1991,58,1991-06-16,9,65,0
697,23,1991,83,1991-06-16,13,54,0
581,55,1991,141,1991-07-07,5,71,2
603,55,1991,167,1991-07-07,8,70,0
613,55,1991,6,1991-07-07,2,72,6
619,55,1991,141,1991-07-07,1,72,10
622,55,1991,177,1991-07-07,6,71,1
630,55,1991,178,1991-07-07,20,31,0
639,55,1991,167,1991-07-07,13,63,0
645,55,1991,146,1991-07-07,12,69,0
648,55,1991,83,1991-07-07,21,21,0
652,55,1991,117,1991-07-07,3,72,4
655,55,1991,117,1991-07-07,25,6,0
656,55,1991,165,1991-07-07,9,70,0
659,55,1991,175,1991-07-07,24,7,0
664,55,1991,123,1991-07-07,22,12,0
671,55,1991,123,1991-07-07,14,57,0
673,55,1991,175,1991-07-07,7,70,0
677,55,1991,81,1991-07-07,19,32,0
679,55,1991,58,1991-07-07,10,70,0
680,55,1991,179,1991-07-07,15,47,0
684,55,1991,177,1991-07-07,26,0,0
685,55,1991,6,1991-07-07,4,72,3
687,55,1991,81,1991-07-07,16,43,0
690,55,1991,171,1991-07-07,17,39,0
692,55,1991,165,1991-07-07,23,8,0
697,55,1991,83,1991-07-07,18,36,0
698,55,1991,146,1991-07-07,11,70,0
581,1,1991,141,1991-07-14,26,1,0
603,1,1991,167,1991-07-14,5,58,2
613,1,1991,6,1991-07-14,3,59,4
619,1,1991,141,1991-07-14,1,59,10
622,1,1991,177,1991-07-14,16,41,0
630,1,1991,178,1991-07-14,21,25,0
639,1,1991,167,1991-07-14,23,21,0
645,1,1991,146,1991-07-14,19,29,0
648,1,1991,83,1991-07-14,20,28,0
652,1,1991,117,1991-07-14,4,58,3
655,1,1991,117,1991-07-14,2,59,6
656,1,1991,165,1991-07-14,9,58,0
659,1,1991,175,1991-07-14,25,16,0
664,1,1991,123,1991-07-14,8,58,0
671,1,1991,123,1991-07-14,7,58,0
673,1,1991,175,1991-07-14,22,24,0
677,1,1991,81,1991-07-14,18,29,0
679,1,1991,58,1991-07-14,14,55,0
684,1,1991,177,1991-07-14,6,58,1
685,1,1991,6,1991-07-14,17,31,0
686,1,1991,171,1991-07-14,10,57,0
687,1,1991,81,1991-07-14,24,21,0
690,1,1991,171,1991-07-14,13,56,0
692,1,1991,165,1991-07-14,11,57,0
696,1,1991,58,1991-07-14,12,57,0
697,1,1991,83,1991-07-14,15,52,0
581,33,1991,141,1991-07-28,2,45,6
603,33,1991,167,1991-07-28,17,27,0
613,33,1991,6,1991-07-28,14,37,0
619,33,1991,141,1991-07-28,1,45,10
622,33,1991,177,1991-07-28,5,45,2
639,33,1991,167,1991-07-28,8,44,0
645,33,1991,146,1991-07-28,9,44,0
648,33,1991,83,1991-07-28,11,43,0
652,33,1991,117,1991-07-28,7,44,0
655,33,1991,117,1991-07-28,4,45,3
656,33,1991,165,1991-07-28,24,11,0
659,33,1991,175,1991-07-28,15,36,0
664,33,1991,123,1991-07-28,18,26,0
669,33,1991,180,1991-07-28,26,0,0
671,33,1991,123,1991-07-28,13,41,0
673,33,1991,175,1991-07-28,20,21,0
677,33,1991,81,1991-07-28,22,15,0
684,33,1991,177,1991-07-28,6,45,1
685,33,1991,6,1991-07-28,3,45,4
686,33,1991,171,1991-07-28,10,44,0
687,33,1991,81,1991-07-28,25,9,0
690,33,1991,171,1991-07-28,16,35,0
692,33,1991,165,1991-07-28,23,14,0
696,33,1991,58,1991-07-28,21,19,0
697,33,1991,83,1991-07-28,12,43,0
698,33,1991,146,1991-07-28,19,22,0
581,52,1991,141,1991-08-11,3,77,4
603,52,1991,167,1991-08-11,22,38,0
613,52,1991,6,1991-08-11,26,28,0
619,52,1991,141,1991-08-11,2,77,6
622,52,1991,177,1991-08-11,7,76,0
639,52,1991,167,1991-08-11,8,76,0
645,52,1991,146,1991-08-11,17,71,0
648,52,1991,83,1991-08-11,20,59,0
652,52,1991,117,1991-08-11,1,77,10
655,52,1991,117,1991-08-11,4,77,3
656,52,1991,165,1991-08-11,18,65,0
659,52,1991,175,1991-08-11,6,76,1
664,52,1991,123,1991-08-11,15,74,0
669,52,1991,180,1991-08-11,16,74,0
671,52,1991,123,1991-08-11,12,75,0
673,52,1991,175,1991-08-11,11,75,0
677,52,1991,81,1991-08-11,24,38,0
684,52,1991,177,1991-08-11,9,76,0
685,52,1991,6,1991-08-11,5,77,2
686,52,1991,171,1991-08-11,25,37,0
687,52,1991,81,1991-08-11,23,38,0
690,52,1991,171,1991-08-11,21,49,0
692,52,1991,165,1991-08-11,13,75,0
696,52,1991,58,1991-08-11,14,74,0
697,52,1991,83,1991-08-11,19,62,0
698,52,1991,146,1991-08-11,10,75,0
581,5,1991,141,1991-08-25,5,44,2
603,5,1991,167,1991-08-25,3,44,4
613,5,1991,6,1991-08-25,24,2,0
619,5,1991,141,1991-08-25,20,22,0
622,5,1991,177,1991-08-25,13,41,0
639,5,1991,167,1991-08-25,4,44,3
645,5,1991,146,1991-08-25,11,43,0
648,5,1991,83,1991-08-25,9,43,0
652,5,1991,117,1991-08-25,1,44,10
655,5,1991,117,1991-08-25,2,44,6
656,5,1991,165,1991-08-25,12,42,0
659,5,1991,175,1991-08-25,22,13,0
664,5,1991,123,1991-08-25,23,7,0
671,5,1991,123,1991-08-25,14,33,0
673,5,1991,175,1991-08-25,25,1,0
679,5,1991,58,1991-08-25,7,44,0
680,5,1991,179,1991-08-25,10,43,0
685,5,1991,6,1991-08-25,16,30,0
686,5,1991,171,1991-08-25,8,43,0
687,5,1991,81,1991-08-25,21,21,0
690,5,1991,171,1991-08-25,15,33,0
692,5,1991,165,1991-08-25,17,29,0
696,5,1991,58,1991-08-25,18,25,0
697,5,1991,83,1991-08-25,6,44,1
698,5,1991,146,1991-08-25,19,25,0
703,5,1991,177,1991-08-25,26,0,0
581,7,1991,141,1991-09-08,21,27,0
603,7,1991,167,1991-09-08,6,53,1
613,7,1991,6,1991-09-08,3,53,4
619,7,1991,141,1991-09-08,1,53,10
622,7,1991,177,1991-09-08,7,53,0
639,7,1991,177,1991-09-08,25,2,0
645,7,1991,146,1991-09-08,26,1,0
648,7,1991,83,1991-09-08,13,52,0
652,7,1991,117,1991-09-08,2,53,6
655,7,1991,117,1991-09-08,4,53,3
656,7,1991,165,1991-09-08,24,8,0
659,7,1991,175,1991-09-08,8,53,0
664,7,1991,123,1991-09-08,22,24,0
669,7,1991,180,1991-09-08,16,48,0
671,7,1991,123,1991-09-08,19,32,0
673,7,1991,175,1991-09-08,15,49,0
680,7,1991,179,1991-09-08,17,46,0
685,7,1991,6,1991-09-08,20,29,0
686,7,1991,171,1991-09-08,10,52,0
687,7,1991,81,1991-09-08,23,21,0
690,7,1991,171,1991-09-08,18,35,0
692,7,1991,165,1991-09-08,9,52,0
696,7,1991,58,1991-09-08,14,49,0
697,7,1991,83,1991-09-08,12,52,0
698,7,1991,146,1991-09-08,11,52,0
703,7,1991,167,1991-09-08,5,53,2
581,49,1991,141,1991-09-22,1,71,10
603,49,1991,167,1991-09-22,5,71,2
613,49,1991,6,1991-09-22,21,39,0
619,49,1991,141,1991-09-22,19,51,0
622,49,1991,177,1991-09-22,8,70,0
630,49,1991,178,1991-09-22,15,68,0
639,49,1991,177,1991-09-22,10,70,0
645,49,1991,146,1991-09-22,16,68,0
648,49,1991,83,1991-09-22,12,69,0
652,49,1991,117,1991-09-22,2,71,6
655,49,1991,117,1991-09-22,22,37,0
656,49,1991,165,1991-09-22,4,71,3
659,49,1991,175,1991-09-22,17,64,0
664,49,1991,123,1991-09-22,13,68,0
671,49,1991,123,1991-09-22,18,56,0
673,49,1991,175,1991-09-22,7,70,0
677,49,1991,81,1991-09-22,20,40,0
679,49,1991,58,1991-09-22,26,1,0
685,49,1991,6,1991-09-22,3,71,4
686,49,1991,171,1991-09-22,23,18,0
690,49,1991,171,1991-09-22,24,21,0
692,49,1991,165,1991-09-22,9,70,0
696,49,1991,58,1991-09-22,14,68,0
697,49,1991,83,1991-09-22,25,12,0
698,49,1991,146,1991-09-22,11,70,0
703,49,1991,167,1991-09-22,6,71,1
581,56,1991,141,1991-09-29,3,65,4
603,56,1991,167,1991-09-29,11,63,0
613,56,1991,6,1991-09-29,2,65,6
619,56,1991,141,1991-09-29,1,65,10
622,56,1991,177,1991-09-29,22,22,0
630,56,1991,178,1991-09-29,21,23,0
645,56,1991,146,1991-09-29,26,0,0
648,56,1991,83,1991-09-29,10,63,0
652,56,1991,117,1991-09-29,5,65,2
655,56,1991,117,1991-09-29,20,33,0
656,56,1991,165,1991-09-29,13,63,0
659,56,1991,175,1991-09-29,24,1,0
664,56,1991,123,1991-09-29,17,62,0
667,56,1991,179,1991-09-29,12,63,0
671,56,1991,123,1991-09-29,16,62,0
673,56,1991,175,1991-09-29,7,64,0
685,56,1991,6,1991-09-29,4,65,3
686,56,1991,171,1991-09-29,15,62,0
687,56,1991,81,1991-09-29,25,0,0
690,56,1991,171,1991-09-29,8,64,0
692,56,1991,165,1991-09-29,14,62,0
696,56,1991,58,1991-09-29,23,5,0
697,56,1991,83,1991-09-29,18,49,0
698,56,1991,146,1991-09-29,19,36,0
703,56,1991,167,1991-09-29,6,65,1
704,56,1991,177,1991-09-29,9,64,0
581,53,1991,141,1991-10-20,3,53,4
603,53,1991,167,1991-10-20,7,52,0
613,53,1991,6,1991-10-20,4,53,3
619,53,1991,141,1991-10-20,19,9,0
622,53,1991,177,1991-10-20,22,1,0
645,53,1991,146,1991-10-20,9,52,0
648,53,1991,83,1991-10-20,5,52,2
652,53,1991,117,1991-10-20,2,53,6
655,53,1991,117,1991-10-20,1,53,10
656,53,1991,165,1991-10-20,13,39,0
663,53,1991,178,1991-10-20,10,51,0
664,53,1991,123,1991-10-20,16,30,0
667,53,1991,179,1991-10-20,11,50,0
671,53,1991,123,1991-10-20,6,52,1
673,53,1991,175,1991-10-20,8,52,0
677,53,1991,81,1991-10-20,17,26,0
679,53,1991,58,1991-10-20,15,31,0
685,53,1991,6,1991-10-20,26,0,0
686,53,1991,171,1991-10-20,24,1,0
690,53,1991,171,1991-10-20,23,1,0
692,53,1991,165,1991-10-20,18,15,0
696,53,1991,58,1991-10-20,21,4,0
698,53,1991,146,1991-10-20,12,41,0
703,53,1991,167,1991-10-20,14,34,0
704,53,1991,177,1991-10-20,20,7,0
705,53,1991,175,1991-10-20,25,1,0
581,50,1991,141,1991-11-03,5,14,1
603,50,1991,167,1991-11-03,4,14,1.5
619,50,1991,141,1991-11-03,2,14,3
622,50,1991,177,1991-11-03,8,14,0
630,50,1991,178,1991-11-03,13,14,0
639,50,1991,165,1991-11-03,16,13,0
645,50,1991,146,1991-11-03,25,5,0
652,50,1991,117,1991-11-03,1,14,5
655,50,1991,117,1991-11-03,3,14,2
656,50,1991,165,1991-11-03,21,8,0
663,50,1991,178,1991-11-03,15,13,0
664,50,1991,123,1991-11-03,26,4,0
669,50,1991,180,1991-11-03,24,5,0
671,50,1991,123,1991-11-03,10,14,0
673,50,1991,175,1991-11-03,14,13,0
679,50,1991,58,1991-11-03,11,14,0
685,50,1991,6,1991-11-03,23,5,0
686,50,1991,171,1991-11-03,7,14,0
690,50,1991,171,1991-11-03,12,14,0
692,50,1991,6,1991-11-03,6,14,0.5
696,50,1991,58,1991-11-03,19,13,0
697,50,1991,83,1991-11-03,17,13,0
698,50,1991,146,1991-11-03,18,13,0
703,50,1991,167,1991-11-03,22,5,0
704,50,1991,177,1991-11-03,9,14,0
705,50,1991,175,1991-11-03,20,12,0
581,27,1992,141,1992-03-01,2,72,6
619,27,1992,141,1992-03-01,1,72,10
622,27,1992,123,1992-03-01,20,41,0
630,27,1992,178,1992-03-01,10,70,0
645,27,1992,146,1992-03-01,15,60,0
648,27,1992,167,1992-03-01,26,1,0
652,27,1992,117,1992-03-01,3,72,4
655,27,1992,117,1992-03-01,5,72,2
656,27,1992,171,1992-03-01,16,56,0
659,27,1992,6,1992-03-01,22,28,0
667,27,1992,179,1992-03-01,23,23,0
673,27,1992,177,1992-03-01,11,70,0
677,27,1992,178,1992-03-01,8,70,0
679,27,1992,58,1992-03-01,6,71,1
680,27,1992,123,1992-03-01,14,62,0
684,27,1992,169,1992-03-01,25,8,0
685,27,1992,6,1992-03-01,21,40,0
690,27,1992,171,1992-03-01,18,44,0
692,27,1992,165,1992-03-01,17,55,0
696,27,1992,58,1992-03-01,9,70,0
698,27,1992,146,1992-03-01,7,71,0
700,27,1992,83,1992-03-01,13,68,0
703,27,1992,167,1992-03-01,4,72,3
705,27,1992,119,1992-03-01,24,13,0
707,27,1992,169,1992-03-01,12,68,0
708,27,1992,165,1992-03-01,19,43,0
581,23,1992,141,1992-03-22,2,69,6
619,23,1992,141,1992-03-22,1,69,10
622,23,1992,123,1992-03-22,5,68,2
630,23,1992,178,1992-03-22,13,65,0
645,23,1992,146,1992-03-22,10,67,0
648,23,1992,167,1992-03-22,14,47,0
652,23,1992,117,1992-03-22,22,11,0
655,23,1992,117,1992-03-22,4,69,3
656,23,1992,171,1992-03-22,17,36,0
659,23,1992,6,1992-03-22,26,0,0
667,23,1992,179,1992-03-22,15,45,0
671,23,1992,177,1992-03-22,20,17,0
673,23,1992,177,1992-03-22,24,0,0
679,23,1992,58,1992-03-22,7,68,0
680,23,1992,123,1992-03-22,21,12,0
684,23,1992,169,1992-03-22,11,66,0
685,23,1992,6,1992-03-22,18,31,0
690,23,1992,171,1992-03-22,8,68,0
692,23,1992,165,1992-03-22,19,29,0
696,23,1992,58,1992-03-22,6,68,1
698,23,1992,146,1992-03-22,9,67,0
703,23,1992,167,1992-03-22,3,69,4
705,23,1992,119,1992-03-22,25,0,0
707,23,1992,169,1992-03-22,12,66,0
708,23,1992,165,1992-03-22,23,2,0
710,23,1992,179,1992-03-22,16,37,0
581,37,1992,141,1992-04-05,2,71,6
619,37,1992,141,1992-04-05,1,71,10
622,37,1992,123,1992-04-05,22,21,0
630,37,1992,178,1992-04-05,6,70,1
645,37,1992,146,1992-04-05,17,36,0
648,37,1992,167,1992-04-05,19,30,0
652,37,1992,117,1992-04-05,23,17,0
655,37,1992,117,1992-04-05,24,4,0
656,37,1992,171,1992-04-05,20,24,0
659,37,1992,6,1992-04-05,5,70,2
667,37,1992,179,1992-04-05,11,62,0
671,37,1992,177,1992-04-05,26,1,0
673,37,1992,177,1992-04-05,18,36,0
677,37,1992,178,1992-04-05,25,2,0
679,37,1992,58,1992-04-05,16,36,0
680,37,1992,123,1992-04-05,14,52,0
684,37,1992,169,1992-04-05,21,23,0
685,37,1992,6,1992-04-05,4,70,3
690,37,1992,171,1992-04-05,8,69,0
692,37,1992,165,1992-04-05,7,69,0
696,37,1992,58,1992-04-05,10,67,0
698,37,1992,146,1992-04-05,15,42,0
703,37,1992,167,1992-04-05,3,70,4
705,37,1992,119,1992-04-05,12,55,0
707,37,1992,169,1992-04-05,9,68,0
708,37,1992,165,1992-04-05,13,54,0
581,56,1992,141,1992-05-03,22,19,0
619,56,1992,141,1992-05-03,1,65,10
622,56,1992,123,1992-05-03,26,2,0
630,56,1992,178,1992-05-03,5,64,2
645,56,1992,146,1992-05-03,24,11,0
648,56,1992,167,1992-05-03,25,4,0
652,56,1992,117,1992-05-03,9,62,0
655,56,1992,117,1992-05-03,4,65,3
656,56,1992,171,1992-05-03,6,63,1
659,56,1992,6,1992-05-03,10,62,0
667,56,1992,179,1992-05-03,14,56,0
673,56,1992,177,1992-05-03,20,24,0
677,56,1992,178,1992-05-03,7,63,0
679,56,1992,58,1992-05-03,23,13,0
680,56,1992,123,1992-05-03,18,30,0
684,56,1992,169,1992-05-03,17,35,0
685,56,1992,6,1992-05-03,3,65,4
690,56,1992,171,1992-05-03,13,56,0
692,56,1992,165,1992-05-03,19,26,0
696,56,1992,58,1992-05-03,15,56,0
698,56,1992,146,1992-05-03,16,55,0
703,56,1992,167,1992-05-03,2,65,6
705,56,1992,119,1992-05-03,8,63,0
708,56,1992,165,1992-05-03,11,61,0
709,56,1992,119,1992-05-03,12,61,0
710,56,1992,179,1992-05-03,21,22,0
581,45,1992,141,1992-05-17,2,60,6
619,45,1992,141,1992-05-17,1,60,10
622,45,1992,123,1992-05-17,14,55,0
630,45,1992,178,1992-05-17,5,59,2
645,45,1992,146,1992-05-17,19,29,0
648,45,1992,167,1992-05-17,4,60,3
652,45,1992,117,1992-05-17,3,60,4
655,45,1992,117,1992-05-17,17,39,0
656,45,1992,171,1992-05-17,6,59,1
659,45,1992,6,1992-05-17,24,11,0
667,45,1992,179,1992-05-17,22,24,0
671,45,1992,177,1992-05-17,20,25,0
673,45,1992,177,1992-05-17,7,58,0
677,45,1992,178,1992-05-17,10,58,0
679,45,1992,58,1992-05-17,26,8,0
680,45,1992,123,1992-05-17,8,58,0
684,45,1992,169,1992-05-17,18,32,0
685,45,1992,6,1992-05-17,16,39,0
690,45,1992,171,1992-05-17,11,57,0
692,45,1992,165,1992-05-17,21,24,0
698,45,1992,146,1992-05-17,9,58,0
703,45,1992,167,1992-05-17,23,20,0
705,45,1992,119,1992-05-17,12,57,0
707,45,1992,169,1992-05-17,15,40,0
708,45,1992,165,1992-05-17,25,8,0
709,45,1992,119,1992-05-17,13,57,0
581,2,1992,141,1992-05-31,3,78,4
619,2,1992,141,1992-05-31,2,78,6
622,2,1992,123,1992-05-31,20,9,0
630,2,1992,178,1992-05-31,7,77,0
639,2,1992,181,1992-05-31,19,11,0
645,2,1992,146,1992-05-31,12,75,0
648,2,1992,167,1992-05-31,5,78,2
652,2,1992,117,1992-05-31,1,78,10
655,2,1992,117,1992-05-31,14,32,0
656,2,1992,171,1992-05-31,26,0,0
659,2,1992,6,1992-05-31,13,60,0
667,2,1992,179,1992-05-31,21,9,0
671,2,1992,177,1992-05-31,22,6,0
673,2,1992,177,1992-05-31,17,18,0
677,2,1992,178,1992-05-31,11,76,0
679,2,1992,58,1992-05-31,18,17,0
680,2,1992,123,1992-05-31,23,4,0
684,2,1992,169,1992-05-31,6,77,1
685,2,1992,6,1992-05-31,16,28,0
690,2,1992,171,1992-05-31,9,76,0
692,2,1992,165,1992-05-31,25,1,0
696,2,1992,58,1992-05-31,15,30,0
698,2,1992,146,1992-05-31,10,76,0
703,2,1992,167,1992-05-31,4,78,3
705,2,1992,119,1992-05-31,24,1,0
708,2,1992,165,1992-05-31,8,77,0
581,44,1992,141,1992-06-14,17,43,0
619,44,1992,141,1992-06-14,23,14,0
622,44,1992,123,1992-06-14,5,68,2
630,44,1992,178,1992-06-14,7,68,0
645,44,1992,146,1992-06-14,10,67,0
648,44,1992,167,1992-06-14,16,45,0
652,44,1992,117,1992-06-14,18,37,0
655,44,1992,117,1992-06-14,1,69,10
656,44,1992,171,1992-06-14,8,68,0
659,44,1992,6,1992-06-14,22,18,0
667,44,1992,179,1992-06-14,26,0,0
671,44,1992,177,1992-06-14,19,36,0
673,44,1992,177,1992-06-14,24,14,0
679,44,1992,58,1992-06-14,21,34,0
680,44,1992,123,1992-06-14,12,67,0
684,44,1992,169,1992-06-14,25,14,0
685,44,1992,6,1992-06-14,3,69,4
690,44,1992,171,1992-06-14,9,68,0
692,44,1992,165,1992-06-14,11,67,0
696,44,1992,58,1992-06-14,20,35,0
698,44,1992,146,1992-06-14,6,68,1
703,44,1992,167,1992-06-14,2,69,6
705,44,1992,119,1992-06-14,4,68,3
707,44,1992,169,1992-06-14,15,61,0
708,44,1992,165,1992-06-14,13,65,0
709,44,1992,119,1992-06-14,14,64,0
581,55,1992,141,1992-07-05,2,69,6
619,55,1992,141,1992-07-05,1,69,10
622,55,1992,123,1992-07-05,13,51,0
630,55,1992,178,1992-07-05,7,68,0
645,55,1992,146,1992-07-05,15,46,0
648,55,1992,167,1992-07-05,3,69,4
652,55,1992,117,1992-07-05,23,0,0
655,55,1992,117,1992-07-05,21,10,0
656,55,1992,171,1992-07-05,10,67,0
659,55,1992,6,1992-07-05,16,38,0
667,55,1992,179,1992-07-05,22,6,0
671,55,1992,177,1992-07-05,18,25,0
673,55,1992,177,1992-07-05,25,0,0
677,55,1992,178,1992-07-05,19,20,0
679,55,1992,58,1992-07-05,6,68,1
680,55,1992,123,1992-07-05,11,66,0
684,55,1992,169,1992-07-05,24,0,0
685,55,1992,6,1992-07-05,12,61,0
690,55,1992,171,1992-07-05,9,67,0
692,55,1992,165,1992-07-05,8,68,0
696,55,1992,58,1992-07-05,4,68,3
698,55,1992,146,1992-07-05,5,68,2
703,55,1992,167,1992-07-05,20,17,0
705,55,1992,119,1992-07-05,17,33,0
707,55,1992,169,1992-07-05,14,41,0
710,55,1992,179,1992-07-05,26,0,0
581,1,1992,141,1992-07-12,2,59,6
619,1,1992,141,1992-07-12,1,59,10
622,1,1992,123,1992-07-12,19,46,0
630,1,1992,178,1992-07-12,7,58,0
645,1,1992,146,1992-07-12,10,57,0
648,1,1992,167,1992-07-12,3,59,4
652,1,1992,117,1992-07-12,18,52,0
655,1,1992,117,1992-07-12,5,59,2
656,1,1992,171,1992-07-12,15,56,0
659,1,1992,6,1992-07-12,9,58,0
667,1,1992,179,1992-07-12,14,57,0
671,1,1992,177,1992-07-12,21,43,0
673,1,1992,177,1992-07-12,22,37,0
677,1,1992,178,1992-07-12,12,57,0
679,1,1992,58,1992-07-12,24,31,0
680,1,1992,123,1992-07-12,11,57,0
684,1,1992,169,1992-07-12,23,32,0
685,1,1992,6,1992-07-12,20,43,0
690,1,1992,171,1992-07-12,13,57,0
692,1,1992,165,1992-07-12,17,53,0
696,1,1992,58,1992-07-12,6,59,1
698,1,1992,146,1992-07-12,8,58,0
700,1,1992,83,1992-07-12,30,0,0
703,1,1992,167,1992-07-12,4,59,3
705,1,1992,119,1992-07-12,25,27,0
707,1,1992,169,1992-07-12,26,27,0
712,1,1992,83,1992-07-12,16,55,0
581,33,1992,141,1992-07-26,8,44,0
619,33,1992,141,1992-07-26,1,45,10
622,33,1992,123,1992-07-26,18,25,0
630,33,1992,178,1992-07-26,9,44,0
645,33,1992,146,1992-07-26,7,45,0
648,33,1992,167,1992-07-26,4,45,3
652,33,1992,117,1992-07-26,2,45,6
655,33,1992,117,1992-07-26,22,16,0
656,33,1992,171,1992-07-26,11,44,0
659,33,1992,6,1992-07-26,20,21,0
667,33,1992,179,1992-07-26,17,33,0
673,33,1992,177,1992-07-26,15,43,0
677,33,1992,178,1992-07-26,25,1,0
679,33,1992,58,1992-07-26,19,23,0
680,33,1992,123,1992-07-26,23,8,0
684,33,1992,169,1992-07-26,14,44,0
685,33,1992,6,1992-07-26,5,45,2
690,33,1992,171,1992-07-26,10,44,0
692,33,1992,165,1992-07-26,12,44,0
696,33,1992,58,1992-07-26,21,21,0
698,33,1992,146,1992-07-26,6,45,1
703,33,1992,167,1992-07-26,3,45,4
704,33,1992,165,1992-07-26,26,1,0
705,33,1992,119,1992-07-26,16,42,0
707,33,1992,169,1992-07-26,24,8,0
709,33,1992,119,1992-07-26,13,44,0
713,33,1992,181,1992-07-26,32,0,0
581,52,1992,141,1992-08-16,13,55,0
619,52,1992,141,1992-08-16,2,77,6
622,52,1992,123,1992-08-16,8,75,0
630,52,1992,178,1992-08-16,7,75,0
645,52,1992,146,1992-08-16,23,0,0
648,52,1992,167,1992-08-16,5,77,2
652,52,1992,117,1992-08-16,1,77,10
655,52,1992,117,1992-08-16,3,77,4
656,52,1992,171,1992-08-16,14,40,0
659,52,1992,6,1992-08-16,6,76,1
667,52,1992,179,1992-08-16,25,0,0
671,52,1992,177,1992-08-16,21,13,0
673,52,1992,177,1992-08-16,10,73,0
677,52,1992,178,1992-08-16,18,13,0
679,52,1992,58,1992-08-16,26,0,0
680,52,1992,123,1992-08-16,19,13,0
684,52,1992,169,1992-08-16,17,13,0
685,52,1992,6,1992-08-16,16,14,0
696,52,1992,58,1992-08-16,4,77,3
698,52,1992,146,1992-08-16,24,0,0
700,52,1992,179,1992-08-16,22,2,0
703,52,1992,167,1992-08-16,12,63,0
705,52,1992,119,1992-08-16,20,13,0
707,52,1992,169,1992-08-16,15,35,0
709,52,1992,119,1992-08-16,9,74,0
712,52,1992,83,1992-08-16,11,73,0
581,5,1992,141,1992-08-30,3,44,4
619,5,1992,141,1992-08-30,2,44,6
622,5,1992,123,1992-08-30,8,43,0
630,5,1992,178,1992-08-30,22,20,0
645,5,1992,146,1992-08-30,19,27,0
648,5,1992,167,1992-08-30,4,44,3
652,5,1992,117,1992-08-30,5,44,2
655,5,1992,117,1992-08-30,25,0,0
656,5,1992,171,1992-08-30,26,0,0
659,5,1992,6,1992-08-30,20,25,0
667,5,1992,179,1992-08-30,21,25,0
671,5,1992,177,1992-08-30,15,42,0
673,5,1992,177,1992-08-30,14,42,0
677,5,1992,178,1992-08-30,9,43,0
679,5,1992,58,1992-08-30,13,43,0
680,5,1992,123,1992-08-30,24,1,0
684,5,1992,169,1992-08-30,18,40,0
685,5,1992,6,1992-08-30,23,7,0
690,5,1992,171,1992-08-30,7,44,0
692,5,1992,165,1992-08-30,16,42,0
696,5,1992,58,1992-08-30,6,44,1
698,5,1992,146,1992-08-30,30,0,0
700,5,1992,179,1992-08-30,10,43,0
703,5,1992,167,1992-08-30,1,44,10
705,5,1992,119,1992-08-30,11,43,0
707,5,1992,169,1992-08-30,17,42,0
714,5,1992,119,1992-08-30,12,43,0
581,7,1992,141,1992-09-13,5,53,2
619,7,1992,141,1992-09-13,13,41,0
622,7,1992,123,1992-09-13,6,52,1
630,7,1992,178,1992-09-13,7,52,0
645,7,1992,146,1992-09-13,14,41,0
648,7,1992,167,1992-09-13,2,53,6
652,7,1992,117,1992-09-13,1,53,10
655,7,1992,117,1992-09-13,4,53,3
656,7,1992,171,1992-09-13,8,52,0
659,7,1992,6,1992-09-13,21,12,0
667,7,1992,179,1992-09-13,16,30,0
673,7,1992,177,1992-09-13,12,46,0
677,7,1992,178,1992-09-13,25,2,0
679,7,1992,58,1992-09-13,18,18,0
680,7,1992,123,1992-09-13,17,26,0
684,7,1992,169,1992-09-13,23,11,0
685,7,1992,6,1992-09-13,20,12,0
690,7,1992,171,1992-09-13,11,47,0
692,7,1992,165,1992-09-13,22,12,0
696,7,1992,58,1992-09-13,24,5,0
698,7,1992,146,1992-09-13,15,35,0
700,7,1992,179,1992-09-13,26,0,0
703,7,1992,167,1992-09-13,3,53,4
705,7,1992,119,1992-09-13,10,50,0
707,7,1992,169,1992-09-13,9,50,0
714,7,1992,119,1992-09-13,19,17,0
581,49,1992,141,1992-09-27,19,43,0
619,49,1992,141,1992-09-27,1,71,10
622,49,1992,123,1992-09-27,9,69,0
630,49,1992,178,1992-09-27,6,70,1
645,49,1992,146,1992-09-27,8,69,0
648,49,1992,167,1992-09-27,4,70,3
652,49,1992,117,1992-09-27,3,70,4
655,49,1992,117,1992-09-27,2,71,6
656,49,1992,171,1992-09-27,20,43,0
659,49,1992,6,1992-09-27,21,34,0
671,49,1992,177,1992-09-27,13,68,0
673,49,1992,177,1992-09-27,24,19,0
677,49,1992,178,1992-09-27,10,68,0
679,49,1992,58,1992-09-27,26,2,0
680,49,1992,123,1992-09-27,22,27,0
684,49,1992,169,1992-09-27,23,25,0
685,49,1992,6,1992-09-27,25,12,0
690,49,1992,171,1992-09-27,15,51,0
692,49,1992,165,1992-09-27,14,68,0
696,49,1992,58,1992-09-27,5,70,2
698,49,1992,146,1992-09-27,17,47,0
703,49,1992,167,1992-09-27,7,69,0
705,49,1992,119,1992-09-27,16,48,0
707,49,1992,169,1992-09-27,18,46,0
708,49,1992,165,1992-09-27,12,68,0
714,49,1992,119,1992-09-27,11,68,0
581,53,1992,141,1992-10-25,1,53,10
608,53,1992,119,1992-10-25,20,27,0
619,53,1992,141,1992-10-25,16,44,0
622,53,1992,123,1992-10-25,4,52,3
630,53,1992,178,1992-10-25,15,51,0
645,53,1992,146,1992-10-25,25,3,0
648,53,1992,167,1992-10-25,3,53,4
652,53,1992,117,1992-10-25,26,2,0
655,53,1992,117,1992-10-25,2,53,6
656,53,1992,171,1992-10-25,10,52,0
669,53,1992,6,1992-10-25,12,52,0
671,53,1992,177,1992-10-25,7,52,0
673,53,1992,177,1992-10-25,21,22,0
677,53,1992,178,1992-10-25,8,52,0
679,53,1992,58,1992-10-25,22,15,0
680,53,1992,123,1992-10-25,24,6,0
684,53,1992,169,1992-10-25,18,39,0
685,53,1992,6,1992-10-25,5,52,2
690,53,1992,171,1992-10-25,9,52,0
692,53,1992,165,1992-10-25,14,51,0
696,53,1992,58,1992-10-25,17,44,0
698,53,1992,146,1992-10-25,19,36,0
703,53,1992,167,1992-10-25,23,13,0
707,53,1992,169,1992-10-25,11,52,0
708,53,1992,165,1992-10-25,6,52,1
714,53,1992,119,1992-10-25,13,51,0
581,50,1992,141,1992-11-08,17,50,0
608,50,1992,119,1992-11-08,12,78,0
619,50,1992,141,1992-11-08,20,18,0
622,50,1992,123,1992-11-08,19,29,0
630,50,1992,178,1992-11-08,24,0,0
645,50,1992,146,1992-11-08,5,80,2
648,50,1992,167,1992-11-08,3,81,4
652,50,1992,117,1992-11-08,21,18,0
655,50,1992,117,1992-11-08,1,81,10
656,50,1992,171,1992-11-08,25,0,0
669,50,1992,6,1992-11-08,11,79,0
671,50,1992,177,1992-11-08,6,80,1
673,50,1992,177,1992-11-08,22,7,0
677,50,1992,178,1992-11-08,8,79,0
679,50,1992,58,1992-11-08,13,77,0
680,50,1992,123,1992-11-08,26,0,0
684,50,1992,169,1992-11-08,16,51,0
685,50,1992,6,1992-11-08,4,80,3
690,50,1992,171,1992-11-08,14,70,0
692,50,1992,165,1992-11-08,10,79,0
696,50,1992,58,1992-11-08,7,80,0
698,50,1992,146,1992-11-08,23,4,0
703,50,1992,167,1992-11-08,2,81,6
707,50,1992,169,1992-11-08,18,35,0
708,50,1992,165,1992-11-08,9,79,0
714,50,1992,119,1992-11-08,15,55,0
581,27,1993,167,1993-03-14,11,46,0
613,27,1993,141,1993-03-14,1,72,10
622,27,1993,123,1993-03-14,26,0,0
630,27,1993,81,1993-03-14,9,55,0
631,27,1993,178,1993-03-14,7,69,0
648,27,1993,146,1993-03-14,8,57,0
650,27,1993,169,1993-03-14,17,27,0
652,27,1993,117,1993-03-14,2,72,6
655,27,1993,6,1993-03-14,6,69,1
659,27,1993,177,1993-03-14,24,2,0
677,27,1993,178,1993-03-14,19,21,0
679,27,1993,58,1993-03-14,13,38,0
685,27,1993,6,1993-03-14,16,30,0
690,27,1993,182,1993-03-14,5,70,2
697,27,1993,146,1993-03-14,3,71,4
698,27,1993,169,1993-03-14,10,51,0
701,27,1993,165,1993-03-14,18,21,0
703,27,1993,167,1993-03-14,12,39,0
704,27,1993,58,1993-03-14,22,16,0
705,27,1993,182,1993-03-14,14,33,0
707,27,1993,123,1993-03-14,25,1,0
708,27,1993,165,1993-03-14,4,71,3
712,27,1993,141,1993-03-14,21,16,0
715,27,1993,177,1993-03-14,15,31,0
716,27,1993,81,1993-03-14,20,20,0
717,27,1993,117,1993-03-14,23,4,0
581,37,1993,167,1993-03-28,21,3,0
613,37,1993,141,1993-03-28,16,29,0
622,37,1993,123,1993-03-28,15,48,0
630,37,1993,81,1993-03-28,11,68,0
631,37,1993,178,1993-03-28,9,69,0
648,37,1993,146,1993-03-28,24,0,0
650,37,1993,169,1993-03-28,7,70,0
652,37,1993,117,1993-03-28,1,71,10
655,37,1993,6,1993-03-28,23,0,0
677,37,1993,178,1993-03-28,18,27,0
679,37,1993,58,1993-03-28,4,71,3
685,37,1993,6,1993-03-28,8,70,0
690,37,1993,182,1993-03-28,14,52,0
697,37,1993,146,1993-03-28,5,71,2
698,37,1993,169,1993-03-28,10,69,0
701,37,1993,165,1993-03-28,25,0,0
703,37,1993,167,1993-03-28,3,71,4
704,37,1993,58,1993-03-28,6,70,1
705,37,1993,182,1993-03-28,13,61,0
707,37,1993,123,1993-03-28,19,26,0
708,37,1993,165,1993-03-28,17,28,0
712,37,1993,141,1993-03-28,2,71,6
715,37,1993,177,1993-03-28,20,13,0
716,37,1993,81,1993-03-28,12,68,0
717,37,1993,117,1993-03-28,22,0,0
581,57,1993,167,1993-04-11,5,74,2
613,57,1993,141,1993-04-11,3,75,4
622,57,1993,123,1993-04-11,14,55,0
630,57,1993,81,1993-04-11,11,70,0
631,57,1993,178,1993-04-11,12,66,0
645,57,1993,177,1993-04-11,13,61,0
648,57,1993,146,1993-04-11,23,7,0
650,57,1993,169,1993-04-11,17,27,0
652,57,1993,117,1993-04-11,1,76,10
655,57,1993,6,1993-04-11,20,19,0
677,57,1993,178,1993-04-11,16,29,0
679,57,1993,58,1993-04-11,4,75,3
685,57,1993,6,1993-04-11,15,36,0
690,57,1993,182,1993-04-11,21,13,0
697,57,1993,146,1993-04-11,19,20,0
698,57,1993,169,1993-04-11,9,72,0
701,57,1993,165,1993-04-11,6,74,1
703,57,1993,167,1993-04-11,18,22,0
704,57,1993,58,1993-04-11,8,72,0
705,57,1993,182,1993-04-11,24,0,0
707,57,1993,123,1993-04-11,22,11,0
708,57,1993,165,1993-04-11,7,73,0
712,57,1993,141,1993-04-11,2,76,6
715,57,1993,177,1993-04-11,10,70,0
717,57,1993,117,1993-04-11,25,0,0
581,45,1993,167,1993-04-25,25,0,0
613,45,1993,141,1993-04-25,1,61,10
622,45,1993,123,1993-04-25,20,18,0
631,45,1993,178,1993-04-25,16,29,0
645,45,1993,177,1993-04-25,23,1,0
648,45,1993,146,1993-04-25,3,60,4
650,45,1993,169,1993-04-25,5,59,2
652,45,1993,117,1993-04-25,12,42,0
655,45,1993,6,1993-04-25,22,8,0
677,45,1993,178,1993-04-25,9,54,0
679,45,1993,58,1993-04-25,8,57,0
685,45,1993,6,1993-04-25,13,40,0
690,45,1993,182,1993-04-25,4,59,3
697,45,1993,146,1993-04-25,24,0,0
698,45,1993,169,1993-04-25,19,18,0
701,45,1993,165,1993-04-25,6,59,1
703,45,1993,167,1993-04-25,2,61,6
704,45,1993,58,1993-04-25,10,53,0
705,45,1993,182,1993-04-25,11,48,0
707,45,1993,123,1993-04-25,17,22,0
708,45,1993,165,1993-04-25,14,36,0
712,45,1993,141,1993-04-25,18,20,0
715,45,1993,177,1993-04-25,21,17,0
716,45,1993,81,1993-04-25,7,58,0
717,45,1993,117,1993-04-25,15,32,0
581,56,1993,167,1993-05-09,4,64,3
613,56,1993,141,1993-05-09,1,65,10
622,56,1993,123,1993-05-09,18,42,0
631,56,1993,178,1993-05-09,13,62,0
645,56,1993,177,1993-05-09,11,62,0
648,56,1993,146,1993-05-09,23,11,0
650,56,1993,169,1993-05-09,22,26,0
652,56,1993,117,1993-05-09,2,65,6
655,56,1993,6,1993-05-09,6,63,1
677,56,1993,178,1993-05-09,10,63,0
679,56,1993,58,1993-05-09,25,2,0
685,56,1993,6,1993-05-09,20,40,0
690,56,1993,182,1993-05-09,15,53,0
697,56,1993,146,1993-05-09,7,63,0
698,56,1993,169,1993-05-09,9,63,0
701,56,1993,165,1993-05-09,21,37,0
703,56,1993,167,1993-05-09,3,65,4
704,56,1993,58,1993-05-09,14,60,0
705,56,1993,182,1993-05-09,17,42,0
707,56,1993,123,1993-05-09,24,11,0
708,56,1993,165,1993-05-09,8,63,0
712,56,1993,141,1993-05-09,19,41,0
715,56,1993,177,1993-05-09,12,62,0
716,56,1993,81,1993-05-09,16,43,0
717,56,1993,117,1993-05-09,5,64,2
581,2,1993,167,1993-05-23,16,53,0
613,2,1993,141,1993-05-23,4,77,3
622,2,1993,123,1993-05-23,10,76,0
630,2,1993,81,1993-05-23,22,28,0
631,2,1993,178,1993-05-23,19,43,0
645,2,1993,177,1993-05-23,24,12,0
648,2,1993,146,1993-05-23,6,76,1
650,2,1993,169,1993-05-23,12,75,0
652,2,1993,117,1993-05-23,1,78,10
655,2,1993,6,1993-05-23,14,70,0
677,2,1993,178,1993-05-23,18,46,0
679,2,1993,58,1993-05-23,15,61,0
685,2,1993,6,1993-05-23,3,78,4
690,2,1993,182,1993-05-23,23,23,0
697,2,1993,146,1993-05-23,25,3,0
698,2,1993,169,1993-05-23,17,51,0
701,2,1993,165,1993-05-23,11,75,0
703,2,1993,167,1993-05-23,20,32,0
704,2,1993,58,1993-05-23,7,76,0
705,2,1993,182,1993-05-23,13,74,0
707,2,1993,123,1993-05-23,21,31,0
708,2,1993,165,1993-05-23,5,76,2
712,2,1993,141,1993-05-23,2,78,6
715,2,1993,177,1993-05-23,9,76,0
717,2,1993,117,1993-05-23,8,76,0
581,44,1993,167,1993-06-13,19,52,0
613,44,1993,141,1993-06-13,1,69,10
622,44,1993,123,1993-06-13,20,45,0
631,44,1993,178,1993-06-13,16,65,0
645,44,1993,177,1993-06-13,12,67,0
648,44,1993,146,1993-06-13,5,68,2
650,44,1993,169,1993-06-13,25,8,0
652,44,1993,117,1993-06-13,18,62,0
655,44,1993,6,1993-06-13,4,68,3
677,44,1993,178,1993-06-13,13,66,0
679,44,1993,58,1993-06-13,10,67,0
685,44,1993,6,1993-06-13,22,33,0
690,44,1993,182,1993-06-13,7,68,0
697,44,1993,146,1993-06-13,23,13,0
698,44,1993,169,1993-06-13,8,68,0
701,44,1993,165,1993-06-13,21,33,0
703,44,1993,167,1993-06-13,2,69,6
704,44,1993,58,1993-06-13,11,67,0
705,44,1993,182,1993-06-13,6,68,1
707,44,1993,123,1993-06-13,17,64,0
708,44,1993,165,1993-06-13,9,67,0
712,44,1993,141,1993-06-13,3,69,4
715,44,1993,177,1993-06-13,24,10,0
716,44,1993,81,1993-06-13,15,65,0
717,44,1993,117,1993-06-13,14,66,0
581,55,1993,167,1993-07-04,10,70,0
613,55,1993,141,1993-07-04,1,72,10
622,55,1993,123,1993-07-04,15,68,0
631,55,1993,178,1993-07-04,13,70,0
645,55,1993,177,1993-07-04,11,70,0
648,55,1993,146,1993-07-04,5,72,2
650,55,1993,169,1993-07-04,9,70,0
652,55,1993,117,1993-07-04,4,72,3
655,55,1993,6,1993-07-04,14,70,0
677,55,1993,178,1993-07-04,12,70,0
679,55,1993,58,1993-07-04,22,16,0
685,55,1993,6,1993-07-04,17,47,0
690,55,1993,182,1993-07-04,20,22,0
697,55,1993,146,1993-07-04,21,20,0
698,55,1993,169,1993-07-04,16,66,0
701,55,1993,165,1993-07-04,23,16,0
703,55,1993,167,1993-07-04,3,72,4
704,55,1993,58,1993-07-04,25,9,0
705,55,1993,182,1993-07-04,19,25,0
707,55,1993,123,1993-07-04,24,16,0
708,55,1993,165,1993-07-04,8,71,0
712,55,1993,141,1993-07-04,2,72,6
715,55,1993,177,1993-07-04,7,71,0
716,55,1993,81,1993-07-04,18,28,0
717,55,1993,117,1993-07-04,6,71,1
581,1,1993,167,1993-07-11,3,59,4
613,1,1993,141,1993-07-11,1,59,10
622,1,1993,123,1993-07-11,15,43,0
631,1,1993,178,1993-07-11,6,58,1
645,1,1993,177,1993-07-11,18,41,0
648,1,1993,146,1993-07-11,14,53,0
650,1,1993,169,1993-07-11,11,57,0
652,1,1993,117,1993-07-11,5,58,2
655,1,1993,6,1993-07-11,22,10,0
656,1,1993,165,1993-07-11,20,31,0
677,1,1993,178,1993-07-11,23,8,0
679,1,1993,58,1993-07-11,4,59,3
685,1,1993,6,1993-07-11,9,58,0
690,1,1993,182,1993-07-11,8,58,0
697,1,1993,146,1993-07-11,7,58,0
698,1,1993,169,1993-07-11,25,0,0
703,1,1993,167,1993-07-11,2,59,6
704,1,1993,58,1993-07-11,17,41,0
705,1,1993,182,1993-07-11,21,24,0
707,1,1993,123,1993-07-11,13,55,0
708,1,1993,165,1993-07-11,12,56,0
712,1,1993,141,1993-07-11,16,41,0
715,1,1993,177,1993-07-11,10,58,0
716,1,1993,81,1993-07-11,19,32,0
717,1,1993,117,1993-07-11,24,0,0
581,33,1993,167,1993-07-25,5,45,2
613,33,1993,141,1993-07-25,1,45,10
622,33,1993,123,1993-07-25,25,1,0
630,33,1993,81,1993-07-25,16,43,0
631,33,1993,178,1993-07-25,17,42,0
645,33,1993,177,1993-07-25,13,44,0
648,33,1993,146,1993-07-25,8,44,0
650,33,1993,169,1993-07-25,12,44,0
652,33,1993,117,1993-07-25,4,45,3
655,33,1993,6,1993-07-25,6,45,1
656,33,1993,165,1993-07-25,14,44,0
677,33,1993,178,1993-07-25,22,9,0
679,33,1993,58,1993-07-25,10,44,0
685,33,1993,6,1993-07-25,7,45,0
690,33,1993,182,1993-07-25,20,22,0
697,33,1993,146,1993-07-25,3,45,4
698,33,1993,169,1993-07-25,26,0,0
703,33,1993,167,1993-07-25,2,45,6
704,33,1993,58,1993-07-25,21,19,0
705,33,1993,182,1993-07-25,9,44,0
707,33,1993,123,1993-07-25,19,28,0
708,33,1993,165,1993-07-25,11,44,0
712,33,1993,141,1993-07-25,15,43,0
715,33,1993,177,1993-07-25,18,34,0
716,33,1993,81,1993-07-25,24,4,0
717,33,1993,117,1993-07-25,23,4,0
581,52,1993,167,1993-08-15,2,77,6
613,52,1993,141,1993-08-15,12,70,0
622,52,1993,123,1993-08-15,11,72,0
630,52,1993,81,1993-08-15,17,39,0
631,52,1993,178,1993-08-15,4,76,3
645,52,1993,177,1993-08-15,9,75,0
648,52,1993,146,1993-08-15,5,76,2
650,52,1993,169,1993-08-15,8,75,0
652,52,1993,117,1993-08-15,24,17,0
655,52,1993,6,1993-08-15,3,77,4
656,52,1993,165,1993-08-15,13,59,0
677,52,1993,178,1993-08-15,16,41,0
679,52,1993,58,1993-08-15,18,38,0
685,52,1993,6,1993-08-15,22,22,0
690,52,1993,182,1993-08-15,23,18,0
697,52,1993,146,1993-08-15,7,76,0
698,52,1993,169,1993-08-15,14,54,0
703,52,1993,167,1993-08-15,20,26,0
704,52,1993,58,1993-08-15,15,45,0
705,52,1993,182,1993-08-15,6,76,1
707,52,1993,123,1993-08-15,10,73,0
708,52,1993,165,1993-08-15,21,22,0
712,52,1993,141,1993-08-15,1,77,10
715,52,1993,177,1993-08-15,26,0,0
716,52,1993,81,1993-08-15,19,37,0
717,52,1993,117,1993-08-15,25,15,0
581,5,1993,167,1993-08-29,6,43,1
613,5,1993,141,1993-08-29,3,44,4
622,5,1993,123,1993-08-29,19,24,0
630,5,1993,81,1993-08-29,14,41,0
631,5,1993,178,1993-08-29,17,28,0
645,5,1993,177,1993-08-29,25,0,0
648,5,1993,146,1993-08-29,7,43,0
650,5,1993,169,1993-08-29,12,42,0
652,5,1993,117,1993-08-29,4,44,3
655,5,1993,6,1993-08-29,10,42,0
656,5,1993,165,1993-08-29,21,15,0
677,5,1993,178,1993-08-29,22,14,0
679,5,1993,58,1993-08-29,5,43,2
685,5,1993,6,1993-08-29,24,4,0
690,5,1993,182,1993-08-29,9,43,0
697,5,1993,146,1993-08-29,11,42,0
698,5,1993,169,1993-08-29,16,37,0
703,5,1993,167,1993-08-29,2,44,6
704,5,1993,58,1993-08-29,26,0,0
705,5,1993,182,1993-08-29,18,27,0
707,5,1993,123,1993-08-29,15,40,0
708,5,1993,165,1993-08-29,20,15,0
712,5,1993,141,1993-08-29,1,44,10
715,5,1993,177,1993-08-29,23,11,0
716,5,1993,81,1993-08-29,13,42,0
717,5,1993,117,1993-08-29,8,43,0
581,7,1993,167,1993-09-12,5,52,2
613,7,1993,141,1993-09-12,12,48,0
622,7,1993,123,1993-09-12,13,47,0
630,7,1993,81,1993-09-12,15,23,0
631,7,1993,178,1993-09-12,23,0,0
648,7,1993,146,1993-09-12,20,8,0
650,7,1993,169,1993-09-12,9,51,0
652,7,1993,117,1993-09-12,21,8,0
655,7,1993,6,1993-09-12,18,15,0
656,7,1993,165,1993-09-12,7,51,0
677,7,1993,178,1993-09-12,22,0,0
679,7,1993,58,1993-09-12,19,14,0
685,7,1993,6,1993-09-12,2,53,6
690,7,1993,182,1993-09-12,24,0,0
697,7,1993,146,1993-09-12,17,20,0
698,7,1993,169,1993-09-12,6,52,1
703,7,1993,167,1993-09-12,16,21,0
705,7,1993,182,1993-09-12,4,52,3
707,7,1993,123,1993-09-12,14,47,0
708,7,1993,165,1993-09-12,8,51,0
712,7,1993,141,1993-09-12,1,53,10
715,7,1993,177,1993-09-12,25,0,0
716,7,1993,81,1993-09-12,10,51,0
717,7,1993,117,1993-09-12,3,52,4
718,7,1993,58,1993-09-12,11,49,0
719,7,1993,177,1993-09-12,26,0,0
581,49,1993,167,1993-09-26,16,63,0
613,49,1993,141,1993-09-26,2,71,6
622,49,1993,123,1993-09-26,12,68,0
630,49,1993,81,1993-09-26,20,38,0
631,49,1993,178,1993-09-26,15,63,0
648,49,1993,146,1993-09-26,6,70,1
650,49,1993,169,1993-09-26,10,69,0
652,49,1993,117,1993-09-26,24,19,0
655,49,1993,6,1993-09-26,21,35,0
656,49,1993,165,1993-09-26,8,69,0
677,49,1993,178,1993-09-26,23,27,0
679,49,1993,58,1993-09-26,18,60,0
685,49,1993,6,1993-09-26,4,71,3
690,49,1993,182,1993-09-26,7,69,0
696,49,1993,117,1993-09-26,22,32,0
697,49,1993,146,1993-09-26,19,51,0
698,49,1993,169,1993-09-26,11,68,0
703,49,1993,167,1993-09-26,1,71,10
705,49,1993,182,1993-09-26,5,70,2
707,49,1993,123,1993-09-26,25,12,0
708,49,1993,165,1993-09-26,9,69,0
712,49,1993,141,1993-09-26,3,71,4
714,49,1993,177,1993-09-26,26,8,0
715,49,1993,177,1993-09-26,13,68,0
716,49,1993,81,1993-09-26,14,68,0
718,49,1993,58,1993-09-26,17,61,0
581,53,1993,167,1993-10-24,15,45,0
613,53,1993,141,1993-10-24,2,53,6
622,53,1993,123,1993-10-24,24,0,0
631,53,1993,178,1993-10-24,14,48,0
648,53,1993,146,1993-10-24,9,51,0
652,53,1993,117,1993-10-24,1,53,10
655,53,1993,6,1993-10-24,16,40,0
656,53,1993,165,1993-10-24,10,51,0
677,53,1993,178,1993-10-24,17,28,0
679,53,1993,58,1993-10-24,11,51,0
685,53,1993,6,1993-10-24,23,7,0
690,53,1993,182,1993-10-24,8,52,0
696,53,1993,117,1993-10-24,3,53,4
697,53,1993,146,1993-10-24,7,52,0
698,53,1993,169,1993-10-24,21,17,0
703,53,1993,167,1993-10-24,22,10,0
705,53,1993,182,1993-10-24,20,25,0
707,53,1993,123,1993-10-24,19,26,0
712,53,1993,141,1993-10-24,4,53,3
715,53,1993,177,1993-10-24,5,53,2
718,53,1993,58,1993-10-24,13,49,0
720,53,1993,177,1993-10-24,6,53,1
721,53,1993,169,1993-10-24,12,51,0
722,53,1993,165,1993-10-24,18,26,0
581,50,1993,167,1993-11-07,8,77,0
613,50,1993,141,1993-11-07,2,79,6
622,50,1993,123,1993-11-07,13,75,0
631,50,1993,178,1993-11-07,10,77,0
648,50,1993,146,1993-11-07,6,78,1
652,50,1993,117,1993-11-07,1,79,10
655,50,1993,6,1993-11-07,5,78,2
656,50,1993,165,1993-11-07,23,5,0
677,50,1993,178,1993-11-07,7,78,0
679,50,1993,58,1993-11-07,22,9,0
685,50,1993,6,1993-11-07,4,78,3
690,50,1993,182,1993-11-07,16,56,0
696,50,1993,117,1993-11-07,18,28,0
697,50,1993,146,1993-11-07,9,77,0
698,50,1993,169,1993-11-07,12,76,0
703,50,1993,167,1993-11-07,19,19,0
705,50,1993,182,1993-11-07,15,73,0
707,50,1993,123,1993-11-07,20,11,0
712,50,1993,141,1993-11-07,3,79,4
715,50,1993,177,1993-11-07,11,76,0
718,50,1993,58,1993-11-07,24,0,0
720,50,1993,177,1993-11-07,21,10,0
721,50,1993,169,1993-11-07,14,74,0
722,50,1993,165,1993-11-07,17,34,0
630,37,1994,165,1994-03-27,22,7,0
648,37,1994,117,1994-03-27,14,34,0
652,37,1994,141,1994-03-27,13,55,0
655,37,1994,6,1994-03-27,24,5,0
656,37,1994,165,1994-03-27,8,69,0
679,37,1994,58,1994-03-27,7,69,0
684,37,1994,183,1994-03-27,26,1,0
685,37,1994,6,1994-03-27,3,70,4
687,37,1994,146,1994-03-27,17,33,0
692,37,1994,178,1994-03-27,23,5,0
695,37,1994,184,1994-03-27,12,67,0
696,37,1994,117,1994-03-27,21,13,0
697,37,1994,123,1994-03-27,18,21,0
698,37,1994,169,1994-03-27,9,68,0
703,37,1994,167,1994-03-27,1,71,10
705,37,1994,182,1994-03-27,6,69,1
707,37,1994,123,1994-03-27,5,69,2
708,37,1994,178,1994-03-27,19,21,0
712,37,1994,141,1994-03-27,2,70,6
715,37,1994,177,1994-03-27,4,70,3
718,37,1994,58,1994-03-27,10,68,0
720,37,1994,177,1994-03-27,15,34,0
723,37,1994,146,1994-03-27,11,68,0
724,37,1994,167,1994-03-27,16,34,0
725,37,1994,182,1994-03-27,20,15,0
726,37,1994,169,1994-03-27,25,2,0
630,58,1994,165,1994-04-17,14,69,0
648,58,1994,117,1994-04-17,15,67,0
652,58,1994,141,1994-04-17,24,0,0
655,58,1994,6,1994-04-17,2,83,6
656,58,1994,165,1994-04-17,16,63,0
669,58,1994,6,1994-04-17,25,0,0
677,58,1994,177,1994-04-17,19,44,0
679,58,1994,58,1994-04-17,7,80,0
687,58,1994,146,1994-04-17,10,78,0
692,58,1994,178,1994-04-17,12,69,0
695,58,1994,184,1994-04-17,23,2,0
696,58,1994,117,1994-04-17,21,19,0
697,58,1994,123,1994-04-17,26,0,0
698,58,1994,169,1994-04-17,6,80,1
703,58,1994,167,1994-04-17,1,83,10
705,58,1994,182,1994-04-17,13,69,0
707,58,1994,123,1994-04-17,20,42,0
708,58,1994,178,1994-04-17,4,82,3
712,58,1994,141,1994-04-17,18,49,0
715,58,1994,177,1994-04-17,3,82,4
718,58,1994,58,1994-04-17,8,79,0
723,58,1994,146,1994-04-17,9,78,0
724,58,1994,167,1994-04-17,17,54,0
725,58,1994,182,1994-04-17,5,82,2
726,58,1994,169,1994-04-17,22,14,0
727,58,1994,184,1994-04-17,11,78,0
622,45,1994,177,1994-05-01,14,49,0
630,45,1994,165,1994-05-01,15,44,0
648,45,1994,117,1994-05-01,8,57,0
652,45,1994,141,1994-05-01,22,5,0
655,45,1994,6,1994-05-01,21,16,0
656,45,1994,165,1994-05-01,17,37,0
669,45,1994,6,1994-05-01,2,58,6
679,45,1994,58,1994-05-01,10,56,0
684,45,1994,183,1994-05-01,19,23,0
687,45,1994,146,1994-05-01,12,55,0
690,45,1994,167,1994-05-01,24,0,0
692,45,1994,178,1994-05-01,16,40,0
695,45,1994,184,1994-05-01,18,27,0
696,45,1994,117,1994-05-01,3,58,4
697,45,1994,123,1994-05-01,9,56,0
698,45,1994,169,1994-05-01,23,5,0
703,45,1994,167,1994-05-01,1,58,10
705,45,1994,182,1994-05-01,4,58,3
707,45,1994,123,1994-05-01,5,57,2
708,45,1994,178,1994-05-01,13,54,0
712,45,1994,141,1994-05-01,6,57,1
715,45,1994,177,1994-05-01,27,0,0
718,45,1994,58,1994-05-01,25,0,0
723,45,1994,146,1994-05-01,11,56,0
725,45,1994,182,1994-05-01,7,57,0
726,45,1994,169,1994-05-01,20,17,0
727,45,1994,184,1994-05-01,26,0,0
622,2,1994,177,1994-05-15,4,77,3
630,2,1994,165,1994-05-15,6,77,1
648,2,1994,117,1994-05-15,2,78,6
655,2,1994,6,1994-05-15,3,78,4
656,2,1994,165,1994-05-15,24,0,0
679,2,1994,58,1994-05-15,12,68,0
684,2,1994,183,1994-05-15,14,49,0
685,2,1994,6,1994-05-15,5,77,2
687,2,1994,146,1994-05-15,19,34,0
690,2,1994,167,1994-05-15,7,77,0
692,2,1994,178,1994-05-15,23,0,0
695,2,1994,184,1994-05-15,16,45,0
696,2,1994,117,1994-05-15,21,0,0
697,2,1994,123,1994-05-15,17,40,0
698,2,1994,169,1994-05-15,10,75,0
703,2,1994,167,1994-05-15,1,78,10
705,2,1994,182,1994-05-15,26,0,0
707,2,1994,123,1994-05-15,18,38,0
708,2,1994,178,1994-05-15,15,47,0
709,2,1994,183,1994-05-15,13,53,0
712,2,1994,141,1994-05-15,22,0,0
715,2,1994,177,1994-05-15,20,27,0
718,2,1994,58,1994-05-15,11,73,0
723,2,1994,146,1994-05-15,9,76,0
725,2,1994,182,1994-05-15,25,0,0
726,2,1994,169,1994-05-15,8,76,0
630,56,1994,165,1994-05-29,24,4,0
648,56,1994,117,1994-05-29,11,59,0
655,56,1994,6,1994-05-29,19,27,0
656,56,1994,165,1994-05-29,5,64,2
679,56,1994,58,1994-05-29,14,41,0
684,56,1994,183,1994-05-29,18,32,0
685,56,1994,6,1994-05-29,4,64,3
687,56,1994,146,1994-05-29,8,62,0
690,56,1994,167,1994-05-29,12,53,0
692,56,1994,178,1994-05-29,20,24,0
695,56,1994,184,1994-05-29,10,61,0
696,56,1994,117,1994-05-29,13,48,0
697,56,1994,123,1994-05-29,3,65,4
698,56,1994,169,1994-05-29,22,19,0
703,56,1994,167,1994-05-29,2,65,6
704,56,1994,58,1994-05-29,9,62,0
707,56,1994,123,1994-05-29,23,16,0
708,56,1994,178,1994-05-29,16,35,0
709,56,1994,183,1994-05-29,25,2,0
712,56,1994,141,1994-05-29,1,65,10
715,56,1994,177,1994-05-29,15,39,0
720,56,1994,177,1994-05-29,6,64,1
723,56,1994,146,1994-05-29,7,63,0
725,56,1994,182,1994-05-29,21,21,0
726,56,1994,169,1994-05-29,26,0,0
728,56,1994,141,1994-05-29,17,32,0
729,56,1994,184,1994-05-29,27,0,0
622,44,1994,182,1994-06-12,24,24,0
630,44,1994,165,1994-06-12,11,67,0
648,44,1994,117,1994-06-12,26,3,0
655,44,1994,6,1994-06-12,4,69,3
656,44,1994,165,1994-06-12,9,68,0
679,44,1994,58,1994-06-12,8,68,0
684,44,1994,183,1994-06-12,20,47,0
685,44,1994,6,1994-06-12,3,69,4
687,44,1994,146,1994-06-12,13,66,0
690,44,1994,167,1994-06-12,6,68,1
692,44,1994,178,1994-06-12,19,50,0
695,44,1994,184,1994-06-12,14,65,0
696,44,1994,117,1994-06-12,17,61,0
697,44,1994,123,1994-06-12,10,67,0
698,44,1994,169,1994-06-12,21,45,0
703,44,1994,167,1994-06-12,1,69,10
704,44,1994,58,1994-06-12,15,62,0
707,44,1994,123,1994-06-12,22,44,0
708,44,1994,178,1994-06-12,16,68,0
712,44,1994,141,1994-06-12,2,69,6
715,44,1994,177,1994-06-12,7,68,0
720,44,1994,177,1994-06-12,23,40,0
723,44,1994,146,1994-06-12,12,67,0
725,44,1994,182,1994-06-12,25,5,0
726,44,1994,169,1994-06-12,18,57,0
728,44,1994,141,1994-06-12,5,68,2
619,55,1994,141,1994-07-03,14,45,0
622,55,1994,182,1994-07-03,6,70,1
630,55,1994,165,1994-07-03,25,21,0
648,55,1994,117,1994-07-03,19,29,0
655,55,1994,6,1994-07-03,3,72,4
656,55,1994,165,1994-07-03,5,70,2
679,55,1994,58,1994-07-03,7,70,0
685,55,1994,6,1994-07-03,15,41,0
687,55,1994,146,1994-07-03,17,40,0
692,55,1994,178,1994-07-03,20,28,0
695,55,1994,184,1994-07-03,22,28,0
696,55,1994,117,1994-07-03,13,48,0
697,55,1994,123,1994-07-03,10,67,0
698,55,1994,169,1994-07-03,11,66,0
703,55,1994,167,1994-07-03,1,72,10
704,55,1994,58,1994-07-03,26,20,0
707,55,1994,123,1994-07-03,12,53,0
708,55,1994,178,1994-07-03,8,70,0
712,55,1994,141,1994-07-03,2,72,6
715,55,1994,177,1994-07-03,16,41,0
720,55,1994,177,1994-07-03,24,24,0
722,55,1994,184,1994-07-03,9,68,0
723,55,1994,146,1994-07-03,21,28,0
724,55,1994,167,1994-07-03,23,25,0
725,55,1994,182,1994-07-03,4,71,3
726,55,1994,169,1994-07-03,18,36,0
622,1,1994,182,1994-07-10,22,11,0
630,1,1994,165,1994-07-10,18,48,0
648,1,1994,117,1994-07-10,25,0,0
655,1,1994,6,1994-07-10,19,32,0
656,1,1994,165,1994-07-10,10,58,0
679,1,1994,58,1994-07-10,11,58,0
685,1,1994,6,1994-07-10,2,60,6
687,1,1994,146,1994-07-10,13,58,0
692,1,1994,178,1994-07-10,23,5,0
695,1,1994,184,1994-07-10,15,57,0
696,1,1994,117,1994-07-10,3,60,4
697,1,1994,123,1994-07-10,20,20,0
698,1,1994,169,1994-07-10,21,12,0
703,1,1994,167,1994-07-10,17,60,0
704,1,1994,58,1994-07-10,24,4,0
707,1,1994,123,1994-07-10,6,59,1
708,1,1994,178,1994-07-10,9,58,0
712,1,1994,141,1994-07-10,1,60,10
715,1,1994,177,1994-07-10,4,60,3
720,1,1994,177,1994-07-10,26,0,0
722,1,1994,184,1994-07-10,16,57,0
723,1,1994,146,1994-07-10,12,58,0
724,1,1994,167,1994-07-10,8,59,0
725,1,1994,182,1994-07-10,7,59,0
726,1,1994,169,1994-07-10,14,58,0
728,1,1994,141,1994-07-10,5,59,2
622,33,1994,182,1994-07-31,23,0,0
630,33,1994,165,1994-07-31,26,0,0
648,33,1994,117,1994-07-31,12,19,0
655,33,1994,6,1994-07-31,1,45,10
656,33,1994,165,1994-07-31,24,0,0
679,33,1994,58,1994-07-31,22,0,0
685,33,1994,6,1994-07-31,16,1,0
687,33,1994,146,1994-07-31,3,45,4
692,33,1994,178,1994-07-31,5,45,2
695,33,1994,184,1994-07-31,10,37,0
696,33,1994,117,1994-07-31,18,0,0
697,33,1994,123,1994-07-31,17,0,0
698,33,1994,169,1994-07-31,6,45,1
703,33,1994,167,1994-07-31,11,20,0
704,33,1994,58,1994-07-31,25,0,0
707,33,1994,123,1994-07-31,15,6,0
708,33,1994,178,1994-07-31,4,45,3
712,33,1994,141,1994-07-31,8,44,0
715,33,1994,177,1994-07-31,21,0,0
720,33,1994,177,1994-07-31,20,0,0
722,33,1994,184,1994-07-31,9,39,0
723,33,1994,146,1994-07-31,2,45,6
724,33,1994,167,1994-07-31,14,15,0
725,33,1994,182,1994-07-31,19,0,0
726,33,1994,169,1994-07-31,7,44,0
728,33,1994,141,1994-07-31,13,17,0
622,52,1994,182,1994-08-14,20,30,0
630,52,1994,165,1994-08-14,7,75,0
648,52,1994,117,1994-08-14,4,76,3
650,52,1994,117,1994-08-14,22,21,0
655,52,1994,6,1994-08-14,12,72,0
656,52,1994,165,1994-08-14,17,58,0
679,52,1994,58,1994-08-14,19,34,0
685,52,1994,6,1994-08-14,16,58,0
687,52,1994,146,1994-08-14,10,75,0
692,52,1994,178,1994-08-14,21,30,0
695,52,1994,184,1994-08-14,11,74,0
697,52,1994,123,1994-08-14,5,76,2
698,52,1994,169,1994-08-14,8,75,0
703,52,1994,167,1994-08-14,1,77,10
704,52,1994,58,1994-08-14,13,72,0
707,52,1994,123,1994-08-14,24,0,0
708,52,1994,178,1994-08-14,14,69,0
712,52,1994,141,1994-08-14,2,77,6
715,52,1994,177,1994-08-14,26,0,0
720,52,1994,177,1994-08-14,25,0,0
722,52,1994,184,1994-08-14,23,9,0
723,52,1994,146,1994-08-14,6,76,1
724,52,1994,167,1994-08-14,3,77,4
725,52,1994,182,1994-08-14,18,39,0
726,52,1994,169,1994-08-14,9,75,0
728,52,1994,141,1994-08-14,15,59,0
622,5,1994,182,1994-08-28,17,27,0
630,5,1994,165,1994-08-28,9,43,0
648,5,1994,117,1994-08-28,18,24,0
650,5,1994,169,1994-08-28,23,11,0
655,5,1994,6,1994-08-28,22,11,0
656,5,1994,165,1994-08-28,8,43,0
679,5,1994,58,1994-08-28,12,41,0
685,5,1994,6,1994-08-28,26,2,0
687,5,1994,146,1994-08-28,10,42,0
692,5,1994,178,1994-08-28,6,43,1
695,5,1994,184,1994-08-28,16,29,0
696,5,1994,117,1994-08-28,2,44,6
697,5,1994,123,1994-08-28,5,43,2
698,5,1994,169,1994-08-28,25,3,0
703,5,1994,167,1994-08-28,14,44,0
707,5,1994,123,1994-08-28,20,18,0
708,5,1994,178,1994-08-28,15,33,0
712,5,1994,141,1994-08-28,1,44,10
715,5,1994,177,1994-08-28,19,19,0
720,5,1994,177,1994-08-28,13,40,0
722,5,1994,184,1994-08-28,11,42,0
723,5,1994,146,1994-08-28,7,43,0
724,5,1994,167,1994-08-28,3,44,4
725,5,1994,182,1994-08-28,24,10,0
728,5,1994,141,1994-08-28,4,44,3
730,5,1994,58,1994-08-28,21,15,0
622,7,1994,182,1994-09-11,19,20,0
630,7,1994,165,1994-09-11,17,28,0
648,7,1994,117,1994-09-11,5,53,2
655,7,1994,6,1994-09-11,2,53,6
656,7,1994,165,1994-09-11,16,30,0
670,7,1994,169,1994-09-11,21,18,0
679,7,1994,58,1994-09-11,23,13,0
685,7,1994,6,1994-09-11,22,14,0
687,7,1994,146,1994-09-11,7,52,0
690,7,1994,167,1994-09-11,9,52,0
692,7,1994,178,1994-09-11,26,0,0
695,7,1994,184,1994-09-11,11,46,0
696,7,1994,117,1994-09-11,3,53,4
697,7,1994,123,1994-09-11,15,39,0
698,7,1994,169,1994-09-11,8,52,0
704,7,1994,58,1994-09-11,25,0,0
707,7,1994,123,1994-09-11,12,45,0
708,7,1994,178,1994-09-11,13,43,0
712,7,1994,141,1994-09-11,1,53,10
715,7,1994,177,1994-09-11,4,53,3
720,7,1994,177,1994-09-11,14,41,0
722,7,1994,184,1994-09-11,20,20,0
723,7,1994,146,1994-09-11,10,51,0
724,7,1994,167,1994-09-11,24,0,0
725,7,1994,182,1994-09-11,18,22,0
728,7,1994,141,1994-09-11,6,52,1
622,49,1994,182,1994-09-25,20,54,0
630,49,1994,165,1994-09-25,13,69,0
648,49,1994,117,1994-09-25,6,71,1
655,49,1994,6,1994-09-25,26,7,0
656,49,1994,165,1994-09-25,12,69,0
670,49,1994,169,1994-09-25,14,69,0
679,49,1994,58,1994-09-25,11,70,0
685,49,1994,6,1994-09-25,21,38,0
687,49,1994,146,1994-09-25,10,70,0
690,49,1994,167,1994-09-25,19,60,0
692,49,1994,178,1994-09-25,9,70,0
695,49,1994,184,1994-09-25,22,36,0
696,49,1994,117,1994-09-25,3,71,4
697,49,1994,123,1994-09-25,18,61,0
698,49,1994,169,1994-09-25,24,27,0
707,49,1994,123,1994-09-25,25,26,0
708,49,1994,178,1994-09-25,8,70,0
712,49,1994,141,1994-09-25,1,71,10
715,49,1994,177,1994-09-25,4,71,3
720,49,1994,177,1994-09-25,7,70,0
722,49,1994,184,1994-09-25,15,67,0
723,49,1994,146,1994-09-25,17,70,0
724,49,1994,167,1994-09-25,5,71,2
725,49,1994,182,1994-09-25,23,31,0
728,49,1994,141,1994-09-25,2,71,6
730,49,1994,58,1994-09-25,16,67,0
619,51,1994,141,1994-10-16,20,47,0
622,51,1994,182,1994-10-16,22,37,0
630,51,1994,165,1994-10-16,14,67,0
648,51,1994,117,1994-10-16,26,8,0
655,51,1994,6,1994-10-16,5,68,2
656,51,1994,165,1994-10-16,15,67,0
679,51,1994,146,1994-10-16,8,68,0
685,51,1994,6,1994-10-16,10,68,0
687,51,1994,58,1994-10-16,18,66,0
692,51,1994,178,1994-10-16,11,68,0
695,51,1994,184,1994-10-16,21,42,0
696,51,1994,117,1994-10-16,3,69,4
697,51,1994,123,1994-10-16,13,68,0
698,51,1994,169,1994-10-16,23,37,0
703,51,1994,167,1994-10-16,1,69,10
704,51,1994,58,1994-10-16,16,67,0
707,51,1994,123,1994-10-16,7,68,0
708,51,1994,178,1994-10-16,17,66,0
712,51,1994,141,1994-10-16,2,69,6
715,51,1994,177,1994-10-16,12,68,0
720,51,1994,177,1994-10-16,4,69,3
723,51,1994,146,1994-10-16,9,68,0
724,51,1994,167,1994-10-16,24,15,0
725,51,1994,182,1994-10-16,6,68,1
731,51,1994,184,1994-10-16,19,64,0
732,51,1994,169,1994-10-16,25,10,0
619,53,1994,141,1994-11-06,4,50,3
630,53,1994,165,1994-11-06,21,10,0
648,53,1994,117,1994-11-06,16,13,0
655,53,1994,6,1994-11-06,18,10,0
656,53,1994,165,1994-11-06,20,10,0
679,53,1994,167,1994-11-06,22,3,0
685,53,1994,6,1994-11-06,3,50,4
690,53,1994,182,1994-11-06,25,0,0
692,53,1994,178,1994-11-06,17,13,0
695,53,1994,184,1994-11-06,12,48,0
696,53,1994,117,1994-11-06,7,50,0
697,53,1994,123,1994-11-06,14,26,0
698,53,1994,169,1994-11-06,9,49,0
703,53,1994,167,1994-11-06,2,50,6
704,53,1994,58,1994-11-06,13,48,0
707,53,1994,123,1994-11-06,23,3,0
708,53,1994,178,1994-11-06,8,49,0
712,53,1994,141,1994-11-06,1,50,10
715,53,1994,177,1994-11-06,15,16,0
720,53,1994,177,1994-11-06,5,50,2
723,53,1994,146,1994-11-06,11,49,0
725,53,1994,182,1994-11-06,6,50,1
732,53,1994,169,1994-11-06,26,0,0
733,53,1994,58,1994-11-06,10,49,0
734,53,1994,146,1994-11-06,19,10,0
735,53,1994,184,1994-11-06,24,3,0
619,50,1994,141,1994-11-13,1,81,10
630,50,1994,165,1994-11-13,13,69,0
648,50,1994,117,1994-11-13,3,81,4
655,50,1994,6,1994-11-13,2,81,6
656,50,1994,165,1994-11-13,9,79,0
679,50,1994,167,1994-11-13,26,13,0
685,50,1994,6,1994-11-13,6,80,1
690,50,1994,182,1994-11-13,10,79,0
692,50,1994,178,1994-11-13,24,17,0
695,50,1994,184,1994-11-13,17,49,0
696,50,1994,117,1994-11-13,12,76,0
697,50,1994,123,1994-11-13,14,66,0
703,50,1994,167,1994-11-13,20,35,0
704,50,1994,58,1994-11-13,18,40,0
707,50,1994,123,1994-11-13,22,19,0
708,50,1994,178,1994-11-13,8,80,0
712,50,1994,141,1994-11-13,19,35,0
715,50,1994,177,1994-11-13,4,81,3
720,50,1994,177,1994-11-13,25,15,0
723,50,1994,146,1994-11-13,5,80,2
725,50,1994,182,1994-11-13,7,80,0
731,50,1994,184,1994-11-13,21,21,0
732,50,1994,169,1994-11-13,23,18,0
733,50,1994,58,1994-11-13,16,49,0
734,50,1994,146,1994-11-13,11,79,0
736,50,1994,169,1994-11-13,15,56,0
639,37,1995,185,1995-03-26,14,47,0
655,37,1995,6,1995-03-26,3,70,4
656,37,1995,165,1995-03-26,26,0,0
677,37,1995,146,1995-03-26,8,69,0
679,37,1995,167,1995-03-26,17,30,0
684,37,1995,183,1995-03-26,18,23,0
685,37,1995,6,1995-03-26,5,70,2
692,37,1995,178,1995-03-26,11,62,0
696,37,1995,117,1995-03-26,4,70,3
697,37,1995,117,1995-03-26,6,70,1
703,37,1995,167,1995-03-26,1,71,10
705,37,1995,182,1995-03-26,15,41,0
707,37,1995,123,1995-03-26,21,15,0
712,37,1995,141,1995-03-26,16,30,0
715,37,1995,177,1995-03-26,19,16,0
716,37,1995,165,1995-03-26,13,47,0
720,37,1995,177,1995-03-26,22,15,0
723,37,1995,146,1995-03-26,25,0,0
724,37,1995,184,1995-03-26,20,16,0
725,37,1995,182,1995-03-26,24,10,0
728,37,1995,141,1995-03-26,2,71,6
729,37,1995,183,1995-03-26,9,65,0
731,37,1995,184,1995-03-26,23,12,0
733,37,1995,123,1995-03-26,7,69,0
735,37,1995,178,1995-03-26,12,48,0
737,37,1995,185,1995-03-26,10,64,0
639,12,1995,185,1995-04-09,11,63,0
655,12,1995,6,1995-04-09,6,70,1
656,12,1995,165,1995-04-09,14,44,0
677,12,1995,146,1995-04-09,13,47,0
679,12,1995,167,1995-04-09,4,71,3
684,12,1995,183,1995-04-09,24,0,0
685,12,1995,6,1995-04-09,2,72,6
692,12,1995,178,1995-04-09,15,43,0
696,12,1995,117,1995-04-09,23,0,0
697,12,1995,117,1995-04-09,20,9,0
703,12,1995,167,1995-04-09,3,72,4
705,12,1995,182,1995-04-09,25,0,0
707,12,1995,123,1995-04-09,8,69,0
712,12,1995,141,1995-04-09,1,72,10
715,12,1995,177,1995-04-09,17,33,0
716,12,1995,165,1995-04-09,26,0,0
720,12,1995,177,1995-04-09,21,6,0
723,12,1995,146,1995-04-09,7,70,0
724,12,1995,184,1995-04-09,18,23,0
725,12,1995,182,1995-04-09,5,70,2
728,12,1995,141,1995-04-09,19,16,0
729,12,1995,183,1995-04-09,22,1,0
731,12,1995,184,1995-04-09,9,68,0
733,12,1995,123,1995-04-09,12,48,0
735,12,1995,178,1995-04-09,16,40,0
737,12,1995,185,1995-04-09,10,63,0
619,45,1995,117,1995-04-30,10,61,0
639,45,1995,185,1995-04-30,16,56,0
655,45,1995,6,1995-04-30,3,63,4
656,45,1995,165,1995-04-30,12,59,0
677,45,1995,146,1995-04-30,11,60,0
679,45,1995,167,1995-04-30,7,61,0
684,45,1995,183,1995-04-30,18,36,0
685,45,1995,6,1995-04-30,2,63,6
692,45,1995,178,1995-04-30,13,59,0
696,45,1995,117,1995-04-30,5,62,2
703,45,1995,167,1995-04-30,26,10,0
705,45,1995,182,1995-04-30,17,43,0
707,45,1995,123,1995-04-30,21,23,0
712,45,1995,141,1995-04-30,1,63,10
715,45,1995,177,1995-04-30,20,31,0
716,45,1995,165,1995-04-30,14,59,0
720,45,1995,177,1995-04-30,8,61,0
723,45,1995,146,1995-04-30,9,61,0
724,45,1995,184,1995-04-30,24,14,0
725,45,1995,182,1995-04-30,6,62,1
728,45,1995,141,1995-04-30,4,63,3
729,45,1995,183,1995-04-30,23,15,0
731,45,1995,184,1995-04-30,19,35,0
733,45,1995,123,1995-04-30,22,19,0
735,45,1995,178,1995-04-30,25,12,0
737,45,1995,185,1995-04-30,15,56,0
619,56,1995,117,1995-05-14,24,18,0
639,56,1995,185,1995-05-14,21,39,0
648,56,1995,146,1995-05-14,9,64,0
655,56,1995,6,1995-05-14,3,65,4
656,56,1995,165,1995-05-14,14,62,0
679,56,1995,167,1995-05-14,2,65,6
684,56,1995,183,1995-05-14,20,43,0
685,56,1995,6,1995-05-14,22,25,0
692,56,1995,178,1995-05-14,11,63,0
696,56,1995,117,1995-05-14,18,53,0
703,56,1995,167,1995-05-14,1,65,10
705,56,1995,182,1995-05-14,13,63,0
707,56,1995,123,1995-05-14,16,56,0
712,56,1995,141,1995-05-14,4,65,3
715,56,1995,177,1995-05-14,7,64,0
716,56,1995,165,1995-05-14,23,21,0
720,56,1995,177,1995-05-14,5,64,2
723,56,1995,146,1995-05-14,6,64,1
724,56,1995,184,1995-05-14,12,63,0
725,56,1995,182,1995-05-14,8,64,0
728,56,1995,141,1995-05-14,17,54,0
729,56,1995,183,1995-05-14,26,0,0
731,56,1995,184,1995-05-14,15,61,0
733,56,1995,123,1995-05-14,10,64,0
735,56,1995,178,1995-05-14,19,43,0
737,56,1995,185,1995-05-14,25,17,0
639,2,1995,185,1995-05-28,23,9,0
648,2,1995,146,1995-05-28,17,40,0
655,2,1995,6,1995-05-28,3,78,4
656,2,1995,165,1995-05-28,7,76,0
679,2,1995,167,1995-05-28,4,77,3
684,2,1995,183,1995-05-28,15,42,0
685,2,1995,6,1995-05-28,16,41,0
692,2,1995,178,1995-05-28,9,74,0
696,2,1995,117,1995-05-28,24,8,0
697,2,1995,117,1995-05-28,5,77,2
703,2,1995,167,1995-05-28,1,78,10
707,2,1995,123,1995-05-28,19,26,0
712,2,1995,141,1995-05-28,2,78,6
715,2,1995,177,1995-05-28,14,60,0
716,2,1995,165,1995-05-28,11,68,0
720,2,1995,177,1995-05-28,21,22,0
723,2,1995,146,1995-05-28,12,65,0
724,2,1995,184,1995-05-28,25,0,0
725,2,1995,182,1995-05-28,6,76,1
728,2,1995,141,1995-05-28,22,16,0
729,2,1995,183,1995-05-28,20,23,0
731,2,1995,184,1995-05-28,26,0,0
733,2,1995,123,1995-05-28,13,63,0
735,2,1995,178,1995-05-28,18,27,0
737,2,1995,185,1995-05-28,10,72,0
738,2,1995,182,1995-05-28,8,74,0
639,44,1995,185,1995-06-11,13,54,0
648,44,1995,146,1995-06-11,10,61,0
655,44,1995,6,1995-06-11,11,61,0
656,44,1995,165,1995-06-11,12,60,0
679,44,1995,167,1995-06-11,23,0,0
684,44,1995,183,1995-06-11,17,36,0
685,44,1995,6,1995-06-11,1,68,10
692,44,1995,178,1995-06-11,6,67,1
696,44,1995,117,1995-06-11,24,0,0
697,44,1995,117,1995-06-11,15,47,0
703,44,1995,167,1995-06-11,5,68,2
707,44,1995,123,1995-06-11,16,42,0
712,44,1995,141,1995-06-11,14,50,0
715,44,1995,177,1995-06-11,2,68,6
716,44,1995,165,1995-06-11,8,67,0
720,44,1995,177,1995-06-11,3,68,4
723,44,1995,146,1995-06-11,4,68,3
725,44,1995,182,1995-06-11,18,26,0
728,44,1995,141,1995-06-11,22,1,0
729,44,1995,183,1995-06-11,21,5,0
733,44,1995,123,1995-06-11,7,67,0
735,44,1995,178,1995-06-11,9,66,0
737,44,1995,185,1995-06-11,19,26,0
738,44,1995,182,1995-06-11,20,19,0
639,55,1995,185,1995-07-02,16,66,0
648,55,1995,146,1995-07-02,4,72,3
655,55,1995,6,1995-07-02,12,70,0
656,55,1995,165,1995-07-02,20,23,0
679,55,1995,167,1995-07-02,21,2,0
684,55,1995,183,1995-07-02,19,24,0
685,55,1995,6,1995-07-02,5,72,2
692,55,1995,178,1995-07-02,14,69,0
696,55,1995,117,1995-07-02,7,71,0
697,55,1995,117,1995-07-02,11,70,0
703,55,1995,167,1995-07-02,1,72,10
707,55,1995,123,1995-07-02,23,0,0
712,55,1995,141,1995-07-02,2,72,6
715,55,1995,177,1995-07-02,6,71,1
716,55,1995,165,1995-07-02,13,69,0
720,55,1995,177,1995-07-02,9,71,0
723,55,1995,146,1995-07-02,8,71,0
725,55,1995,182,1995-07-02,10,71,0
728,55,1995,141,1995-07-02,3,72,4
729,55,1995,183,1995-07-02,17,62,0
733,55,1995,123,1995-07-02,15,69,0
735,55,1995,178,1995-07-02,22,0,0
737,55,1995,185,1995-07-02,24,0,0
738,55,1995,182,1995-07-02,18,48,0
639,1,1995,185,1995-07-16,13,48,0
648,1,1995,146,1995-07-16,21,16,0
655,1,1995,6,1995-07-16,20,20,0
656,1,1995,165,1995-07-16,7,60,0
679,1,1995,167,1995-07-16,1,61,10
684,1,1995,183,1995-07-16,12,58,0
685,1,1995,6,1995-07-16,2,61,6
696,1,1995,117,1995-07-16,19,20,0
697,1,1995,117,1995-07-16,5,61,2
703,1,1995,167,1995-07-16,14,45,0
707,1,1995,123,1995-07-16,17,22,0
712,1,1995,141,1995-07-16,15,45,0
715,1,1995,177,1995-07-16,11,59,0
716,1,1995,165,1995-07-16,10,60,0
720,1,1995,177,1995-07-16,24,2,0
723,1,1995,146,1995-07-16,4,61,3
725,1,1995,182,1995-07-16,6,60,1
728,1,1995,141,1995-07-16,3,61,4
729,1,1995,183,1995-07-16,18,21,0
733,1,1995,123,1995-07-16,8,60,0
735,1,1995,178,1995-07-16,22,16,0
737,1,1995,185,1995-07-16,23,13,0
738,1,1995,182,1995-07-16,9,60,0
739,1,1995,178,1995-07-16,16,28,0
639,33,1995,185,1995-07-30,14,27,0
655,33,1995,6,1995-07-30,3,45,4
656,33,1995,165,1995-07-30,19,11,0
677,33,1995,146,1995-07-30,6,44,1
679,33,1995,167,1995-07-30,4,45,3
685,33,1995,6,1995-07-30,18,12,0
696,33,1995,117,1995-07-30,10,33,0
697,33,1995,117,1995-07-30,16,17,0
703,33,1995,167,1995-07-30,1,45,10
707,33,1995,123,1995-07-30,7,44,0
712,33,1995,141,1995-07-30,22,1,0
715,33,1995,177,1995-07-30,15,20,0
716,33,1995,165,1995-07-30,12,28,0
720,33,1995,177,1995-07-30,9,41,0
723,33,1995,146,1995-07-30,17,13,0
725,33,1995,182,1995-07-30,11,32,0
728,33,1995,141,1995-07-30,2,45,6
729,33,1995,183,1995-07-30,8,42,0
733,33,1995,123,1995-07-30,23,0,0
735,33,1995,178,1995-07-30,20,9,0
737,33,1995,185,1995-07-30,21,8,0
738,33,1995,182,1995-07-30,5,44,2
739,33,1995,178,1995-07-30,24,0,0
740,33,1995,183,1995-07-30,13,27,0
639,52,1995,185,1995-08-13,22,8,0
648,52,1995,146,1995-08-13,14,67,0
655,52,1995,6,1995-08-13,3,76,4
679,52,1995,167,1995-08-13,4,76,3
685,52,1995,6,1995-08-13,19,42,0
696,52,1995,117,1995-08-13,24,3,0
697,52,1995,117,1995-08-13,16,54,0
703,52,1995,167,1995-08-13,11,73,0
707,52,1995,123,1995-08-13,17,46,0
712,52,1995,141,1995-08-13,1,77,10
715,52,1995,177,1995-08-13,7,76,0
716,52,1995,165,1995-08-13,8,75,0
718,52,1995,165,1995-08-13,9,74,0
720,52,1995,177,1995-08-13,13,70,0
723,52,1995,146,1995-08-13,6,76,1
725,52,1995,182,1995-08-13,5,76,2
728,52,1995,141,1995-08-13,2,77,6
729,52,1995,183,1995-08-13,12,73,0
733,52,1995,123,1995-08-13,15,58,0
735,52,1995,178,1995-08-13,21,13,0
737,52,1995,185,1995-08-13,20,32,0
738,52,1995,182,1995-08-13,10,74,0
739,52,1995,178,1995-08-13,18,45,0
740,52,1995,183,1995-08-13,23,5,0
639,5,1995,185,1995-08-27,14,42,0
648,5,1995,146,1995-08-27,3,44,4
655,5,1995,6,1995-08-27,18,22,0
679,5,1995,167,1995-08-27,7,44,0
685,5,1995,6,1995-08-27,23,4,0
696,5,1995,117,1995-08-27,24,1,0
697,5,1995,117,1995-08-27,5,44,2
703,5,1995,167,1995-08-27,1,44,10
707,5,1995,123,1995-08-27,15,28,0
712,5,1995,141,1995-08-27,2,44,6
715,5,1995,177,1995-08-27,6,44,1
716,5,1995,165,1995-08-27,17,23,0
718,5,1995,165,1995-08-27,10,44,0
720,5,1995,177,1995-08-27,19,21,0
723,5,1995,146,1995-08-27,9,44,0
725,5,1995,182,1995-08-27,4,44,3
728,5,1995,141,1995-08-27,22,13,0
729,5,1995,183,1995-08-27,21,18,0
733,5,1995,123,1995-08-27,8,44,0
735,5,1995,178,1995-08-27,12,43,0
737,5,1995,185,1995-08-27,13,42,0
738,5,1995,182,1995-08-27,11,43,0
739,5,1995,178,1995-08-27,20,20,0
740,5,1995,183,1995-08-27,16,27,0
639,7,1995,185,1995-09-10,24,0,0
648,7,1995,146,1995-09-10,20,10,0
655,7,1995,6,1995-09-10,14,32,0
679,7,1995,167,1995-09-10,1,53,10
685,7,1995,6,1995-09-10,11,45,0
696,7,1995,117,1995-09-10,2,53,6
697,7,1995,117,1995-09-10,4,53,3
703,7,1995,167,1995-09-10,16,23,0
707,7,1995,123,1995-09-10,10,47,0
712,7,1995,141,1995-09-10,17,23,0
715,7,1995,177,1995-09-10,12,43,0
716,7,1995,165,1995-09-10,15,26,0
718,7,1995,165,1995-09-10,22,0,0
720,7,1995,177,1995-09-10,13,40,0
723,7,1995,146,1995-09-10,18,20,0
725,7,1995,182,1995-09-10,3,53,4
728,7,1995,141,1995-09-10,19,13,0
729,7,1995,183,1995-09-10,23,0,0
733,7,1995,123,1995-09-10,5,52,2
735,7,1995,178,1995-09-10,8,52,0
737,7,1995,185,1995-09-10,9,50,0
738,7,1995,182,1995-09-10,6,52,1
739,7,1995,178,1995-09-10,7,52,0
740,7,1995,183,1995-09-10,21,6,0
639,49,1995,185,1995-09-24,17,64,0
648,49,1995,146,1995-09-24,8,70,0
655,49,1995,6,1995-09-24,4,71,3
679,49,1995,167,1995-09-24,7,70,0
685,49,1995,6,1995-09-24,5,71,2
696,49,1995,117,1995-09-24,19,44,0
697,49,1995,117,1995-09-24,9,70,0
703,49,1995,167,1995-09-24,2,71,6
707,49,1995,123,1995-09-24,23,0,0
712,49,1995,141,1995-09-24,3,71,4
715,49,1995,177,1995-09-24,11,70,0
716,49,1995,165,1995-09-24,14,68,0
718,49,1995,165,1995-09-24,22,7,0
720,49,1995,177,1995-09-24,10,70,0
723,49,1995,146,1995-09-24,21,10,0
725,49,1995,182,1995-09-24,6,70,1
728,49,1995,141,1995-09-24,1,71,10
729,49,1995,183,1995-09-24,18,53,0
733,49,1995,123,1995-09-24,13,69,0
735,49,1995,178,1995-09-24,15,68,0
736,49,1995,183,1995-09-24,20,14,0
737,49,1995,185,1995-09-24,16,66,0
738,49,1995,182,1995-09-24,12,70,0
739,49,1995,178,1995-09-24,24,0,0
639,8,1995,185,1995-10-01,20,22,0
648,8,1995,146,1995-10-01,7,66,0
655,8,1995,6,1995-10-01,19,40,0
667,8,1995,123,1995-10-01,14,61,0
679,8,1995,167,1995-10-01,5,66,2
685,8,1995,6,1995-10-01,2,67,6
696,8,1995,117,1995-10-01,8,65,0
697,8,1995,117,1995-10-01,23,14,0
703,8,1995,167,1995-10-01,1,67,10
712,8,1995,141,1995-10-01,16,58,0
715,8,1995,177,1995-10-01,4,66,3
716,8,1995,165,1995-10-01,11,64,0
718,8,1995,165,1995-10-01,9,64,0
720,8,1995,177,1995-10-01,6,66,1
723,8,1995,146,1995-10-01,22,14,0
725,8,1995,182,1995-10-01,21,17,0
728,8,1995,141,1995-10-01,3,67,4
729,8,1995,183,1995-10-01,17,45,0
733,8,1995,123,1995-10-01,10,64,0
735,8,1995,178,1995-10-01,24,0,0
736,8,1995,183,1995-10-01,15,60,0
737,8,1995,185,1995-10-01,13,62,0
738,8,1995,182,1995-10-01,18,44,0
739,8,1995,178,1995-10-01,12,64,0
639,58,1995,185,1995-10-22,16,78,0
655,58,1995,6,1995-10-22,4,82,3
677,58,1995,146,1995-10-22,22,10,0
679,58,1995,167,1995-10-22,6,82,1
684,58,1995,183,1995-10-22,24,2,0
685,58,1995,6,1995-10-22,5,82,2
692,58,1995,178,1995-10-22,19,63,0
697,58,1995,117,1995-10-22,9,81,0
703,58,1995,167,1995-10-22,1,83,10
707,58,1995,123,1995-10-22,14,80,0
712,58,1995,141,1995-10-22,3,83,4
715,58,1995,177,1995-10-22,18,67,0
716,58,1995,165,1995-10-22,15,80,0
718,58,1995,165,1995-10-22,13,80,0
720,58,1995,177,1995-10-22,11,81,0
723,58,1995,146,1995-10-22,8,81,0
725,58,1995,182,1995-10-22,7,82,0
728,58,1995,141,1995-10-22,2,83,6
729,58,1995,183,1995-10-22,21,14,0
733,58,1995,123,1995-10-22,12,80,0
735,58,1995,178,1995-10-22,20,38,0
737,58,1995,185,1995-10-22,17,77,0
738,58,1995,182,1995-10-22,23,7,0
741,58,1995,117,1995-10-22,10,81,0
639,53,1995,185,1995-10-29,22,1,0
655,53,1995,6,1995-10-29,18,16,0
677,53,1995,146,1995-10-29,24,0,0
679,53,1995,167,1995-10-29,3,53,4
684,53,1995,183,1995-10-29,21,6,0
685,53,1995,6,1995-10-29,16,24,0
692,53,1995,178,1995-10-29,23,0,0
696,53,1995,117,1995-10-29,2,53,6
697,53,1995,117,1995-10-29,7,52,0
703,53,1995,167,1995-10-29,1,53,10
705,53,1995,182,1995-10-29,10,51,0
707,53,1995,123,1995-10-29,20,12,0
712,53,1995,141,1995-10-29,13,40,0
715,53,1995,177,1995-10-29,19,15,0
716,53,1995,165,1995-10-29,9,51,0
718,53,1995,165,1995-10-29,11,51,0
720,53,1995,177,1995-10-29,4,53,3
723,53,1995,146,1995-10-29,5,52,2
725,53,1995,182,1995-10-29,8,52,0
728,53,1995,141,1995-10-29,14,39,0
729,53,1995,183,1995-10-29,17,23,0
733,53,1995,123,1995-10-29,6,52,1
735,53,1995,178,1995-10-29,12,51,0
737,53,1995,185,1995-10-29,15,32,0
639,50,1995,185,1995-11-12,17,21,0
648,50,1995,146,1995-11-12,14,29,0
655,50,1995,6,1995-11-12,13,34,0
679,50,1995,167,1995-11-12,10,69,0
684,50,1995,183,1995-11-12,8,76,0
685,50,1995,6,1995-11-12,16,23,0
692,50,1995,178,1995-11-12,3,79,4
696,50,1995,117,1995-11-12,24,0,0
697,50,1995,117,1995-11-12,4,79,3
703,50,1995,167,1995-11-12,15,25,0
705,50,1995,182,1995-11-12,21,8,0
707,50,1995,123,1995-11-12,9,70,0
712,50,1995,141,1995-11-12,1,81,10
715,50,1995,177,1995-11-12,18,20,0
716,50,1995,165,1995-11-12,23,0,0
718,50,1995,165,1995-11-12,6,78,1
720,50,1995,177,1995-11-12,11,62,0
723,50,1995,146,1995-11-12,2,79,6
725,50,1995,182,1995-11-12,12,39,0
728,50,1995,141,1995-11-12,19,19,0
729,50,1995,183,1995-11-12,22,2,0
733,50,1995,123,1995-11-12,5,78,2
735,50,1995,178,1995-11-12,20,15,0
737,50,1995,185,1995-11-12,7,77,0
648,59,1996,177,1996-03-10,19,1,0
655,59,1996,167,1996-03-10,4,58,3
679,59,1996,182,1996-03-10,20,0,0
685,59,1996,167,1996-03-10,18,9,0
696,59,1996,117,1996-03-10,5,58,2
703,59,1996,6,1996-03-10,13,32,0
707,59,1996,123,1996-03-10,11,55,0
712,59,1996,141,1996-03-10,1,58,10
715,59,1996,177,1996-03-10,15,29,0
718,59,1996,165,1996-03-10,12,42,0
720,59,1996,6,1996-03-10,3,58,4
723,59,1996,146,1996-03-10,7,57,0
724,59,1996,178,1996-03-10,17,15,0
725,59,1996,182,1996-03-10,8,57,0
728,59,1996,117,1996-03-10,16,24,0
733,59,1996,123,1996-03-10,6,57,1
737,59,1996,146,1996-03-10,10,56,0
742,59,1996,141,1996-03-10,2,58,6
743,59,1996,178,1996-03-10,9,56,0
744,59,1996,165,1996-03-10,14,32,0
648,37,1996,177,1996-03-31,12,64,0
655,37,1996,167,1996-03-31,18,26,0
679,37,1996,182,1996-03-31,16,28,0
685,37,1996,167,1996-03-31,2,71,6
696,37,1996,117,1996-03-31,4,70,3
703,37,1996,6,1996-03-31,3,70,4
707,37,1996,123,1996-03-31,9,69,0
712,37,1996,141,1996-03-31,1,71,10
715,37,1996,177,1996-03-31,13,59,0
716,37,1996,185,1996-03-31,11,67,0
718,37,1996,165,1996-03-31,10,68,0
720,37,1996,6,1996-03-31,7,70,0
723,37,1996,146,1996-03-31,6,70,1
724,37,1996,178,1996-03-31,21,19,0
725,37,1996,182,1996-03-31,14,36,0
728,37,1996,117,1996-03-31,15,29,0
729,37,1996,185,1996-03-31,19,26,0
733,37,1996,123,1996-03-31,5,70,2
737,37,1996,146,1996-03-31,8,69,0
742,37,1996,141,1996-03-31,17,26,0
743,37,1996,178,1996-03-31,20,24,0
745,37,1996,165,1996-03-31,22,0,0
648,12,1996,177,1996-04-07,15,34,0
655,12,1996,167,1996-04-07,11,56,0
679,12,1996,182,1996-04-07,9,71,0
685,12,1996,167,1996-04-07,3,72,4
696,12,1996,117,1996-04-07,22,19,0
703,12,1996,6,1996-04-07,12,46,0
707,12,1996,123,1996-04-07,19,28,0
712,12,1996,141,1996-04-07,1,72,10
715,12,1996,177,1996-04-07,4,72,3
716,12,1996,185,1996-04-07,21,24,0
718,12,1996,165,1996-04-07,13,39,0
720,12,1996,6,1996-04-07,5,72,2
723,12,1996,146,1996-04-07,8,72,0
724,12,1996,178,1996-04-07,6,72,1
725,12,1996,182,1996-04-07,17,32,0
728,12,1996,117,1996-04-07,7,72,0
729,12,1996,185,1996-04-07,10,69,0
733,12,1996,123,1996-04-07,14,36,0
737,12,1996,146,1996-04-07,18,29,0
742,12,1996,141,1996-04-07,2,72,6
743,12,1996,178,1996-04-07,20,24,0
745,12,1996,165,1996-04-07,16,33,0
648,8,1996,177,1996-04-28,6,67,1
655,8,1996,167,1996-04-28,9,67,0
679,8,1996,182,1996-04-28,7,67,0
685,8,1996,167,1996-04-28,20,1,0
696,8,1996,117,1996-04-28,8,67,0
703,8,1996,6,1996-04-28,2,67,6
707,8,1996,123,1996-04-28,15,65,0
712,8,1996,141,1996-04-28,4,67,3
715,8,1996,177,1996-04-28,5,67,2
718,8,1996,165,1996-04-28,12,65,0
720,8,1996,6,1996-04-28,19,6,0
723,8,1996,146,1996-04-28,18,6,0
724,8,1996,178,1996-04-28,17,38,0
725,8,1996,182,1996-04-28,16,59,0
728,8,1996,117,1996-04-28,3,67,4
733,8,1996,123,1996-04-28,14,66,0
737,8,1996,146,1996-04-28,10,66,0
742,8,1996,141,1996-04-28,1,67,10
743,8,1996,178,1996-04-28,11,65,0
744,8,1996,165,1996-04-28,13,65,0
648,45,1996,177,1996-05-05,17,36,0
655,45,1996,167,1996-05-05,3,63,4
679,45,1996,182,1996-05-05,20,25,0
685,45,1996,167,1996-05-05,6,62,1
696,45,1996,117,1996-05-05,8,61,0
703,45,1996,6,1996-05-05,2,63,6
707,45,1996,123,1996-05-05,13,45,0
712,45,1996,141,1996-05-05,1,63,10
715,45,1996,177,1996-05-05,5,63,2
716,45,1996,185,1996-05-05,10,59,0
718,45,1996,165,1996-05-05,9,61,0
720,45,1996,6,1996-05-05,4,63,3
723,45,1996,146,1996-05-05,12,54,0
724,45,1996,178,1996-05-05,16,38,0
725,45,1996,182,1996-05-05,18,32,0
728,45,1996,117,1996-05-05,14,44,0
733,45,1996,123,1996-05-05,21,23,0
737,45,1996,146,1996-05-05,7,62,0
742,45,1996,141,1996-05-05,11,57,0
743,45,1996,178,1996-05-05,15,40,0
744,45,1996,165,1996-05-05,19,30,0
648,2,1996,177,1996-05-19,12,30,0
655,2,1996,167,1996-05-19,13,9,0
679,2,1996,182,1996-05-19,3,75,4
685,2,1996,167,1996-05-19,9,60,0
696,2,1996,117,1996-05-19,6,70,1
703,2,1996,6,1996-05-19,17,0,0
707,2,1996,123,1996-05-19,16,2,0
712,2,1996,141,1996-05-19,11,40,0
715,2,1996,177,1996-05-19,18,0,0
716,2,1996,185,1996-05-19,10,60,0
718,2,1996,165,1996-05-19,19,0,0
720,2,1996,6,1996-05-19,7,68,0
723,2,1996,146,1996-05-19,1,75,10
724,2,1996,178,1996-05-19,21,0,0
725,2,1996,182,1996-05-19,4,74,3
728,2,1996,117,1996-05-19,2,75,6
729,2,1996,185,1996-05-19,22,0,0
733,2,1996,123,1996-05-19,5,70,2
737,2,1996,146,1996-05-19,14,5,0
742,2,1996,141,1996-05-19,8,66,0
743,2,1996,178,1996-05-19,15,3,0
744,2,1996,165,1996-05-19,20,0,0
648,56,1996,177,1996-06-02,11,17,0
655,56,1996,167,1996-06-02,9,44,0
679,56,1996,182,1996-06-02,10,20,0
685,56,1996,167,1996-06-02,2,65,6
696,56,1996,117,1996-06-02,5,64,2
703,56,1996,6,1996-06-02,1,65,10
707,56,1996,123,1996-06-02,14,8,0
712,56,1996,141,1996-06-02,13,10,0
715,56,1996,177,1996-06-02,8,45,0
718,56,1996,165,1996-06-02,20,0,0
720,56,1996,6,1996-06-02,15,1,0
723,56,1996,146,1996-06-02,16,1,0
724,56,1996,178,1996-06-02,7,47,0
725,56,1996,182,1996-06-02,4,64,3
728,56,1996,117,1996-06-02,18,0,0
733,56,1996,123,1996-06-02,12,16,0
737,56,1996,146,1996-06-02,6,63,1
742,56,1996,141,1996-06-02,3,65,4
743,56,1996,178,1996-06-02,19,0,0
744,56,1996,165,1996-06-02,17,1,0
648,44,1996,177,1996-06-16,6,68,1
655,44,1996,167,1996-06-16,11,42,0
679,44,1996,182,1996-06-16,7,68,0
685,44,1996,167,1996-06-16,3,69,4
696,44,1996,117,1996-06-16,5,68,2
703,44,1996,6,1996-06-16,12,41,0
707,44,1996,123,1996-06-16,21,6,0
712,44,1996,141,1996-06-16,1,69,10
715,44,1996,177,1996-06-16,16,22,0
716,44,1996,185,1996-06-16,10,44,0
718,44,1996,165,1996-06-16,9,44,0
720,44,1996,6,1996-06-16,22,1,0
723,44,1996,146,1996-06-16,13,39,0
724,44,1996,178,1996-06-16,19,10,0
725,44,1996,182,1996-06-16,18,19,0
728,44,1996,117,1996-06-16,4,69,3
729,44,1996,185,1996-06-16,17,22,0
733,44,1996,123,1996-06-16,14,39,0
737,44,1996,146,1996-06-16,15,38,0
742,44,1996,141,1996-06-16,2,69,6
743,44,1996,178,1996-06-16,20,6,0
744,44,1996,165,1996-06-16,8,67,0
648,55,1996,177,1996-06-30,8,71,0
655,55,1996,167,1996-06-30,4,72,3
679,55,1996,182,1996-06-30,13,70,0
685,55,1996,167,1996-06-30,3,72,4
696,55,1996,117,1996-06-30,5,72,2
703,55,1996,6,1996-06-30,22,0,0
707,55,1996,123,1996-06-30,15,33,0
712,55,1996,141,1996-06-30,1,72,10
715,55,1996,177,1996-06-30,9,71,0
716,55,1996,185,1996-06-30,16,29,0
718,55,1996,165,1996-06-30,12,69,0
720,55,1996,6,1996-06-30,19,5,0
723,55,1996,146,1996-06-30,7,71,0
724,55,1996,178,1996-06-30,18,10,0
725,55,1996,182,1996-06-30,14,56,0
728,55,1996,117,1996-06-30,6,71,1
729,55,1996,185,1996-06-30,21,2,0
733,55,1996,123,1996-06-30,10,70,0
737,55,1996,146,1996-06-30,17,28,0
742,55,1996,141,1996-06-30,2,72,6
743,55,1996,178,1996-06-30,11,69,0
744,55,1996,165,1996-06-30,20,2,0
648,1,1996,177,1996-07-14,6,60,1
655,1,1996,167,1996-07-14,2,61,6
679,1,1996,182,1996-07-14,9,60,0
685,1,1996,167,1996-07-14,12,44,0
696,1,1996,117,1996-07-14,3,61,4
703,1,1996,6,1996-07-14,20,3,0
707,1,1996,123,1996-07-14,18,12,0
712,1,1996,141,1996-07-14,15,26,0
715,1,1996,177,1996-07-14,4,61,3
718,1,1996,165,1996-07-14,16,21,0
720,1,1996,6,1996-07-14,19,5,0
723,1,1996,146,1996-07-14,13,40,0
724,1,1996,178,1996-07-14,10,60,0
725,1,1996,182,1996-07-14,8,60,0
728,1,1996,117,1996-07-14,5,61,2
733,1,1996,123,1996-07-14,7,60,0
737,1,1996,146,1996-07-14,14,38,0
742,1,1996,141,1996-07-14,1,61,10
743,1,1996,178,1996-07-14,17,13,0
744,1,1996,165,1996-07-14,11,59,0
648,33,1996,177,1996-07-28,10,44,0
655,33,1996,167,1996-07-28,13,42,0
679,33,1996,182,1996-07-28,15,25,0
685,33,1996,167,1996-07-28,2,45,6
696,33,1996,117,1996-07-28,18,13,0
703,33,1996,6,1996-07-28,4,45,3
707,33,1996,123,1996-07-28,17,19,0
712,33,1996,141,1996-07-28,1,45,10
715,33,1996,177,1996-07-28,6,45,1
718,33,1996,165,1996-07-28,12,43,0
720,33,1996,6,1996-07-28,14,34,0
723,33,1996,146,1996-07-28,7,45,0
724,33,1996,178,1996-07-28,19,0,0
725,33,1996,182,1996-07-28,8,44,0
728,33,1996,117,1996-07-28,5,45,2
733,33,1996,123,1996-07-28,9,44,0
737,33,1996,146,1996-07-28,16,19,0
742,33,1996,141,1996-07-28,3,45,4
743,33,1996,178,1996-07-28,11,44,0
648,52,1996,177,1996-08-11,18,5,0
655,52,1996,167,1996-08-11,11,64,0
679,52,1996,182,1996-08-11,13,35,0
685,52,1996,167,1996-08-11,3,77,4
696,52,1996,117,1996-08-11,4,76,3
703,52,1996,6,1996-08-11,9,70,0
707,52,1996,123,1996-08-11,7,74,0
712,52,1996,141,1996-08-11,2,77,6
715,52,1996,177,1996-08-11,6,75,1
718,52,1996,165,1996-08-11,15,24,0
720,52,1996,6,1996-08-11,14,31,0
723,52,1996,146,1996-08-11,5,76,2
724,52,1996,178,1996-08-11,17,10,0
725,52,1996,182,1996-08-11,12,50,0
728,52,1996,117,1996-08-11,16,23,0
733,52,1996,123,1996-08-11,20,0,0
737,52,1996,146,1996-08-11,19,1,0
740,52,1996,165,1996-08-11,10,69,0
742,52,1996,141,1996-08-11,1,77,10
743,52,1996,178,1996-08-11,8,74,0
648,5,1996,177,1996-08-25,12,34,0
655,5,1996,167,1996-08-25,6,44,1
679,5,1996,182,1996-08-25,18,0,0
685,5,1996,167,1996-08-25,4,44,3
696,5,1996,117,1996-08-25,3,44,4
703,5,1996,6,1996-08-25,1,44,10
707,5,1996,123,1996-08-25,8,44,0
712,5,1996,141,1996-08-25,5,44,2
715,5,1996,177,1996-08-25,14,29,0
718,5,1996,165,1996-08-25,10,43,0
720,5,1996,6,1996-08-25,13,29,0
723,5,1996,146,1996-08-25,19,0,0
724,5,1996,178,1996-08-25,16,11,0
725,5,1996,182,1996-08-25,17,0,0
728,5,1996,117,1996-08-25,11,37,0
733,5,1996,123,1996-08-25,7,44,0
737,5,1996,146,1996-08-25,15,22,0
742,5,1996,141,1996-08-25,2,44,6
743,5,1996,178,1996-08-25,9,43,0
648,7,1996,177,1996-09-08,4,53,3
655,7,1996,167,1996-09-08,18,4,0
679,7,1996,182,1996-09-08,9,51,0
685,7,1996,167,1996-09-08,2,53,6
696,7,1996,117,1996-09-08,3,53,4
703,7,1996,6,1996-09-08,1,53,10
707,7,1996,123,1996-09-08,10,51,0
712,7,1996,141,1996-09-08,16,5,0
715,7,1996,177,1996-09-08,5,53,2
718,7,1996,165,1996-09-08,13,12,0
720,7,1996,6,1996-09-08,12,23,0
723,7,1996,146,1996-09-08,19,2,0
724,7,1996,178,1996-09-08,8,52,0
725,7,1996,182,1996-09-08,15,7,0
728,7,1996,117,1996-09-08,20,1,0
733,7,1996,123,1996-09-08,14,9,0
737,7,1996,146,1996-09-08,6,52,1
740,7,1996,165,1996-09-08,17,5,0
742,7,1996,141,1996-09-08,7,52,0
743,7,1996,178,1996-09-08,11,36,0
648,49,1996,177,1996-09-22,9,69,0
655,49,1996,167,1996-09-22,6,70,1
679,49,1996,182,1996-09-22,8,69,0
685,49,1996,167,1996-09-22,4,70,3
696,49,1996,117,1996-09-22,17,52,0
703,49,1996,6,1996-09-22,3,70,4
707,49,1996,123,1996-09-22,12,68,0
712,49,1996,141,1996-09-22,2,70,6
715,49,1996,177,1996-09-22,20,41,0
718,49,1996,165,1996-09-22,16,65,0
720,49,1996,6,1996-09-22,5,70,2
723,49,1996,146,1996-09-22,10,69,0
724,49,1996,178,1996-09-22,18,47,0
725,49,1996,182,1996-09-22,7,69,0
728,49,1996,117,1996-09-22,13,68,0
733,49,1996,123,1996-09-22,11,69,0
737,49,1996,146,1996-09-22,19,46,0
740,49,1996,165,1996-09-22,15,65,0
742,49,1996,141,1996-09-22,1,70,10
743,49,1996,178,1996-09-22,14,67,0
648,53,1996,177,1996-10-13,5,52,2
655,53,1996,167,1996-10-13,4,52,3
679,53,1996,182,1996-10-13,10,52,0
685,53,1996,167,1996-10-13,19,0,0
696,53,1996,117,1996-10-13,3,52,4
703,53,1996,6,1996-10-13,2,52,6
707,53,1996,123,1996-10-13,15,37,0
712,53,1996,141,1996-10-13,1,52,10
715,53,1996,177,1996-10-13,9,52,0
718,53,1996,165,1996-10-13,12,50,0
720,53,1996,6,1996-10-13,14,39,0
723,53,1996,146,1996-10-13,7,52,0
724,53,1996,178,1996-10-13,11,51,0
725,53,1996,182,1996-10-13,6,52,1
728,53,1996,117,1996-10-13,8,52,0
733,53,1996,123,1996-10-13,17,20,0
737,53,1996,146,1996-10-13,18,13,0
742,53,1996,141,1996-10-13,16,36,0
743,53,1996,178,1996-10-13,13,50,0
655,59,1997,167,1997-03-09,4,58,3
669,59,1997,182,1997-03-09,6,58,1
679,59,1997,182,1997-03-09,21,0,0
685,59,1997,167,1997-03-09,14,34,0
696,59,1997,117,1997-03-09,3,58,4
703,59,1997,6,1997-03-09,2,58,6
707,59,1997,165,1997-03-09,15,32,0
712,59,1997,157,1997-03-09,22,0,0
715,59,1997,186,1997-03-09,11,49,0
720,59,1997,6,1997-03-09,20,0,0
723,59,1997,187,1997-03-09,5,58,2
724,59,1997,123,1997-03-09,17,2,0
725,59,1997,141,1997-03-09,8,55,0
728,59,1997,117,1997-03-09,1,58,10
733,59,1997,123,1997-03-09,12,42,0
737,59,1997,157,1997-03-09,10,54,0
741,59,1997,186,1997-03-09,13,36,0
742,59,1997,141,1997-03-09,19,0,0
744,59,1997,177,1997-03-09,16,14,0
746,59,1997,187,1997-03-09,7,56,0
747,59,1997,165,1997-03-09,9,55,0
748,59,1997,177,1997-03-09,18,1,0
655,37,1997,167,1997-03-30,2,72,6
669,37,1997,182,1997-03-30,11,71,0
679,37,1997,182,1997-03-30,7,72,0
685,37,1997,167,1997-03-30,6,72,1
696,37,1997,117,1997-03-30,4,72,3
703,37,1997,6,1997-03-30,5,72,2
707,37,1997,165,1997-03-30,18,67,0
712,37,1997,157,1997-03-30,17,68,0
715,37,1997,186,1997-03-30,20,16,0
720,37,1997,6,1997-03-30,16,70,0
723,37,1997,187,1997-03-30,3,72,4
724,37,1997,123,1997-03-30,15,70,0
725,37,1997,141,1997-03-30,9,72,0
728,37,1997,117,1997-03-30,10,71,0
733,37,1997,123,1997-03-30,13,71,0
737,37,1997,157,1997-03-30,21,15,0
741,37,1997,186,1997-03-30,22,0,0
742,37,1997,141,1997-03-30,1,72,10
744,37,1997,177,1997-03-30,8,72,0
746,37,1997,187,1997-03-30,14,71,0
747,37,1997,165,1997-03-30,12,71,0
748,37,1997,177,1997-03-30,19,52,0
655,12,1997,167,1997-04-13,6,72,1
669,12,1997,182,1997-04-13,11,63,0
679,12,1997,182,1997-04-13,4,72,3
685,12,1997,167,1997-04-13,7,72,0
696,12,1997,117,1997-04-13,5,72,2
703,12,1997,6,1997-04-13,21,0,0
707,12,1997,165,1997-04-13,15,37,0
712,12,1997,157,1997-04-13,16,33,0
715,12,1997,186,1997-04-13,18,24,0
720,12,1997,6,1997-04-13,2,72,6
723,12,1997,187,1997-04-13,19,18,0
724,12,1997,123,1997-04-13,14,43,0
725,12,1997,141,1997-04-13,20,5,0
728,12,1997,117,1997-04-13,22,0,0
733,12,1997,123,1997-04-13,8,71,0
737,12,1997,157,1997-04-13,12,50,0
741,12,1997,186,1997-04-13,10,66,0
742,12,1997,141,1997-04-13,1,72,10
744,12,1997,177,1997-04-13,17,24,0
746,12,1997,187,1997-04-13,13,49,0
747,12,1997,165,1997-04-13,9,71,0
748,12,1997,177,1997-04-13,3,72,4
655,45,1997,167,1997-04-27,20,4,0
669,45,1997,182,1997-04-27,7,61,0
679,45,1997,182,1997-04-27,16,18,0
685,45,1997,167,1997-04-27,5,61,2
696,45,1997,117,1997-04-27,6,61,1
703,45,1997,6,1997-04-27,2,62,6
707,45,1997,165,1997-04-27,11,59,0
712,45,1997,157,1997-04-27,19,11,0
715,45,1997,186,1997-04-27,15,32,0
720,45,1997,6,1997-04-27,3,62,4
723,45,1997,187,1997-04-27,8,61,0
724,45,1997,123,1997-04-27,10,60,0
725,45,1997,141,1997-04-27,1,62,10
728,45,1997,117,1997-04-27,14,38,0
733,45,1997,123,1997-04-27,9,60,0
737,45,1997,157,1997-04-27,12,53,0
741,45,1997,186,1997-04-27,21,2,0
742,45,1997,141,1997-04-27,13,40,0
744,45,1997,177,1997-04-27,4,62,3
746,45,1997,187,1997-04-27,18,11,0
747,45,1997,165,1997-04-27,22,0,0
748,45,1997,177,1997-04-27,17,17,0
655,2,1997,167,1997-05-11,9,60,0
669,2,1997,182,1997-05-11,13,24,0
679,2,1997,182,1997-05-11,17,9,0
685,2,1997,167,1997-05-11,14,16,0
696,2,1997,117,1997-05-11,20,1,0
703,2,1997,6,1997-05-11,1,62,10
707,2,1997,165,1997-05-11,10,60,0
712,2,1997,157,1997-05-11,21,1,0
715,2,1997,186,1997-05-11,2,62,6
720,2,1997,6,1997-05-11,3,62,4
723,2,1997,187,1997-05-11,4,62,3
724,2,1997,123,1997-05-11,8,60,0
725,2,1997,141,1997-05-11,11,39,0
728,2,1997,117,1997-05-11,19,1,0
733,2,1997,123,1997-05-11,5,61,2
737,2,1997,157,1997-05-11,22,0,0
741,2,1997,186,1997-05-11,7,61,0
742,2,1997,141,1997-05-11,15,16,0
744,2,1997,177,1997-05-11,6,61,1
746,2,1997,187,1997-05-11,12,36,0
747,2,1997,165,1997-05-11,18,7,0
748,2,1997,177,1997-05-11,16,10,0
655,56,1997,167,1997-05-25,10,64,0
679,56,1997,182,1997-05-25,5,64,2
685,56,1997,167,1997-05-25,3,64,4
692,56,1997,182,1997-05-25,14,62,0
696,56,1997,117,1997-05-25,7,64,0
703,56,1997,6,1997-05-25,4,64,3
707,56,1997,165,1997-05-25,22,11,0
712,56,1997,157,1997-05-25,21,17,0
715,56,1997,186,1997-05-25,18,37,0
720,56,1997,6,1997-05-25,12,63,0
723,56,1997,187,1997-05-25,2,64,6
724,56,1997,123,1997-05-25,11,63,0
725,56,1997,141,1997-05-25,8,64,0
728,56,1997,117,1997-05-25,6,64,1
733,56,1997,123,1997-05-25,19,35,0
737,56,1997,157,1997-05-25,16,53,0
741,56,1997,186,1997-05-25,13,63,0
742,56,1997,141,1997-05-25,1,64,10
744,56,1997,177,1997-05-25,9,64,0
746,56,1997,187,1997-05-25,20,34,0
747,56,1997,165,1997-05-25,15,62,0
748,56,1997,177,1997-05-25,17,50,0
679,44,1997,182,1997-06-15,5,54,2
685,44,1997,167,1997-06-15,2,54,6
692,44,1997,182,1997-06-15,10,53,0
696,44,1997,117,1997-06-15,20,0,0
703,44,1997,6,1997-06-15,1,54,10
707,44,1997,165,1997-06-15,18,5,0
712,44,1997,157,1997-06-15,9,53,0
715,44,1997,186,1997-06-15,15,33,0
720,44,1997,6,1997-06-15,21,0,0
723,44,1997,187,1997-06-15,11,51,0
724,44,1997,123,1997-06-15,13,42,0
725,44,1997,141,1997-06-15,4,54,3
728,44,1997,117,1997-06-15,7,54,0
733,44,1997,123,1997-06-15,12,46,0
737,44,1997,157,1997-06-15,8,53,0
741,44,1997,186,1997-06-15,22,0,0
742,44,1997,141,1997-06-15,19,1,0
744,44,1997,177,1997-06-15,3,54,4
746,44,1997,187,1997-06-15,6,54,1
747,44,1997,165,1997-06-15,16,32,0
748,44,1997,177,1997-06-15,17,14,0
750,44,1997,167,1997-06-15,14,35,0
679,55,1997,182,1997-06-29,8,71,0
685,55,1997,167,1997-06-29,5,72,2
696,55,1997,117,1997-06-29,19,18,0
703,55,1997,6,1997-06-29,1,72,10
707,55,1997,165,1997-06-29,11,70,0
712,55,1997,157,1997-06-29,12,69,0
715,55,1997,186,1997-06-29,17,36,0
720,55,1997,6,1997-06-29,3,72,4
724,55,1997,123,1997-06-29,20,15,0
725,55,1997,141,1997-06-29,2,72,6
728,55,1997,117,1997-06-29,7,71,0
733,55,1997,123,1997-06-29,13,61,0
737,55,1997,157,1997-06-29,15,58,0
741,55,1997,186,1997-06-29,18,33,0
742,55,1997,141,1997-06-29,4,72,3
744,55,1997,177,1997-06-29,9,71,0
745,55,1997,165,1997-06-29,22,5,0
746,55,1997,187,1997-06-29,21,7,0
747,55,1997,187,1997-06-29,10,70,0
748,55,1997,177,1997-06-29,6,72,1
750,55,1997,167,1997-06-29,14,60,0
751,55,1997,182,1997-06-29,16,40,0
679,1,1997,182,1997-07-13,17,42,0
685,1,1997,167,1997-07-13,2,59,6
696,1,1997,117,1997-07-13,12,52,0
703,1,1997,6,1997-07-13,18,38,0
707,1,1997,165,1997-07-13,22,0,0
712,1,1997,157,1997-07-13,6,59,1
715,1,1997,186,1997-07-13,19,37,0
720,1,1997,6,1997-07-13,15,44,0
724,1,1997,123,1997-07-13,14,45,0
725,1,1997,141,1997-07-13,21,0,0
728,1,1997,117,1997-07-13,4,59,3
733,1,1997,123,1997-07-13,16,44,0
737,1,1997,157,1997-07-13,20,29,0
741,1,1997,186,1997-07-13,13,50,0
742,1,1997,141,1997-07-13,1,59,10
744,1,1997,177,1997-07-13,7,58,0
745,1,1997,165,1997-07-13,10,58,0
746,1,1997,187,1997-07-13,11,57,0
747,1,1997,187,1997-07-13,8,58,0
748,1,1997,177,1997-07-13,5,59,2
750,1,1997,167,1997-07-13,3,59,4
751,1,1997,182,1997-07-13,9,58,0
655,33,1997,167,1997-07-27,1,45,10
679,33,1997,182,1997-07-27,17,8,0
685,33,1997,167,1997-07-27,6,45,1
696,33,1997,117,1997-07-27,3,45,4
703,33,1997,6,1997-07-27,2,45,6
707,33,1997,165,1997-07-27,16,23,0
712,33,1997,157,1997-07-27,8,44,0
715,33,1997,186,1997-07-27,12,33,0
720,33,1997,6,1997-07-27,21,1,0
724,33,1997,123,1997-07-27,10,44,0
725,33,1997,141,1997-07-27,20,1,0
728,33,1997,117,1997-07-27,19,1,0
733,33,1997,123,1997-07-27,13,33,0
737,33,1997,157,1997-07-27,18,8,0
741,33,1997,186,1997-07-27,15,27,0
742,33,1997,141,1997-07-27,14,33,0
744,33,1997,177,1997-07-27,11,40,0
745,33,1997,165,1997-07-27,22,0,0
746,33,1997,187,1997-07-27,7,45,0
747,33,1997,187,1997-07-27,4,45,3
748,33,1997,177,1997-07-27,5,45,2
751,33,1997,182,1997-07-27,9,44,0
655,52,1997,167,1997-08-10,8,77,0
679,52,1997,182,1997-08-10,3,77,4
685,52,1997,167,1997-08-10,11,76,0
692,52,1997,182,1997-08-10,21,7,0
696,52,1997,117,1997-08-10,20,12,0
703,52,1997,6,1997-08-10,4,77,3
707,52,1997,165,1997-08-10,10,76,0
712,52,1997,157,1997-08-10,2,77,6
715,52,1997,186,1997-08-10,19,29,0
720,52,1997,6,1997-08-10,9,76,0
724,52,1997,123,1997-08-10,15,61,0
725,52,1997,141,1997-08-10,18,29,0
728,52,1997,117,1997-08-10,14,65,0
733,52,1997,123,1997-08-10,13,75,0
737,52,1997,157,1997-08-10,16,53,0
741,52,1997,186,1997-08-10,22,5,0
742,52,1997,141,1997-08-10,1,77,10
744,52,1997,177,1997-08-10,17,42,0
745,52,1997,165,1997-08-10,12,75,0
746,52,1997,187,1997-08-10,6,77,1
747,52,1997,187,1997-08-10,7,77,0
748,52,1997,177,1997-08-10,5,77,2
655,5,1997,167,1997-08-24,6,44,1
679,5,1997,182,1997-08-24,4,44,3
685,5,1997,167,1997-08-24,8,44,0
692,5,1997,182,1997-08-24,9,44,0
696,5,1997,117,1997-08-24,16,44,0
703,5,1997,6,1997-08-24,1,44,10
707,5,1997,165,1997-08-24,14,42,0
712,5,1997,157,1997-08-24,13,42,0
715,5,1997,186,1997-08-24,21,8,0
720,5,1997,6,1997-08-24,10,43,0
724,5,1997,123,1997-08-24,17,25,0
725,5,1997,141,1997-08-24,3,44,4
728,5,1997,117,1997-08-24,19,19,0
733,5,1997,123,1997-08-24,11,43,0
737,5,1997,157,1997-08-24,7,44,0
741,5,1997,186,1997-08-24,12,43,0
742,5,1997,141,1997-08-24,5,44,2
744,5,1997,177,1997-08-24,2,44,6
745,5,1997,165,1997-08-24,20,18,0
746,5,1997,187,1997-08-24,22,5,0
747,5,1997,187,1997-08-24,15,42,0
748,5,1997,177,1997-08-24,18,21,0
655,7,1997,167,1997-09-07,7,53,0
679,7,1997,182,1997-09-07,17,38,0
685,7,1997,167,1997-09-07,2,53,6
692,7,1997,182,1997-09-07,12,52,0
696,7,1997,117,1997-09-07,9,53,0
703,7,1997,6,1997-09-07,6,53,1
707,7,1997,165,1997-09-07,21,8,0
712,7,1997,157,1997-09-07,15,46,0
715,7,1997,186,1997-09-07,13,52,0
720,7,1997,6,1997-09-07,8,53,0
724,7,1997,123,1997-09-07,20,12,0
725,7,1997,141,1997-09-07,3,53,4
728,7,1997,117,1997-09-07,1,53,10
733,7,1997,123,1997-09-07,18,33,0
737,7,1997,157,1997-09-07,22,4,0
741,7,1997,186,1997-09-07,19,31,0
742,7,1997,141,1997-09-07,5,53,2
744,7,1997,177,1997-09-07,4,53,3
745,7,1997,165,1997-09-07,14,50,0
746,7,1997,187,1997-09-07,11,53,0
747,7,1997,187,1997-09-07,10,53,0
748,7,1997,177,1997-09-07,16,39,0
655,34,1997,167,1997-09-21,10,70,0
679,34,1997,182,1997-09-21,8,71,0
685,34,1997,167,1997-09-21,20,37,0
692,34,1997,182,1997-09-21,9,71,0
696,34,1997,117,1997-09-21,21,1,0
703,34,1997,6,1997-09-21,6,71,1
707,34,1997,165,1997-09-21,11,69,0
712,34,1997,157,1997-09-21,7,71,0
715,34,1997,186,1997-09-21,14,64,0
720,34,1997,6,1997-09-21,19,38,0
724,34,1997,123,1997-09-21,12,69,0
725,34,1997,141,1997-09-21,3,71,4
728,34,1997,117,1997-09-21,2,71,6
733,34,1997,123,1997-09-21,18,48,0
737,34,1997,157,1997-09-21,13,67,0
741,34,1997,186,1997-09-21,16,58,0
742,34,1997,141,1997-09-21,1,71,10
744,34,1997,177,1997-09-21,4,71,3
745,34,1997,165,1997-09-21,22,0,0
746,34,1997,187,1997-09-21,17,57,0
747,34,1997,187,1997-09-21,15,58,0
748,34,1997,177,1997-09-21,5,71,2
655,8,1997,167,1997-09-28,4,67,3
679,8,1997,182,1997-09-28,7,67,0
685,8,1997,167,1997-09-28,2,67,6
692,8,1997,182,1997-09-28,9,66,0
696,8,1997,117,1997-09-28,12,43,0
703,8,1997,6,1997-09-28,18,2,0
707,8,1997,165,1997-09-28,20,1,0
712,8,1997,157,1997-09-28,8,67,0
715,8,1997,186,1997-09-28,13,43,0
720,8,1997,6,1997-09-28,16,22,0
723,8,1997,187,1997-09-28,6,67,1
724,8,1997,123,1997-09-28,11,50,0
725,8,1997,141,1997-09-28,3,67,4
728,8,1997,117,1997-09-28,14,42,0
733,8,1997,123,1997-09-28,10,66,0
737,8,1997,157,1997-09-28,5,67,2
741,8,1997,186,1997-09-28,15,40,0
742,8,1997,141,1997-09-28,1,67,10
744,8,1997,177,1997-09-28,21,0,0
745,8,1997,165,1997-09-28,19,1,0
746,8,1997,187,1997-09-28,17,16,0
748,8,1997,177,1997-09-28,22,0,0
655,53,1997,167,1997-10-12,8,53,0
679,53,1997,182,1997-10-12,6,53,1
685,53,1997,167,1997-10-12,5,53,2
692,53,1997,182,1997-10-12,22,0,0
696,53,1997,117,1997-10-12,4,53,3
703,53,1997,6,1997-10-12,1,53,10
707,53,1997,165,1997-10-12,19,8,0
712,53,1997,157,1997-10-12,11,52,0
715,53,1997,186,1997-10-12,20,6,0
720,53,1997,6,1997-10-12,3,53,4
723,53,1997,187,1997-10-12,17,36,0
724,53,1997,123,1997-10-12,13,52,0
725,53,1997,141,1997-10-12,2,53,6
728,53,1997,117,1997-10-12,10,52,0
733,53,1997,123,1997-10-12,16,46,0
737,53,1997,157,1997-10-12,12,52,0
741,53,1997,186,1997-10-12,21,3,0
742,53,1997,141,1997-10-12,14,53,0
744,53,1997,177,1997-10-12,7,53,0
745,53,1997,165,1997-10-12,15,46,0
746,53,1997,187,1997-10-12,18,22,0
748,53,1997,177,1997-10-12,9,53,0
655,51,1997,167,1997-10-26,4,69,3
679,51,1997,182,1997-10-26,8,69,0
685,51,1997,167,1997-10-26,13,68,0
696,51,1997,117,1997-10-26,1,69,10
703,51,1997,6,1997-10-26,18,47,0
707,51,1997,165,1997-10-26,17,68,0
712,51,1997,157,1997-10-26,19,47,0
715,51,1997,186,1997-10-26,21,30,0
720,51,1997,6,1997-10-26,5,69,2
723,51,1997,187,1997-10-26,7,69,0
724,51,1997,123,1997-10-26,16,68,0
725,51,1997,141,1997-10-26,6,69,1
728,51,1997,117,1997-10-26,2,69,6
733,51,1997,123,1997-10-26,12,68,0
737,51,1997,157,1997-10-26,22,11,0
741,51,1997,186,1997-10-26,9,69,0
742,51,1997,141,1997-10-26,3,69,4
744,51,1997,177,1997-10-26,11,68,0
745,51,1997,165,1997-10-26,15,68,0
746,51,1997,187,1997-10-26,10,69,0
748,51,1997,177,1997-10-26,20,44,0
751,51,1997,182,1997-10-26,14,68,0
679,59,1998,182,1998-03-08,6,57,1
685,59,1998,182,1998-03-08,11,41,0
696,59,1998,117,1998-03-08,1,58,10
703,59,1998,6,1998-03-08,17,5,0
712,59,1998,177,1998-03-08,8,57,0
715,59,1998,186,1998-03-08,22,0,0
720,59,1998,6,1998-03-08,4,57,3
723,59,1998,187,1998-03-08,9,57,0
725,59,1998,141,1998-03-08,3,57,4
728,59,1998,117,1998-03-08,2,58,6
733,59,1998,157,1998-03-08,14,23,0
737,59,1998,157,1998-03-08,18,2,0
741,59,1998,186,1998-03-08,20,1,0
742,59,1998,141,1998-03-08,5,57,2
743,59,1998,123,1998-03-08,13,25,0
744,59,1998,167,1998-03-08,10,43,0
746,59,1998,165,1998-03-08,16,8,0
747,59,1998,187,1998-03-08,12,26,0
748,59,1998,177,1998-03-08,19,1,0
750,59,1998,167,1998-03-08,7,57,0
752,59,1998,165,1998-03-08,15,22,0
753,59,1998,123,1998-03-08,21,1,0
679,37,1998,182,1998-03-29,11,67,0
685,37,1998,182,1998-03-29,9,71,0
696,37,1998,117,1998-03-29,1,72,10
703,37,1998,6,1998-03-29,3,72,4
712,37,1998,177,1998-03-29,12,70,0
715,37,1998,186,1998-03-29,14,56,0
720,37,1998,6,1998-03-29,8,71,0
723,37,1998,187,1998-03-29,13,63,0
725,37,1998,141,1998-03-29,5,71,2
728,37,1998,117,1998-03-29,2,72,6
733,37,1998,157,1998-03-29,19,18,0
737,37,1998,157,1998-03-29,17,26,0
741,37,1998,186,1998-03-29,10,70,0
742,37,1998,141,1998-03-29,7,71,0
743,37,1998,123,1998-03-29,15,52,0
744,37,1998,167,1998-03-29,6,71,1
746,37,1998,165,1998-03-29,21,3,0
747,37,1998,187,1998-03-29,20,17,0
748,37,1998,177,1998-03-29,22,0,0
750,37,1998,167,1998-03-29,4,72,3
752,37,1998,165,1998-03-29,16,44,0
753,37,1998,123,1998-03-29,18,19,0
679,12,1998,182,1998-04-12,18,46,0
685,12,1998,182,1998-04-12,5,72,2
696,12,1998,117,1998-04-12,2,72,6
703,12,1998,6,1998-04-12,1,72,10
712,12,1998,177,1998-04-12,8,71,0
715,12,1998,186,1998-04-12,10,70,0
720,12,1998,6,1998-04-12,3,72,4
723,12,1998,187,1998-04-12,15,65,0
725,12,1998,141,1998-04-12,9,71,0
728,12,1998,117,1998-04-12,6,72,1
733,12,1998,157,1998-04-12,20,18,0
737,12,1998,157,1998-04-12,22,13,0
741,12,1998,186,1998-04-12,21,17,0
742,12,1998,141,1998-04-12,17,52,0
743,12,1998,123,1998-04-12,14,68,0
744,12,1998,167,1998-04-12,7,72,0
746,12,1998,165,1998-04-12,13,69,0
747,12,1998,187,1998-04-12,11,70,0
748,12,1998,177,1998-04-12,19,22,0
750,12,1998,167,1998-04-12,4,72,3
752,12,1998,165,1998-04-12,16,63,0
753,12,1998,123,1998-04-12,12,70,0
679,45,1998,182,1998-04-26,20,12,0
685,45,1998,182,1998-04-26,6,61,1
696,45,1998,117,1998-04-26,17,17,0
703,45,1998,6,1998-04-26,2,62,6
712,45,1998,177,1998-04-26,10,57,0
715,45,1998,186,1998-04-26,22,0,0
720,45,1998,6,1998-04-26,3,62,4
723,45,1998,187,1998-04-26,11,56,0
725,45,1998,141,1998-04-26,5,62,2
728,45,1998,117,1998-04-26,1,62,10
733,45,1998,157,1998-04-26,9,60,0
737,45,1998,157,1998-04-26,16,18,0
741,45,1998,186,1998-04-26,21,8,0
742,45,1998,141,1998-04-26,4,62,3
743,45,1998,123,1998-04-26,12,48,0
744,45,1998,167,1998-04-26,18,17,0
746,45,1998,165,1998-04-26,15,27,0
747,45,1998,187,1998-04-26,14,34,0
748,45,1998,177,1998-04-26,7,60,0
750,45,1998,167,1998-04-26,19,17,0
752,45,1998,165,1998-04-26,8,60,0
753,45,1998,123,1998-04-26,13,40,0
679,56,1998,182,1998-05-10,7,64,0
685,56,1998,182,1998-05-10,10,63,0
696,56,1998,117,1998-05-10,1,65,10
703,56,1998,6,1998-05-10,3,65,4
712,56,1998,177,1998-05-10,17,46,0
715,56,1998,186,1998-05-10,5,64,2
720,56,1998,6,1998-05-10,18,28,0
723,56,1998,187,1998-05-10,16,60,0
725,56,1998,141,1998-05-10,8,63,0
728,56,1998,117,1998-05-10,2,65,6
733,56,1998,157,1998-05-10,20,21,0
737,56,1998,157,1998-05-10,21,20,0
741,56,1998,186,1998-05-10,12,63,0
742,56,1998,141,1998-05-10,6,64,1
744,56,1998,167,1998-05-10,19,28,0
746,56,1998,165,1998-05-10,14,63,0
747,56,1998,187,1998-05-10,9,63,0
748,56,1998,177,1998-05-10,11,63,0
750,56,1998,167,1998-05-10,4,65,3
752,56,1998,165,1998-05-10,15,63,0
753,56,1998,123,1998-05-10,13,63,0
679,2,1998,182,1998-05-24,7,77,0
685,2,1998,182,1998-05-24,12,72,0
696,2,1998,117,1998-05-24,1,78,10
703,2,1998,6,1998-05-24,10,76,0
712,2,1998,177,1998-05-24,8,76,0
715,2,1998,186,1998-05-24,19,11,0
720,2,1998,6,1998-05-24,3,78,4
723,2,1998,187,1998-05-24,14,49,0
725,2,1998,141,1998-05-24,20,5,0
728,2,1998,117,1998-05-24,18,17,0
733,2,1998,157,1998-05-24,4,78,3
737,2,1998,157,1998-05-24,6,77,1
741,2,1998,186,1998-05-24,17,30,0
742,2,1998,141,1998-05-24,5,77,2
744,2,1998,167,1998-05-24,2,78,6
746,2,1998,165,1998-05-24,9,76,0
747,2,1998,187,1998-05-24,13,56,0
748,2,1998,177,1998-05-24,15,44,0
750,2,1998,167,1998-05-24,16,42,0
752,2,1998,165,1998-05-24,21,0,0
753,2,1998,123,1998-05-24,11,76,0
679,44,1998,182,1998-06-07,16,18,0
685,44,1998,182,1998-06-07,20,0,0
696,44,1998,117,1998-06-07,18,0,0
703,44,1998,6,1998-06-07,1,69,10
712,44,1998,177,1998-06-07,12,42,0
715,44,1998,186,1998-06-07,5,69,2
720,44,1998,6,1998-06-07,3,69,4
723,44,1998,187,1998-06-07,13,39,0
725,44,1998,141,1998-06-07,14,20,0
728,44,1998,117,1998-06-07,15,18,0
733,44,1998,157,1998-06-07,17,18,0
737,44,1998,157,1998-06-07,9,68,0
741,44,1998,186,1998-06-07,6,68,1
742,44,1998,141,1998-06-07,10,63,0
743,44,1998,123,1998-06-07,8,68,0
744,44,1998,167,1998-06-07,2,69,6
746,44,1998,165,1998-06-07,7,68,0
747,44,1998,187,1998-06-07,21,0,0
748,44,1998,177,1998-06-07,19,0,0
750,44,1998,167,1998-06-07,4,69,3
752,44,1998,165,1998-06-07,11,53,0
753,44,1998,123,1998-06-07,22,0,0
679,55,1998,182,1998-06-28,8,70,0
685,55,1998,182,1998-06-28,7,70,0
696,55,1998,117,1998-06-28,3,71,4
703,55,1998,6,1998-06-28,1,71,10
712,55,1998,177,1998-06-28,21,19,0
715,55,1998,186,1998-06-28,10,69,0
720,55,1998,6,1998-06-28,2,71,6
723,55,1998,187,1998-06-28,11,69,0
724,55,1998,186,1998-06-28,12,69,0
725,55,1998,141,1998-06-28,15,68,0
728,55,1998,117,1998-06-28,6,70,1
733,55,1998,157,1998-06-28,13,69,0
737,55,1998,157,1998-06-28,14,69,0
742,55,1998,141,1998-06-28,4,71,3
743,55,1998,123,1998-06-28,22,16,0
744,55,1998,167,1998-06-28,9,70,0
746,55,1998,165,1998-06-28,17,65,0
747,55,1998,187,1998-06-28,19,55,0
748,55,1998,177,1998-06-28,16,68,0
750,55,1998,167,1998-06-28,5,70,2
752,55,1998,165,1998-06-28,20,41,0
753,55,1998,123,1998-06-28,18,60,0
679,1,1998,182,1998-07-12,19,27,0
685,1,1998,182,1998-07-12,10,53,0
696,1,1998,117,1998-07-12,2,60,6
703,1,1998,6,1998-07-12,1,60,10
712,1,1998,177,1998-07-12,22,13,0
715,1,1998,186,1998-07-12,13,39,0
720,1,1998,6,1998-07-12,3,60,4
723,1,1998,187,1998-07-12,12,40,0
724,1,1998,186,1998-07-12,14,38,0
725,1,1998,141,1998-07-12,21,15,0
728,1,1998,117,1998-07-12,15,37,0
733,1,1998,157,1998-07-12,20,27,0
737,1,1998,157,1998-07-12,11,45,0
742,1,1998,141,1998-07-12,7,59,0
743,1,1998,123,1998-07-12,17,29,0
744,1,1998,167,1998-07-12,5,59,2
746,1,1998,165,1998-07-12,8,58,0
747,1,1998,187,1998-07-12,16,37,0
748,1,1998,177,1998-07-12,6,59,1
750,1,1998,167,1998-07-12,4,59,3
752,1,1998,165,1998-07-12,18,29,0
753,1,1998,123,1998-07-12,9,56,0
679,34,1998,182,1998-07-26,8,70,0
685,34,1998,182,1998-07-26,16,21,0
696,34,1998,117,1998-07-26,1,71,10
703,34,1998,6,1998-07-26,3,71,4
712,34,1998,177,1998-07-26,7,71,0
715,34,1998,186,1998-07-26,18,8,0
720,34,1998,6,1998-07-26,4,71,3
723,34,1998,187,1998-07-26,21,0,0
724,34,1998,186,1998-07-26,13,51,0
725,34,1998,141,1998-07-26,17,16,0
728,34,1998,117,1998-07-26,2,71,6
733,34,1998,157,1998-07-26,20,1,0
737,34,1998,157,1998-07-26,19,3,0
742,34,1998,141,1998-07-26,6,71,1
743,34,1998,123,1998-07-26,12,69,0
744,34,1998,167,1998-07-26,15,21,0
746,34,1998,165,1998-07-26,11,70,0
747,34,1998,187,1998-07-26,10,70,0
748,34,1998,177,1998-07-26,5,71,2
750,34,1998,167,1998-07-26,9,70,0
752,34,1998,165,1998-07-26,14,30,0
753,34,1998,123,1998-07-26,22,0,0
679,33,1998,182,1998-08-02,17,37,0
685,33,1998,182,1998-08-02,10,45,0
696,33,1998,117,1998-08-02,1,45,10
703,33,1998,6,1998-08-02,5,45,2
712,33,1998,177,1998-08-02,4,45,3
715,33,1998,186,1998-08-02,19,27,0
720,33,1998,6,1998-08-02,8,45,0
723,33,1998,187,1998-08-02,15,44,0
724,33,1998,186,1998-08-02,20,24,0
725,33,1998,141,1998-08-02,9,45,0
728,33,1998,117,1998-08-02,2,45,6
733,33,1998,157,1998-08-02,14,44,0
737,33,1998,157,1998-08-02,21,2,0
742,33,1998,141,1998-08-02,3,45,4
744,33,1998,167,1998-08-02,7,45,0
746,33,1998,165,1998-08-02,18,36,0
747,33,1998,187,1998-08-02,12,44,0
748,33,1998,177,1998-08-02,6,45,1
750,33,1998,167,1998-08-02,11,45,0
752,33,1998,165,1998-08-02,16,43,0
753,33,1998,123,1998-08-02,13,44,0
679,52,1998,182,1998-08-16,10,76,0
685,52,1998,182,1998-08-16,7,76,0
696,52,1998,117,1998-08-16,6,76,1
703,52,1998,6,1998-08-16,1,77,10
712,52,1998,177,1998-08-16,4,77,3
715,52,1998,186,1998-08-16,17,54,0
720,52,1998,6,1998-08-16,20,13,0
723,52,1998,187,1998-08-16,12,74,0
724,52,1998,186,1998-08-16,13,74,0
725,52,1998,141,1998-08-16,5,77,2
728,52,1998,117,1998-08-16,2,77,6
733,52,1998,157,1998-08-16,19,18,0
737,52,1998,157,1998-08-16,11,74,0
742,52,1998,141,1998-08-16,3,77,4
744,52,1998,167,1998-08-16,8,76,0
746,52,1998,165,1998-08-16,15,74,0
747,52,1998,187,1998-08-16,18,28,0
748,52,1998,177,1998-08-16,9,76,0
750,52,1998,167,1998-08-16,16,69,0
752,52,1998,165,1998-08-16,21,13,0
753,52,1998,123,1998-08-16,14,74,0
679,5,1998,182,1998-08-30,18,0,0
685,5,1998,182,1998-08-30,3,44,4
696,5,1998,117,1998-08-30,16,0,0
703,5,1998,6,1998-08-30,10,25,0
712,5,1998,177,1998-08-30,1,44,10
715,5,1998,186,1998-08-30,19,0,0
720,5,1998,6,1998-08-30,11,25,0
723,5,1998,187,1998-08-30,20,0,0
724,5,1998,186,1998-08-30,15,8,0
725,5,1998,141,1998-08-30,4,44,3
728,5,1998,117,1998-08-30,7,39,0
733,5,1998,157,1998-08-30,21,0,0
737,5,1998,157,1998-08-30,5,44,2
742,5,1998,141,1998-08-30,13,16,0
743,5,1998,123,1998-08-30,22,0,0
744,5,1998,167,1998-08-30,9,26,0
746,5,1998,165,1998-08-30,8,39,0
747,5,1998,187,1998-08-30,6,42,1
748,5,1998,177,1998-08-30,2,44,6
750,5,1998,167,1998-08-30,17,0,0
752,5,1998,165,1998-08-30,12,17,0
753,5,1998,123,1998-08-30,14,10,0
679,7,1998,182,1998-09-13,21,12,0
685,7,1998,182,1998-09-13,5,53,2
696,7,1998,117,1998-09-13,4,53,3
703,7,1998,6,1998-09-13,1,53,10
712,7,1998,177,1998-09-13,6,53,1
715,7,1998,186,1998-09-13,10,52,0
720,7,1998,6,1998-09-13,2,53,6
723,7,1998,187,1998-09-13,19,15,0
724,7,1998,186,1998-09-13,14,39,0
725,7,1998,141,1998-09-13,7,52,0
728,7,1998,117,1998-09-13,18,16,0
733,7,1998,157,1998-09-13,16,32,0
737,7,1998,157,1998-09-13,22,10,0
742,7,1998,141,1998-09-13,15,37,0
743,7,1998,123,1998-09-13,12,51,0
744,7,1998,167,1998-09-13,8,52,0
746,7,1998,165,1998-09-13,20,13,0
747,7,1998,187,1998-09-13,13,50,0
748,7,1998,177,1998-09-13,3,53,4
750,7,1998,167,1998-09-13,17,24,0
752,7,1998,165,1998-09-13,11,51,0
753,7,1998,123,1998-09-13,9,52,0
679,8,1998,182,1998-09-27,19,37,0
685,8,1998,182,1998-09-27,10,66,0
696,8,1998,117,1998-09-27,1,67,10
703,8,1998,6,1998-09-27,2,67,6
712,8,1998,177,1998-09-27,9,66,0
715,8,1998,186,1998-09-27,11,65,0
720,8,1998,6,1998-09-27,4,67,3
723,8,1998,187,1998-09-27,12,65,0
724,8,1998,186,1998-09-27,13,65,0
725,8,1998,141,1998-09-27,5,67,2
728,8,1998,117,1998-09-27,3,67,4
733,8,1998,157,1998-09-27,14,65,0
737,8,1998,157,1998-09-27,22,6,0
742,8,1998,141,1998-09-27,8,66,0
743,8,1998,123,1998-09-27,20,36,0
744,8,1998,167,1998-09-27,6,67,1
746,8,1998,165,1998-09-27,15,65,0
747,8,1998,187,1998-09-27,21,6,0
748,8,1998,177,1998-09-27,18,53,0
750,8,1998,167,1998-09-27,7,67,0
752,8,1998,165,1998-09-27,17,56,0
753,8,1998,123,1998-09-27,16,65,0
679,53,1998,182,1998-11-01,10,50,0
685,53,1998,182,1998-11-01,7,51,0
696,53,1998,117,1998-11-01,1,51,10
703,53,1998,6,1998-11-01,14,31,0
712,53,1998,177,1998-11-01,4,51,3
715,53,1998,186,1998-11-01,17,25,0
720,53,1998,6,1998-11-01,2,51,6
723,53,1998,187,1998-11-01,11,50,0
724,53,1998,186,1998-11-01,18,21,0
725,53,1998,141,1998-11-01,5,51,2
728,53,1998,117,1998-11-01,3,51,4
733,53,1998,157,1998-11-01,19,14,0
737,53,1998,157,1998-11-01,21,2,0
742,53,1998,141,1998-11-01,6,51,1
744,53,1998,167,1998-11-01,8,51,0
746,53,1998,165,1998-11-01,13,40,0
747,53,1998,187,1998-11-01,12,48,0
748,53,1998,177,1998-11-01,20,13,0
750,53,1998,167,1998-11-01,9,50,0
752,53,1998,165,1998-11-01,16,28,0
753,53,1998,123,1998-11-01,15,28,0
679,59,1999,186,1999-03-07,22,0,0
685,59,1999,182,1999-03-07,21,0,0
696,59,1999,117,1999-03-07,16,21,0
703,59,1999,6,1999-03-07,8,56,0
704,59,1999,141,1999-03-07,17,20,0
712,59,1999,177,1999-03-07,20,0,0
715,59,1999,186,1999-03-07,5,57,2
716,59,1999,165,1999-03-07,10,42,0
720,59,1999,6,1999-03-07,1,57,10
723,59,1999,187,1999-03-07,15,23,0
725,59,1999,177,1999-03-07,2,57,6
728,59,1999,117,1999-03-07,18,13,0
737,59,1999,182,1999-03-07,12,27,0
742,59,1999,188,1999-03-07,19,13,0
744,59,1999,167,1999-03-07,4,57,3
747,59,1999,187,1999-03-07,14,25,0
748,59,1999,141,1999-03-07,3,57,4
750,59,1999,167,1999-03-07,11,28,0
753,59,1999,157,1999-03-07,7,57,0
754,59,1999,157,1999-03-07,6,57,1
755,59,1999,188,1999-03-07,9,48,0
756,59,1999,165,1999-03-07,13,25,0
679,37,1999,186,1999-04-11,20,15,0
685,37,1999,182,1999-04-11,17,27,0
696,37,1999,117,1999-04-11,1,72,10
703,37,1999,6,1999-04-11,2,72,6
704,37,1999,141,1999-04-11,12,43,0
712,37,1999,177,1999-04-11,21,10,0
715,37,1999,186,1999-04-11,13,42,0
720,37,1999,6,1999-04-11,5,71,2
723,37,1999,187,1999-04-11,6,71,1
725,37,1999,177,1999-04-11,3,71,4
728,37,1999,117,1999-04-11,18,22,0
737,37,1999,182,1999-04-11,14,42,0
742,37,1999,188,1999-04-11,11,49,0
744,37,1999,167,1999-04-11,15,38,0
747,37,1999,187,1999-04-11,19,21,0
748,37,1999,141,1999-04-11,4,71,3
750,37,1999,167,1999-04-11,7,70,0
753,37,1999,157,1999-04-11,8,69,0
754,37,1999,157,1999-04-11,10,52,0
756,37,1999,165,1999-04-11,9,69,0
757,37,1999,165,1999-04-11,16,31,0
679,45,1999,186,1999-05-02,10,58,0
685,45,1999,182,1999-05-02,6,61,1
696,45,1999,117,1999-05-02,18,17,0
703,45,1999,6,1999-05-02,1,62,10
704,45,1999,141,1999-05-02,11,58,0
712,45,1999,177,1999-05-02,4,61,3
715,45,1999,186,1999-05-02,3,61,4
716,45,1999,165,1999-05-02,8,59,0
720,45,1999,6,1999-05-02,14,46,0
723,45,1999,187,1999-05-02,13,48,0
725,45,1999,177,1999-05-02,15,46,0
728,45,1999,117,1999-05-02,2,62,6
733,45,1999,188,1999-05-02,7,59,0
737,45,1999,182,1999-05-02,12,49,0
742,45,1999,188,1999-05-02,21,0,0
744,45,1999,167,1999-05-02,5,61,2
747,45,1999,187,1999-05-02,22,0,0
748,45,1999,141,1999-05-02,17,28,0
750,45,1999,167,1999-05-02,20,5,0
753,45,1999,157,1999-05-02,16,29,0
754,45,1999,157,1999-05-02,19,5,0
756,45,1999,165,1999-05-02,9,59,0
679,2,1999,186,1999-05-16,18,32,0
685,2,1999,182,1999-05-16,11,50,0
696,2,1999,117,1999-05-16,3,78,4
703,2,1999,6,1999-05-16,1,78,10
704,2,1999,141,1999-05-16,8,76,0
712,2,1999,177,1999-05-16,22,3,0
715,2,1999,186,1999-05-16,9,71,0
716,2,1999,165,1999-05-16,21,10,0
720,2,1999,6,1999-05-16,2,78,6
723,2,1999,187,1999-05-16,13,40,0
725,2,1999,177,1999-05-16,4,78,3
728,2,1999,117,1999-05-16,14,36,0
733,2,1999,188,1999-05-16,15,36,0
737,2,1999,182,1999-05-16,12,49,0
742,2,1999,188,1999-05-16,17,32,0
744,2,1999,167,1999-05-16,5,77,2
747,2,1999,187,1999-05-16,7,77,0
748,2,1999,141,1999-05-16,10,54,0
750,2,1999,167,1999-05-16,6,77,1
753,2,1999,157,1999-05-16,16,36,0
754,2,1999,157,1999-05-16,19,30,0
756,2,1999,165,1999-05-16,20,24,0
679,56,1999,186,1999-05-30,16,40,0
685,56,1999,182,1999-05-30,18,27,0
696,56,1999,117,1999-05-30,1,65,10
703,56,1999,6,1999-05-30,3,65,4
704,56,1999,141,1999-05-30,19,24,0
712,56,1999,177,1999-05-30,7,64,0
715,56,1999,186,1999-05-30,22,64,0
716,56,1999,165,1999-05-30,13,50,0
720,56,1999,6,1999-05-30,4,65,3
723,56,1999,187,1999-05-30,20,24,0
725,56,1999,177,1999-05-30,17,35,0
728,56,1999,117,1999-05-30,2,65,6
733,56,1999,188,1999-05-30,8,64,0
737,56,1999,182,1999-05-30,15,40,0
742,56,1999,188,1999-05-30,14,40,0
744,56,1999,167,1999-05-30,9,64,0
747,56,1999,187,1999-05-30,6,64,1
748,56,1999,141,1999-05-30,5,65,2
750,56,1999,167,1999-05-30,10,64,0
753,56,1999,157,1999-05-30,12,62,0
754,56,1999,157,1999-05-30,11,63,0
756,56,1999,165,1999-05-30,21,0,0
679,44,1999,186,1999-06-13,5,69,2
685,44,1999,182,1999-06-13,20,0,0
696,44,1999,117,1999-06-13,1,69,10
703,44,1999,6,1999-06-13,15,29,0
704,44,1999,141,1999-06-13,12,50,0
712,44,1999,177,1999-06-13,17,14,0
715,44,1999,186,1999-06-13,18,14,0
716,44,1999,165,1999-06-13,10,67,0
720,44,1999,6,1999-06-13,3,69,4
723,44,1999,187,1999-06-13,9,68,0
725,44,1999,177,1999-06-13,11,65,0
728,44,1999,117,1999-06-13,7,69,0
737,44,1999,182,1999-06-13,6,69,1
742,44,1999,188,1999-06-13,14,34,0
744,44,1999,167,1999-06-13,2,69,6
747,44,1999,187,1999-06-13,21,0,0
748,44,1999,141,1999-06-13,4,69,3
750,44,1999,167,1999-06-13,22,0,0
753,44,1999,157,1999-06-13,13,41,0
754,44,1999,157,1999-06-13,16,22,0
755,44,1999,188,1999-06-13,19,2,0
756,44,1999,165,1999-06-13,8,68,0
679,55,1999,186,1999-06-27,21,4,0
685,55,1999,182,1999-06-27,18,24,0
696,55,1999,117,1999-06-27,2,72,6
703,55,1999,6,1999-06-27,5,72,2
704,55,1999,141,1999-06-27,14,26,0
712,55,1999,177,1999-06-27,13,31,0
715,55,1999,186,1999-06-27,3,72,4
716,55,1999,165,1999-06-27,10,71,0
720,55,1999,6,1999-06-27,6,72,1
723,55,1999,187,1999-06-27,8,72,0
725,55,1999,177,1999-06-27,1,72,10
728,55,1999,117,1999-06-27,19,9,0
737,55,1999,182,1999-06-27,20,6,0
742,55,1999,188,1999-06-27,15,25,0
744,55,1999,167,1999-06-27,12,42,0
747,55,1999,187,1999-06-27,7,72,0
748,55,1999,141,1999-06-27,4,72,3
750,55,1999,167,1999-06-27,16,25,0
753,55,1999,157,1999-06-27,22,71,0
754,55,1999,157,1999-06-27,11,71,0
755,55,1999,188,1999-06-27,9,72,0
756,55,1999,165,1999-06-27,17,25,0
679,1,1999,186,1999-07-11,12,60,0
685,1,1999,182,1999-07-11,14,59,0
696,1,1999,117,1999-07-11,18,35,0
703,1,1999,6,1999-07-11,22,0,0
704,1,1999,141,1999-07-11,11,60,0
712,1,1999,177,1999-07-11,5,60,2
715,1,1999,186,1999-07-11,8,60,0
716,1,1999,165,1999-07-11,20,6,0
720,1,1999,6,1999-07-11,2,60,6
723,1,1999,187,1999-07-11,13,60,0
725,1,1999,177,1999-07-11,4,60,3
728,1,1999,117,1999-07-11,1,60,10
737,1,1999,182,1999-07-11,6,60,1
742,1,1999,188,1999-07-11,19,29,0
744,1,1999,167,1999-07-11,7,60,0
747,1,1999,187,1999-07-11,9,60,0
748,1,1999,141,1999-07-11,3,60,4
750,1,1999,167,1999-07-11,10,60,0
753,1,1999,157,1999-07-11,16,58,0
754,1,1999,157,1999-07-11,21,0,0
755,1,1999,188,1999-07-11,17,41,0
756,1,1999,165,1999-07-11,15,58,0
679,34,1999,186,1999-07-25,14,67,0
685,34,1999,182,1999-07-25,17,49,0
696,34,1999,117,1999-07-25,3,71,4
704,34,1999,141,1999-07-25,19,35,0
712,34,1999,177,1999-07-25,8,70,0
715,34,1999,186,1999-07-25,16,55,0
716,34,1999,165,1999-07-25,13,68,0
720,34,1999,6,1999-07-25,1,71,10
723,34,1999,187,1999-07-25,10,70,0
725,34,1999,177,1999-07-25,4,71,3
728,34,1999,117,1999-07-25,2,71,6
733,34,1999,6,1999-07-25,9,70,0
737,34,1999,182,1999-07-25,6,71,1
742,34,1999,188,1999-07-25,20,34,0
744,34,1999,167,1999-07-25,12,68,0
747,34,1999,187,1999-07-25,7,70,0
748,34,1999,141,1999-07-25,22,8,0
750,34,1999,167,1999-07-25,5,71,2
753,34,1999,157,1999-07-25,21,25,0
754,34,1999,157,1999-07-25,18,38,0
755,34,1999,188,1999-07-25,15,63,0
756,34,1999,165,1999-07-25,11,70,0
679,33,1999,186,1999-08-01,11,40,0
685,33,1999,182,1999-08-01,8,45,0
696,33,1999,117,1999-08-01,13,25,0
704,33,1999,141,1999-08-01,14,21,0
712,33,1999,177,1999-08-01,17,13,0
715,33,1999,186,1999-08-01,20,6,0
716,33,1999,165,1999-08-01,10,44,0
720,33,1999,6,1999-08-01,1,45,10
723,33,1999,187,1999-08-01,6,45,1
725,33,1999,177,1999-08-01,3,45,4
728,33,1999,117,1999-08-01,5,45,2
733,33,1999,6,1999-08-01,2,45,6
737,33,1999,182,1999-08-01,22,0,0
742,33,1999,188,1999-08-01,21,0,0
744,33,1999,167,1999-08-01,19,7,0
747,33,1999,187,1999-08-01,18,10,0
748,33,1999,141,1999-08-01,4,45,3
750,33,1999,167,1999-08-01,7,45,0
753,33,1999,157,1999-08-01,16,15,0
754,33,1999,157,1999-08-01,12,37,0
755,33,1999,188,1999-08-01,15,20,0
756,33,1999,165,1999-08-01,9,45,0
679,52,1999,186,1999-08-15,11,76,0
685,52,1999,182,1999-08-15,16,74,0
696,52,1999,117,1999-08-15,1,77,10
704,52,1999,141,1999-08-15,22,10,0
712,52,1999,177,1999-08-15,6,77,1
715,52,1999,186,1999-08-15,5,77,2
716,52,1999,165,1999-08-15,14,75,0
720,52,1999,6,1999-08-15,3,77,4
723,52,1999,187,1999-08-15,10,76,0
725,52,1999,177,1999-08-15,4,77,3
728,52,1999,117,1999-08-15,2,77,6
733,52,1999,6,1999-08-15,12,75,0
737,52,1999,182,1999-08-15,21,19,0
742,52,1999,188,1999-08-15,18,60,0
744,52,1999,167,1999-08-15,19,52,0
747,52,1999,187,1999-08-15,8,76,0
748,52,1999,141,1999-08-15,9,76,0
750,52,1999,167,1999-08-15,7,77,0
753,52,1999,157,1999-08-15,20,26,0
754,52,1999,157,1999-08-15,15,75,0
755,52,1999,188,1999-08-15,13,75,0
756,52,1999,165,1999-08-15,17,74,0
679,5,1999,186,1999-08-29,20,27,0
685,5,1999,182,1999-08-29,9,44,0
696,5,1999,117,1999-08-29,2,44,6
704,5,1999,141,1999-08-29,8,44,0
712,5,1999,177,1999-08-29,6,44,1
715,5,1999,186,1999-08-29,10,44,0
716,5,1999,165,1999-08-29,18,33,0
720,5,1999,6,1999-08-29,4,44,3
723,5,1999,187,1999-08-29,13,44,0
725,5,1999,177,1999-08-29,3,44,4
728,5,1999,117,1999-08-29,1,44,10
733,5,1999,6,1999-08-29,7,44,0
737,5,1999,182,1999-08-29,21,19,0
742,5,1999,188,1999-08-29,15,43,0
744,5,1999,167,1999-08-29,11,44,0
747,5,1999,187,1999-08-29,12,44,0
748,5,1999,141,1999-08-29,5,44,2
750,5,1999,167,1999-08-29,14,44,0
753,5,1999,157,1999-08-29,22,0,0
754,5,1999,157,1999-08-29,17,35,0
755,5,1999,188,1999-08-29,19,33,0
756,5,1999,165,1999-08-29,16,43,0
679,7,1999,186,1999-09-12,12,40,0
685,7,1999,182,1999-09-12,9,53,0
696,7,1999,117,1999-09-12,15,29,0
704,7,1999,141,1999-09-12,7,53,0
712,7,1999,177,1999-09-12,10,53,0
715,7,1999,186,1999-09-12,4,53,3
716,7,1999,165,1999-09-12,18,23,0
720,7,1999,6,1999-09-12,6,53,1
723,7,1999,187,1999-09-12,11,52,0
725,7,1999,177,1999-09-12,1,53,10
728,7,1999,117,1999-09-12,5,53,2
733,7,1999,6,1999-09-12,3,53,4
737,7,1999,182,1999-09-12,20,1,0
742,7,1999,188,1999-09-12,8,53,0
744,7,1999,167,1999-09-12,21,1,0
747,7,1999,187,1999-09-12,16,29,0
748,7,1999,141,1999-09-12,2,53,6
750,7,1999,167,1999-09-12,19,11,0
753,7,1999,157,1999-09-12,13,35,0
754,7,1999,157,1999-09-12,14,35,0
755,7,1999,188,1999-09-12,17,25,0
756,7,1999,165,1999-09-12,22,0,0
679,8,1999,186,1999-09-26,1,66,10
685,8,1999,182,1999-09-26,17,35,0
696,8,1999,117,1999-09-26,5,66,2
704,8,1999,141,1999-09-26,19,10,0
712,8,1999,177,1999-09-26,20,0,0
715,8,1999,186,1999-09-26,3,66,4
716,8,1999,165,1999-09-26,11,53,0
720,8,1999,6,1999-09-26,7,66,0
723,8,1999,187,1999-09-26,9,65,0
725,8,1999,177,1999-09-26,18,32,0
728,8,1999,117,1999-09-26,16,37,0
733,8,1999,6,1999-09-26,14,44,0
737,8,1999,182,1999-09-26,22,0,0
742,8,1999,188,1999-09-26,10,61,0
744,8,1999,167,1999-09-26,13,48,0
747,8,1999,187,1999-09-26,2,66,6
748,8,1999,141,1999-09-26,4,66,3
750,8,1999,167,1999-09-26,21,0,0
753,8,1999,157,1999-09-26,15,42,0
754,8,1999,157,1999-09-26,12,52,0
755,8,1999,188,1999-09-26,8,65,0
756,8,1999,165,1999-09-26,6,66,1
679,60,1999,186,1999-10-17,4,56,3
685,60,1999,182,1999-10-17,7,56,0
696,60,1999,117,1999-10-17,3,56,4
703,60,1999,6,1999-10-17,2,56,6
704,60,1999,141,1999-10-17,10,55,0
712,60,1999,177,1999-10-17,21,0,0
715,60,1999,186,1999-10-17,5,56,2
716,60,1999,165,1999-10-17,15,15,0
720,60,1999,6,1999-10-17,1,56,10
723,60,1999,187,1999-10-17,20,5,0
725,60,1999,177,1999-10-17,6,56,1
728,60,1999,117,1999-10-17,16,14,0
737,60,1999,182,1999-10-17,13,44,0
742,60,1999,188,1999-10-17,12,48,0
744,60,1999,167,1999-10-17,11,52,0
747,60,1999,187,1999-10-17,22,0,0
748,60,1999,141,1999-10-17,17,7,0
750,60,1999,167,1999-10-17,8,56,0
753,60,1999,157,1999-10-17,18,7,0
754,60,1999,157,1999-10-17,14,30,0
755,60,1999,188,1999-10-17,19,6,0
756,60,1999,165,1999-10-17,9,55,0
679,53,1999,186,1999-10-31,7,52,0
685,53,1999,182,1999-10-31,6,52,1
696,53,1999,117,1999-10-31,1,53,10
703,53,1999,6,1999-10-31,2,53,6
704,53,1999,141,1999-10-31,22,0,0
712,53,1999,177,1999-10-31,19,21,0
715,53,1999,186,1999-10-31,8,52,0
716,53,1999,165,1999-10-31,16,43,0
720,53,1999,6,1999-10-31,3,53,4
723,53,1999,187,1999-10-31,20,19,0
725,53,1999,177,1999-10-31,4,53,3
728,53,1999,117,1999-10-31,17,39,0
737,53,1999,182,1999-10-31,11,52,0
742,53,1999,188,1999-10-31,9,52,0
744,53,1999,167,1999-10-31,14,47,0
747,53,1999,187,1999-10-31,21,3,0
748,53,1999,141,1999-10-31,5,53,2
750,53,1999,167,1999-10-31,10,52,0
753,53,1999,157,1999-10-31,15,43,0
754,53,1999,157,1999-10-31,13,51,0
755,53,1999,188,1999-10-31,12,52,0
756,53,1999,165,1999-10-31,18,31,0
679,59,2000,189,2000-03-12,22,1,0
685,59,2000,187,2000-03-12,16,27,0
696,59,2000,117,2000-03-12,17,18,0
703,59,2000,6,2000-03-12,1,58,10
715,59,2000,6,2000-03-12,2,58,6
720,59,2000,189,2000-03-12,21,6,0
724,59,2000,157,2000-03-12,18,16,0
725,59,2000,177,2000-03-12,14,39,0
728,59,2000,117,2000-03-12,19,11,0
733,59,2000,182,2000-03-12,10,58,0
737,59,2000,182,2000-03-12,12,41,0
742,59,2000,188,2000-03-12,4,58,3
744,59,2000,167,2000-03-12,5,58,2
747,59,2000,177,2000-03-12,15,35,0
748,59,2000,141,2000-03-12,3,58,4
750,59,2000,167,2000-03-12,7,58,0
754,59,2000,157,2000-03-12,20,6,0
755,59,2000,188,2000-03-12,6,58,1
756,59,2000,165,2000-03-12,8,57,0
758,59,2000,187,2000-03-12,9,56,0
759,59,2000,141,2000-03-12,11,46,0
760,59,2000,165,2000-03-12,13,40,0
679,37,2000,189,2000-03-26,12,51,0
685,37,2000,187,2000-03-26,18,11,0
696,37,2000,117,2000-03-26,14,30,0
703,37,2000,6,2000-03-26,1,71,10
715,37,2000,6,2000-03-26,15,27,0
720,37,2000,189,2000-03-26,16,20,0
724,37,2000,157,2000-03-26,7,70,0
725,37,2000,177,2000-03-26,3,71,4
728,37,2000,117,2000-03-26,11,71,0
733,37,2000,182,2000-03-26,22,0,0
737,37,2000,182,2000-03-26,21,0,0
742,37,2000,188,2000-03-26,17,16,0
744,37,2000,167,2000-03-26,2,71,6
747,37,2000,177,2000-03-26,4,71,3
748,37,2000,141,2000-03-26,5,70,2
750,37,2000,167,2000-03-26,20,6,0
754,37,2000,157,2000-03-26,8,70,0
755,37,2000,188,2000-03-26,9,69,0
756,37,2000,165,2000-03-26,13,31,0
758,37,2000,187,2000-03-26,19,9,0
759,37,2000,141,2000-03-26,6,70,1
760,37,2000,165,2000-03-26,10,69,0
679,45,2000,189,2000-04-09,10,61,0
685,45,2000,187,2000-04-09,18,25,0
696,45,2000,117,2000-04-09,2,62,6
703,45,2000,6,2000-04-09,1,62,10
715,45,2000,6,2000-04-09,4,62,3
720,45,2000,189,2000-04-09,7,61,0
724,45,2000,157,2000-04-09,14,59,0
725,45,2000,177,2000-04-09,22,4,0
728,45,2000,117,2000-04-09,3,62,4
733,45,2000,182,2000-04-09,6,61,1
737,45,2000,182,2000-04-09,8,61,0
742,45,2000,188,2000-04-09,5,61,2
744,45,2000,167,2000-04-09,11,61,0
747,45,2000,177,2000-04-09,15,58,0
748,45,2000,141,2000-04-09,17,45,0
750,45,2000,167,2000-04-09,9,61,0
754,45,2000,157,2000-04-09,16,49,0
755,45,2000,188,2000-04-09,12,61,0
756,45,2000,165,2000-04-09,21,5,0
758,45,2000,187,2000-04-09,19,22,0
759,45,2000,141,2000-04-09,20,5,0
760,45,2000,165,2000-04-09,13,60,0
679,1,2000,189,2000-04-23,12,59,0
685,1,2000,187,2000-04-23,10,59,0
696,1,2000,117,2000-04-23,2,60,6
703,1,2000,6,2000-04-23,3,60,4
715,1,2000,6,2000-04-23,20,35,0
720,1,2000,189,2000-04-23,13,59,0
724,1,2000,157,2000-04-23,22,20,0
725,1,2000,177,2000-04-23,17,54,0
728,1,2000,117,2000-04-23,1,60,10
733,1,2000,182,2000-04-23,8,59,0
737,1,2000,182,2000-04-23,11,59,0
742,1,2000,188,2000-04-23,16,56,0
744,1,2000,167,2000-04-23,7,59,0
747,1,2000,177,2000-04-23,6,60,1
748,1,2000,141,2000-04-23,4,60,3
750,1,2000,167,2000-04-23,9,59,0
754,1,2000,157,2000-04-23,21,26,0
755,1,2000,188,2000-04-23,19,36,0
756,1,2000,165,2000-04-23,14,59,0
758,1,2000,187,2000-04-23,18,51,0
759,1,2000,141,2000-04-23,5,60,2
760,1,2000,165,2000-04-23,15,59,0
679,56,2000,189,2000-05-07,13,64,0
685,56,2000,187,2000-05-07,20,1,0
696,56,2000,117,2000-05-07,1,65,10
703,56,2000,6,2000-05-07,5,65,2
715,56,2000,6,2000-05-07,3,65,4
720,56,2000,189,2000-05-07,11,64,0
724,56,2000,157,2000-05-07,18,25,0
725,56,2000,177,2000-05-07,6,65,1
728,56,2000,117,2000-05-07,2,65,6
733,56,2000,182,2000-05-07,7,64,0
737,56,2000,182,2000-05-07,22,0,0
742,56,2000,188,2000-05-07,19,21,0
744,56,2000,167,2000-05-07,9,64,0
747,56,2000,177,2000-05-07,12,64,0
748,56,2000,141,2000-05-07,4,65,3
750,56,2000,167,2000-05-07,10,64,0
754,56,2000,157,2000-05-07,21,1,0
755,56,2000,188,2000-05-07,8,64,0
756,56,2000,165,2000-05-07,14,63,0
758,56,2000,187,2000-05-07,16,62,0
759,56,2000,141,2000-05-07,17,61,0
760,56,2000,165,2000-05-07,15,63,0
679,8,2000,189,2000-05-21,11,61,0
685,8,2000,187,2000-05-21,9,65,0
696,8,2000,117,2000-05-21,2,67,6
703,8,2000,6,2000-05-21,1,67,10
715,8,2000,6,2000-05-21,4,66,3
720,8,2000,189,2000-05-21,16,29,0
724,8,2000,157,2000-05-21,17,29,0
725,8,2000,177,2000-05-21,20,2,0
728,8,2000,117,2000-05-21,3,66,4
733,8,2000,182,2000-05-21,19,27,0
737,8,2000,182,2000-05-21,7,65,0
742,8,2000,188,2000-05-21,15,46,0
744,8,2000,167,2000-05-21,5,66,2
747,8,2000,177,2000-05-21,21,0,0
748,8,2000,141,2000-05-21,18,29,0
750,8,2000,167,2000-05-21,12,61,0
754,8,2000,157,2000-05-21,6,66,1
755,8,2000,188,2000-05-21,13,51,0
756,8,2000,165,2000-05-21,14,47,0
759,8,2000,141,2000-05-21,10,62,0
760,8,2000,165,2000-05-21,8,65,0
679,2,2000,189,2000-06-04,9,76,0
685,2,2000,187,2000-06-04,17,29,0
696,2,2000,117,2000-06-04,6,77,1
703,2,2000,6,2000-06-04,12,55,0
715,2,2000,6,2000-06-04,2,78,6
720,2,2000,189,2000-06-04,4,78,3
724,2,2000,157,2000-06-04,11,60,0
725,2,2000,177,2000-06-04,10,70,0
728,2,2000,117,2000-06-04,1,78,10
733,2,2000,182,2000-06-04,5,78,2
737,2,2000,182,2000-06-04,16,30,0
742,2,2000,188,2000-06-04,7,77,0
744,2,2000,167,2000-06-04,3,78,4
747,2,2000,177,2000-06-04,15,36,0
748,2,2000,141,2000-06-04,14,37,0
750,2,2000,167,2000-06-04,20,18,0
754,2,2000,157,2000-06-04,22,0,0
755,2,2000,188,2000-06-04,13,48,0
756,2,2000,165,2000-06-04,19,21,0
758,2,2000,187,2000-06-04,8,77,0
759,2,2000,141,2000-06-04,21,16,0
760,2,2000,165,2000-06-04,18,22,0
679,44,2000,189,2000-06-18,22,14,0
685,44,2000,187,2000-06-18,19,38,0
696,44,2000,117,2000-06-18,4,69,3
703,44,2000,6,2000-06-18,1,69,10
715,44,2000,6,2000-06-18,2,69,6
720,44,2000,189,2000-06-18,13,66,0
724,44,2000,157,2000-06-18,5,69,2
725,44,2000,177,2000-06-18,21,32,0
728,44,2000,117,2000-06-18,7,69,0
733,44,2000,182,2000-06-18,18,42,0
737,44,2000,182,2000-06-18,10,69,0
742,44,2000,188,2000-06-18,15,64,0
744,44,2000,167,2000-06-18,3,69,4
747,44,2000,177,2000-06-18,6,69,1
748,44,2000,141,2000-06-18,14,64,0
750,44,2000,167,2000-06-18,9,69,0
754,44,2000,157,2000-06-18,17,48,0
755,44,2000,188,2000-06-18,8,69,0
756,44,2000,165,2000-06-18,16,64,0
758,44,2000,187,2000-06-18,20,34,0
759,44,2000,141,2000-06-18,11,68,0
760,44,2000,165,2000-06-18,12,68,0
679,55,2000,189,2000-07-02,21,20,0
685,55,2000,187,2000-07-02,14,70,0
696,55,2000,117,2000-07-02,2,72,6
703,55,2000,6,2000-07-02,16,58,0
715,55,2000,6,2000-07-02,3,72,4
720,55,2000,189,2000-07-02,13,70,0
724,55,2000,157,2000-07-02,20,25,0
725,55,2000,177,2000-07-02,7,71,0
728,55,2000,117,2000-07-02,1,72,10
733,55,2000,182,2000-07-02,10,71,0
737,55,2000,182,2000-07-02,11,71,0
742,55,2000,188,2000-07-02,4,72,3
744,55,2000,167,2000-07-02,9,71,0
747,55,2000,177,2000-07-02,6,72,1
748,55,2000,141,2000-07-02,5,72,2
750,55,2000,167,2000-07-02,18,34,0
754,55,2000,157,2000-07-02,17,45,0
755,55,2000,188,2000-07-02,22,16,0
756,55,2000,165,2000-07-02,15,70,0
758,55,2000,187,2000-07-02,12,71,0
759,55,2000,141,2000-07-02,8,71,0
760,55,2000,165,2000-07-02,19,31,0
679,34,2000,189,2000-07-16,7,70,0
685,34,2000,187,2000-07-16,16,41,0
696,34,2000,117,2000-07-16,1,71,10
703,34,2000,6,2000-07-16,20,0,0
715,34,2000,6,2000-07-16,3,71,4
724,34,2000,157,2000-07-16,18,14,0
725,34,2000,177,2000-07-16,19,4,0
728,34,2000,117,2000-07-16,2,71,6
733,34,2000,182,2000-07-16,6,70,1
737,34,2000,182,2000-07-16,9,70,0
742,34,2000,188,2000-07-16,4,70,3
744,34,2000,167,2000-07-16,22,0,0
747,34,2000,177,2000-07-16,21,0,0
748,34,2000,141,2000-07-16,14,52,0
750,34,2000,167,2000-07-16,10,70,0
754,34,2000,157,2000-07-16,17,32,0
755,34,2000,188,2000-07-16,13,58,0
756,34,2000,165,2000-07-16,8,70,0
758,34,2000,187,2000-07-16,15,41,0
759,34,2000,141,2000-07-16,5,70,2
760,34,2000,165,2000-07-16,12,68,0
761,34,2000,189,2000-07-16,11,69,0
679,33,2000,189,2000-07-30,20,12,0
685,33,2000,187,2000-07-30,19,29,0
696,33,2000,117,2000-07-30,2,45,6
703,33,2000,6,2000-07-30,21,0,0
715,33,2000,6,2000-07-30,1,45,10
720,33,2000,189,2000-07-30,10,45,0
724,33,2000,157,2000-07-30,14,39,0
725,33,2000,177,2000-07-30,13,39,0
728,33,2000,117,2000-07-30,3,45,4
733,33,2000,182,2000-07-30,5,45,2
737,33,2000,182,2000-07-30,18,29,0
742,33,2000,188,2000-07-30,8,45,0
744,33,2000,167,2000-07-30,22,0,0
747,33,2000,177,2000-07-30,9,45,0
748,33,2000,141,2000-07-30,7,45,0
750,33,2000,167,2000-07-30,17,31,0
754,33,2000,157,2000-07-30,6,45,1
755,33,2000,188,2000-07-30,15,37,0
756,33,2000,165,2000-07-30,16,33,0
758,33,2000,187,2000-07-30,12,40,0
759,33,2000,141,2000-07-30,4,45,3
760,33,2000,165,2000-07-30,11,45,0
679,52,2000,189,2000-08-13,18,67,0
685,52,2000,187,2000-08-13,22,11,0
696,52,2000,117,2000-08-13,1,77,10
703,52,2000,6,2000-08-13,2,77,6
715,52,2000,6,2000-08-13,4,77,3
720,52,2000,189,2000-08-13,8,76,0
724,52,2000,157,2000-08-13,13,75,0
725,52,2000,177,2000-08-13,6,77,1
728,52,2000,117,2000-08-13,3,77,4
733,52,2000,182,2000-08-13,10,76,0
737,52,2000,182,2000-08-13,19,62,0
742,52,2000,188,2000-08-13,12,75,0
744,52,2000,167,2000-08-13,20,31,0
747,52,2000,177,2000-08-13,7,76,0
748,52,2000,141,2000-08-13,5,77,2
750,52,2000,167,2000-08-13,11,76,0
754,52,2000,157,2000-08-13,16,73,0
755,52,2000,188,2000-08-13,14,75,0
756,52,2000,165,2000-08-13,15,74,0
758,52,2000,187,2000-08-13,21,22,0
759,52,2000,141,2000-08-13,9,76,0
760,52,2000,165,2000-08-13,17,68,0
679,5,2000,189,2000-08-27,8,44,0
685,5,2000,187,2000-08-27,19,32,0
696,5,2000,117,2000-08-27,1,44,10
703,5,2000,6,2000-08-27,2,44,6
715,5,2000,6,2000-08-27,18,32,0
720,5,2000,189,2000-08-27,10,44,0
724,5,2000,157,2000-08-27,15,43,0
725,5,2000,177,2000-08-27,6,44,1
728,5,2000,117,2000-08-27,4,44,3
733,5,2000,182,2000-08-27,9,44,0
737,5,2000,182,2000-08-27,11,44,0
742,5,2000,188,2000-08-27,7,44,0
744,5,2000,167,2000-08-27,21,8,0
747,5,2000,177,2000-08-27,22,4,0
748,5,2000,141,2000-08-27,3,44,4
750,5,2000,167,2000-08-27,13,43,0
754,5,2000,157,2000-08-27,16,42,0
755,5,2000,188,2000-08-27,12,43,0
756,5,2000,165,2000-08-27,14,43,0
758,5,2000,187,2000-08-27,20,12,0
759,5,2000,141,2000-08-27,5,44,2
760,5,2000,165,2000-08-27,17,42,0
679,7,2000,189,2000-09-10,16,1,0
685,7,2000,187,2000-09-10,12,51,0
696,7,2000,117,2000-09-10,2,53,6
703,7,2000,6,2000-09-10,1,53,10
715,7,2000,6,2000-09-10,17,0,0
720,7,2000,189,2000-09-10,22,0,0
724,7,2000,157,2000-09-10,4,53,3
725,7,2000,177,2000-09-10,20,0,0
728,7,2000,117,2000-09-10,18,0,0
733,7,2000,182,2000-09-10,7,52,0
737,7,2000,182,2000-09-10,8,52,0
742,7,2000,188,2000-09-10,14,14,0
744,7,2000,167,2000-09-10,11,52,0
747,7,2000,177,2000-09-10,19,0,0
748,7,2000,141,2000-09-10,3,53,4
750,7,2000,167,2000-09-10,5,53,2
754,7,2000,157,2000-09-10,21,0,0
755,7,2000,188,2000-09-10,6,53,1
756,7,2000,165,2000-09-10,9,52,0
758,7,2000,187,2000-09-10,13,15,0
759,7,2000,141,2000-09-10,15,10,0
760,7,2000,165,2000-09-10,10,52,0
679,3,2000,189,2000-09-24,11,72,0
685,3,2000,187,2000-09-24,13,64,0
696,3,2000,117,2000-09-24,19,25,0
703,3,2000,6,2000-09-24,1,73,10
715,3,2000,6,2000-09-24,2,73,6
720,3,2000,189,2000-09-24,7,73,0
724,3,2000,157,2000-09-24,18,34,0
725,3,2000,177,2000-09-24,3,73,4
728,3,2000,117,2000-09-24,5,73,2
733,3,2000,182,2000-09-24,20,18,0
737,3,2000,182,2000-09-24,8,72,0
742,3,2000,188,2000-09-24,4,73,3
744,3,2000,167,2000-09-24,17,44,0
747,3,2000,177,2000-09-24,22,12,0
748,3,2000,141,2000-09-24,15,58,0
750,3,2000,167,2000-09-24,10,72,0
754,3,2000,157,2000-09-24,16,45,0
755,3,2000,188,2000-09-24,6,73,1
756,3,2000,165,2000-09-24,12,72,0
758,3,2000,187,2000-09-24,9,72,0
759,3,2000,141,2000-09-24,21,14,0
760,3,2000,165,2000-09-24,14,59,0
679,53,2000,189,2000-10-08,7,52,0
685,53,2000,187,2000-10-08,21,19,0
696,53,2000,117,2000-10-08,2,53,6
703,53,2000,6,2000-10-08,1,53,10
715,53,2000,6,2000-10-08,4,53,3
720,53,2000,189,2000-10-08,8,52,0
724,53,2000,157,2000-10-08,22,9,0
725,53,2000,177,2000-10-08,20,29,0
728,53,2000,117,2000-10-08,3,53,4
733,53,2000,182,2000-10-08,10,52,0
737,53,2000,182,2000-10-08,11,52,0
742,53,2000,188,2000-10-08,6,52,1
744,53,2000,167,2000-10-08,14,52,0
747,53,2000,177,2000-10-08,13,52,0
748,53,2000,141,2000-10-08,17,41,0
750,53,2000,167,2000-10-08,19,37,0
754,53,2000,157,2000-10-08,12,52,0
755,53,2000,188,2000-10-08,9,52,0
756,53,2000,165,2000-10-08,16,46,0
758,53,2000,187,2000-10-08,18,41,0
759,53,2000,141,2000-10-08,5,53,2
760,53,2000,165,2000-10-08,15,51,0
679,60,2000,189,2000-10-22,14,48,0
685,60,2000,187,2000-10-22,11,55,0
696,60,2000,117,2000-10-22,4,56,3
703,60,2000,6,2000-10-22,1,56,10
715,60,2000,6,2000-10-22,3,56,4
720,60,2000,189,2000-10-22,6,56,1
724,60,2000,157,2000-10-22,10,55,0
725,60,2000,177,2000-10-22,19,7,0
728,60,2000,117,2000-10-22,2,56,6
733,60,2000,182,2000-10-22,8,55,0
737,60,2000,182,2000-10-22,22,0,0
742,60,2000,188,2000-10-22,5,56,2
744,60,2000,167,2000-10-22,9,55,0
747,60,2000,177,2000-10-22,12,55,0
748,60,2000,141,2000-10-22,16,43,0
750,60,2000,167,2000-10-22,7,56,0
754,60,2000,157,2000-10-22,20,0,0
755,60,2000,188,2000-10-22,15,46,0
756,60,2000,165,2000-10-22,17,36,0
758,60,2000,187,2000-10-22,21,0,0
759,60,2000,141,2000-10-22,18,18,0
760,60,2000,165,2000-10-22,13,50,0
685,59,2001,187,2001-03-04,9,57,0
696,59,2001,117,2001-03-04,17,25,0
703,59,2001,6,2001-03-04,1,58,10
715,59,2001,6,2001-03-04,3,58,4
720,59,2001,189,2001-03-04,11,57,0
723,59,2001,188,2001-03-04,7,58,0
724,59,2001,157,2001-03-04,10,57,0
725,59,2001,177,2001-03-04,5,58,2
728,59,2001,117,2001-03-04,2,58,6
742,59,2001,188,2001-03-04,19,4,0
744,59,2001,167,2001-03-04,13,55,0
745,59,2001,165,2001-03-04,20,3,0
747,59,2001,177,2001-03-04,16,38,0
748,59,2001,141,2001-03-04,18,4,0
758,59,2001,182,2001-03-04,4,58,3
759,59,2001,167,2001-03-04,14,52,0
760,59,2001,187,2001-03-04,22,0,0
761,59,2001,189,2001-03-04,8,57,0
762,59,2001,182,2001-03-04,6,58,1
763,59,2001,165,2001-03-04,12,56,0
764,59,2001,141,2001-03-04,15,40,0
765,59,2001,157,2001-03-04,21,2,0
685,60,2001,187,2001-03-18,9,54,0
696,60,2001,117,2001-03-18,6,55,1
703,60,2001,6,2001-03-18,1,55,10
715,60,2001,6,2001-03-18,2,55,6
720,60,2001,189,2001-03-18,20,3,0
723,60,2001,188,2001-03-18,21,1,0
724,60,2001,157,2001-03-18,7,55,0
725,60,2001,177,2001-03-18,4,55,3
728,60,2001,117,2001-03-18,3,55,4
742,60,2001,188,2001-03-18,16,3,0
744,60,2001,167,2001-03-18,15,31,0
745,60,2001,165,2001-03-18,14,51,0
747,60,2001,177,2001-03-18,8,54,0
748,60,2001,141,2001-03-18,5,55,2
758,60,2001,182,2001-03-18,17,3,0
759,60,2001,167,2001-03-18,11,53,0
760,60,2001,187,2001-03-18,12,53,0
761,60,2001,189,2001-03-18,10,54,0
762,60,2001,182,2001-03-18,22,0,0
763,60,2001,165,2001-03-18,13,52,0
764,60,2001,141,2001-03-18,19,3,0
765,60,2001,157,2001-03-18,18,3,0
685,37,2001,187,2001-04-01,8,70,0
696,37,2001,117,2001-04-01,22,0,0
703,37,2001,6,2001-04-01,2,71,6
715,37,2001,6,2001-04-01,21,2,0
720,37,2001,189,2001-04-01,15,52,0
723,37,2001,188,2001-04-01,4,70,3
724,37,2001,157,2001-04-01,17,37,0
725,37,2001,177,2001-04-01,11,63,0
728,37,2001,117,2001-04-01,1,71,10
742,37,2001,188,2001-04-01,7,70,0
744,37,2001,167,2001-04-01,6,70,1
745,37,2001,165,2001-04-01,9,68,0
747,37,2001,177,2001-04-01,5,70,2
748,37,2001,141,2001-04-01,13,54,0
758,37,2001,182,2001-04-01,3,70,4
759,37,2001,167,2001-04-01,10,64,0
760,37,2001,187,2001-04-01,14,54,0
761,37,2001,189,2001-04-01,18,30,0
762,37,2001,182,2001-04-01,12,55,0
763,37,2001,165,2001-04-01,19,25,0
764,37,2001,141,2001-04-01,16,38,0
765,37,2001,157,2001-04-01,20,15,0
685,45,2001,187,2001-04-15,9,61,0
696,45,2001,117,2001-04-15,4,62,3
703,45,2001,6,2001-04-15,19,24,0
715,45,2001,6,2001-04-15,3,62,4
720,45,2001,189,2001-04-15,15,42,0
723,45,2001,188,2001-04-15,8,61,0
724,45,2001,157,2001-04-15,21,6,0
725,45,2001,177,2001-04-15,6,61,1
728,45,2001,117,2001-04-15,2,62,6
742,45,2001,188,2001-04-15,17,30,0
744,45,2001,167,2001-04-15,16,31,0
745,45,2001,165,2001-04-15,13,50,0
747,45,2001,177,2001-04-15,5,62,2
748,45,2001,141,2001-04-15,1,62,10
758,45,2001,182,2001-04-15,7,61,0
759,45,2001,167,2001-04-15,12,60,0
760,45,2001,187,2001-04-15,18,28,0
761,45,2001,189,2001-04-15,11,60,0
762,45,2001,182,2001-04-15,20,17,0
763,45,2001,165,2001-04-15,22,5,0
764,45,2001,141,2001-04-15,14,48,0
765,45,2001,157,2001-04-15,10,60,0
685,56,2001,187,2001-04-29,10,64,0
696,56,2001,117,2001-04-29,9,64,0
703,56,2001,6,2001-04-29,1,65,10
715,56,2001,6,2001-04-29,17,49,0
720,56,2001,189,2001-04-29,18,48,0
723,56,2001,188,2001-04-29,7,65,0
724,56,2001,157,2001-04-29,12,63,0
725,56,2001,177,2001-04-29,22,5,0
728,56,2001,117,2001-04-29,5,65,2
742,56,2001,188,2001-04-29,3,65,4
744,56,2001,167,2001-04-29,14,63,0
745,56,2001,165,2001-04-29,16,62,0
747,56,2001,177,2001-04-29,4,65,3
748,56,2001,141,2001-04-29,19,20,0
754,56,2001,189,2001-04-29,21,5,0
758,56,2001,182,2001-04-29,6,65,1
759,56,2001,167,2001-04-29,15,62,0
761,56,2001,187,2001-04-29,11,64,0
762,56,2001,182,2001-04-29,8,65,0
763,56,2001,165,2001-04-29,13,63,0
764,56,2001,141,2001-04-29,2,65,6
765,56,2001,157,2001-04-29,20,8,0
685,34,2001,187,2001-05-13,10,69,0
696,34,2001,117,2001-05-13,21,1,0
703,34,2001,6,2001-05-13,2,71,6
715,34,2001,6,2001-05-13,3,71,4
720,34,2001,189,2001-05-13,7,70,0
723,34,2001,188,2001-05-13,5,71,2
724,34,2001,157,2001-05-13,6,70,1
725,34,2001,177,2001-05-13,22,0,0
728,34,2001,117,2001-05-13,1,71,10
742,34,2001,188,2001-05-13,8,70,0
744,34,2001,167,2001-05-13,20,3,0
745,34,2001,165,2001-05-13,16,25,0
747,34,2001,177,2001-05-13,18,14,0
748,34,2001,141,2001-05-13,19,10,0
754,34,2001,189,2001-05-13,13,48,0
758,34,2001,182,2001-05-13,9,69,0
759,34,2001,167,2001-05-13,12,60,0
761,34,2001,187,2001-05-13,11,69,0
762,34,2001,182,2001-05-13,4,71,3
763,34,2001,165,2001-05-13,15,38,0
764,34,2001,141,2001-05-13,14,41,0
765,34,2001,157,2001-05-13,17,17,0
685,2,2001,187,2001-05-27,6,77,1
696,2,2001,117,2001-05-27,19,15,0
703,2,2001,6,2001-05-27,1,78,10
715,2,2001,6,2001-05-27,2,78,6
720,2,2001,189,2001-05-27,3,78,4
723,2,2001,188,2001-05-27,20,13,0
724,2,2001,157,2001-05-27,8,77,0
725,2,2001,177,2001-05-27,14,49,0
728,2,2001,117,2001-05-27,5,77,2
742,2,2001,188,2001-05-27,4,78,3
744,2,2001,167,2001-05-27,15,43,0
745,2,2001,165,2001-05-27,12,56,0
747,2,2001,177,2001-05-27,16,30,0
748,2,2001,141,2001-05-27,11,57,0
754,2,2001,189,2001-05-27,18,18,0
758,2,2001,182,2001-05-27,22,0,0
759,2,2001,167,2001-05-27,7,77,0
761,2,2001,187,2001-05-27,17,24,0
762,2,2001,182,2001-05-27,10,73,0
763,2,2001,165,2001-05-27,13,54,0
764,2,2001,141,2001-05-27,21,2,0
765,2,2001,157,2001-05-27,9,76,0
685,44,2001,187,2001-06-10,5,69,2
696,44,2001,117,2001-06-10,3,69,4
703,44,2001,6,2001-06-10,2,69,6
715,44,2001,6,2001-06-10,17,19,0
720,44,2001,189,2001-06-10,21,1,0
723,44,2001,188,2001-06-10,13,38,0
724,44,2001,157,2001-06-10,10,65,0
728,44,2001,117,2001-06-10,12,54,0
742,44,2001,188,2001-06-10,14,34,0
744,44,2001,167,2001-06-10,22,0,0
745,44,2001,165,2001-06-10,9,66,0
747,44,2001,177,2001-06-10,11,63,0
748,44,2001,141,2001-06-10,1,69,10
754,44,2001,189,2001-06-10,6,68,1
755,44,2001,177,2001-06-10,7,68,0
758,44,2001,182,2001-06-10,20,1,0
759,44,2001,167,2001-06-10,18,17,0
761,44,2001,187,2001-06-10,8,68,0
762,44,2001,182,2001-06-10,4,69,3
763,44,2001,165,2001-06-10,19,7,0
764,44,2001,141,2001-06-10,16,19,0
765,44,2001,157,2001-06-10,15,24,0
685,8,2001,187,2001-06-24,15,64,0
696,8,2001,117,2001-06-24,6,67,1
703,8,2001,6,2001-06-24,1,67,10
715,8,2001,6,2001-06-24,5,67,2
720,8,2001,189,2001-06-24,7,67,0
723,8,2001,188,2001-06-24,21,23,0
724,8,2001,157,2001-06-24,16,58,0
725,8,2001,177,2001-06-24,18,48,0
728,8,2001,117,2001-06-24,3,67,4
742,8,2001,188,2001-06-24,9,66,0
744,8,2001,167,2001-06-24,11,66,0
745,8,2001,165,2001-06-24,22,7,0
747,8,2001,177,2001-06-24,19,44,0
748,8,2001,141,2001-06-24,4,67,3
754,8,2001,189,2001-06-24,8,66,0
758,8,2001,182,2001-06-24,17,54,0
759,8,2001,167,2001-06-24,13,65,0
761,8,2001,187,2001-06-24,12,65,0
762,8,2001,182,2001-06-24,10,66,0
763,8,2001,165,2001-06-24,14,65,0
764,8,2001,141,2001-06-24,2,67,6
765,8,2001,157,2001-06-24,20,29,0
685,55,2001,187,2001-07-01,12,70,0
696,55,2001,117,2001-07-01,22,0,0
703,55,2001,6,2001-07-01,1,72,10
715,55,2001,6,2001-07-01,3,72,4
720,55,2001,189,2001-07-01,18,54,0
723,55,2001,188,2001-07-01,9,71,0
724,55,2001,157,2001-07-01,13,70,0
725,55,2001,177,2001-07-01,8,71,0
728,55,2001,117,2001-07-01,4,72,3
742,55,2001,188,2001-07-01,21,5,0
744,55,2001,167,2001-07-01,11,71,0
745,55,2001,165,2001-07-01,15,69,0
747,55,2001,177,2001-07-01,5,72,2
748,55,2001,141,2001-07-01,2,72,6
754,55,2001,189,2001-07-01,14,70,0
758,55,2001,182,2001-07-01,6,71,1
759,55,2001,167,2001-07-01,16,68,0
761,55,2001,187,2001-07-01,10,71,0
762,55,2001,182,2001-07-01,7,71,0
763,55,2001,165,2001-07-01,17,65,0
764,55,2001,141,2001-07-01,19,52,0
765,55,2001,157,2001-07-01,20,17,0
685,1,2001,187,2001-07-15,11,58,0
696,1,2001,117,2001-07-15,1,60,10
703,1,2001,6,2001-07-15,2,60,6
715,1,2001,6,2001-07-15,3,60,4
720,1,2001,189,2001-07-15,9,59,0
723,1,2001,188,2001-07-15,21,0,0
724,1,2001,157,2001-07-15,10,58,0
725,1,2001,177,2001-07-15,7,59,0
728,1,2001,117,2001-07-15,19,2,0
742,1,2001,188,2001-07-15,8,59,0
744,1,2001,167,2001-07-15,13,58,0
747,1,2001,177,2001-07-15,20,0,0
748,1,2001,141,2001-07-15,17,36,0
754,1,2001,189,2001-07-15,12,58,0
758,1,2001,182,2001-07-15,6,59,1
759,1,2001,167,2001-07-15,15,58,0
761,1,2001,187,2001-07-15,18,6,0
762,1,2001,182,2001-07-15,5,59,2
763,1,2001,165,2001-07-15,16,57,0
764,1,2001,141,2001-07-15,4,60,3
765,1,2001,157,2001-07-15,14,58,0
685,33,2001,187,2001-07-29,6,45,1
696,33,2001,117,2001-07-29,19,13,0
703,33,2001,6,2001-07-29,15,23,0
715,33,2001,6,2001-07-29,2,45,6
720,33,2001,189,2001-07-29,18,16,0
723,33,2001,188,2001-07-29,7,45,0
724,33,2001,157,2001-07-29,9,44,0
728,33,2001,117,2001-07-29,12,27,0
742,33,2001,188,2001-07-29,3,45,4
744,33,2001,167,2001-07-29,4,45,3
745,33,2001,165,2001-07-29,13,26,0
747,33,2001,177,2001-07-29,11,34,0
748,33,2001,141,2001-07-29,1,45,10
754,33,2001,189,2001-07-29,22,0,0
755,33,2001,177,2001-07-29,20,7,0
758,33,2001,182,2001-07-29,21,0,0
759,33,2001,167,2001-07-29,5,45,2
761,33,2001,187,2001-07-29,16,23,0
762,33,2001,182,2001-07-29,17,16,0
763,33,2001,165,2001-07-29,10,44,0
764,33,2001,141,2001-07-29,14,24,0
765,33,2001,157,2001-07-29,8,44,0
685,52,2001,177,2001-08-19,10,75,0
696,52,2001,117,2001-08-19,5,77,2
703,52,2001,6,2001-08-19,1,77,10
715,52,2001,6,2001-08-19,2,77,6
720,52,2001,189,2001-08-19,22,0,0
723,52,2001,188,2001-08-19,16,58,0
724,52,2001,157,2001-08-19,12,74,0
725,52,2001,187,2001-08-19,14,63,0
728,52,2001,117,2001-08-19,3,77,4
742,52,2001,188,2001-08-19,9,75,0
744,52,2001,167,2001-08-19,13,67,0
745,52,2001,165,2001-08-19,15,63,0
747,52,2001,177,2001-08-19,17,53,0
748,52,2001,141,2001-08-19,4,77,3
754,52,2001,189,2001-08-19,11,75,0
758,52,2001,182,2001-08-19,6,76,1
759,52,2001,167,2001-08-19,19,34,0
761,52,2001,187,2001-08-19,21,8,0
762,52,2001,182,2001-08-19,7,76,0
763,52,2001,165,2001-08-19,18,37,0
764,52,2001,141,2001-08-19,8,76,0
765,52,2001,157,2001-08-19,20,11,0
685,5,2001,177,2001-09-02,6,36,1
696,5,2001,117,2001-09-02,4,36,3
703,5,2001,6,2001-09-02,1,36,10
715,5,2001,6,2001-09-02,5,36,2
720,5,2001,189,2001-09-02,20,0,0
723,5,2001,188,2001-09-02,11,35,0
724,5,2001,157,2001-09-02,10,35,0
725,5,2001,187,2001-09-02,9,35,0
728,5,2001,117,2001-09-02,2,36,6
742,5,2001,188,2001-09-02,8,36,0
744,5,2001,167,2001-09-02,3,36,4
745,5,2001,165,2001-09-02,13,31,0
747,5,2001,177,2001-09-02,14,31,0
748,5,2001,141,2001-09-02,7,36,0
754,5,2001,189,2001-09-02,17,1,0
758,5,2001,182,2001-09-02,18,0,0
759,5,2001,167,2001-09-02,15,17,0
761,5,2001,187,2001-09-02,21,0,0
762,5,2001,182,2001-09-02,19,0,0
763,5,2001,165,2001-09-02,22,0,0
764,5,2001,141,2001-09-02,16,1,0
765,5,2001,157,2001-09-02,12,35,0
685,7,2001,177,2001-09-16,8,52,0
696,7,2001,117,2001-09-16,18,19,0
703,7,2001,6,2001-09-16,4,53,3
715,7,2001,6,2001-09-16,2,53,6
720,7,2001,189,2001-09-16,19,14,0
723,7,2001,188,2001-09-16,9,52,0
724,7,2001,157,2001-09-16,17,25,0
725,7,2001,187,2001-09-16,16,28,0
728,7,2001,117,2001-09-16,20,6,0
742,7,2001,188,2001-09-16,6,53,1
744,7,2001,167,2001-09-16,10,52,0
747,7,2001,177,2001-09-16,22,0,0
748,7,2001,141,2001-09-16,3,53,4
754,7,2001,189,2001-09-16,5,53,2
758,7,2001,182,2001-09-16,11,52,0
759,7,2001,167,2001-09-16,21,4,0
762,7,2001,182,2001-09-16,7,53,0
763,7,2001,165,2001-09-16,13,51,0
764,7,2001,141,2001-09-16,1,53,10
765,7,2001,157,2001-09-16,14,46,0
766,7,2001,187,2001-09-16,12,52,0
767,7,2001,165,2001-09-16,15,44,0
685,3,2001,177,2001-09-30,7,72,0
696,3,2001,117,2001-09-30,1,73,10
703,3,2001,6,2001-09-30,2,73,6
715,3,2001,6,2001-09-30,15,71,0
720,3,2001,189,2001-09-30,5,73,2
723,3,2001,188,2001-09-30,11,72,0
724,3,2001,157,2001-09-30,17,44,0
725,3,2001,187,2001-09-30,10,72,0
728,3,2001,117,2001-09-30,3,73,4
742,3,2001,188,2001-09-30,16,45,0
744,3,2001,167,2001-09-30,8,72,0
747,3,2001,177,2001-09-30,4,73,3
748,3,2001,141,2001-09-30,20,36,0
754,3,2001,189,2001-09-30,12,72,0
758,3,2001,182,2001-09-30,6,73,1
759,3,2001,167,2001-09-30,9,72,0
762,3,2001,182,2001-09-30,22,2,0
763,3,2001,165,2001-09-30,21,36,0
764,3,2001,141,2001-09-30,18,38,0
765,3,2001,157,2001-09-30,13,72,0
766,3,2001,187,2001-09-30,14,72,0
767,3,2001,165,2001-09-30,19,38,0
685,53,2001,177,2001-10-14,22,5,0
696,53,2001,117,2001-10-14,4,53,3
703,53,2001,6,2001-10-14,1,53,10
715,53,2001,6,2001-10-14,5,53,2
720,53,2001,189,2001-10-14,20,24,0
723,53,2001,188,2001-10-14,13,51,0
724,53,2001,157,2001-10-14,15,51,0
725,53,2001,187,2001-10-14,12,52,0
728,53,2001,117,2001-10-14,3,53,4
742,53,2001,188,2001-10-14,10,52,0
744,53,2001,167,2001-10-14,17,47,0
747,53,2001,177,2001-10-14,8,52,0
748,53,2001,141,2001-10-14,6,53,1
754,53,2001,189,2001-10-14,18,45,0
758,53,2001,182,2001-10-14,9,52,0
759,53,2001,167,2001-10-14,7,53,0
762,53,2001,182,2001-10-14,21,5,0
763,53,2001,165,2001-10-14,11,52,0
764,53,2001,141,2001-10-14,2,53,6
765,53,2001,157,2001-10-14,14,51,0
766,53,2001,187,2001-10-14,19,42,0
767,53,2001,165,2001-10-14,16,50,0
703,59,2002,6,2002-03-03,1,58,10
715,59,2002,6,2002-03-03,15,0,0
720,59,2002,189,2002-03-03,4,57,3
723,59,2002,188,2002-03-03,21,0,0
725,59,2002,157,2002-03-03,11,16,0
728,59,2002,117,2002-03-03,9,33,0
733,59,2002,190,2002-03-03,6,56,1
742,59,2002,188,2002-03-03,10,27,0
744,59,2002,177,2002-03-03,17,0,0
747,59,2002,152,2002-03-03,14,8,0
748,59,2002,141,2002-03-03,16,0,0
754,59,2002,189,2002-03-03,8,53,0
758,59,2002,182,2002-03-03,19,0,0
759,59,2002,152,2002-03-03,20,0,0
762,59,2002,117,2002-03-03,3,58,4
764,59,2002,141,2002-03-03,2,58,6
765,59,2002,157,2002-03-03,12,15,0
767,59,2002,165,2002-03-03,7,55,0
768,59,2002,165,2002-03-03,5,56,2
769,59,2002,177,2002-03-03,13,12,0
770,59,2002,182,2002-03-03,18,0,0
771,59,2002,190,2002-03-03,22,0,0
703,60,2002,6,2002-03-17,3,56,4
715,60,2002,6,2002-03-17,14,39,0
720,60,2002,189,2002-03-17,16,30,0
723,60,2002,188,2002-03-17,21,9,0
725,60,2002,157,2002-03-17,11,54,0
728,60,2002,117,2002-03-17,20,15,0
733,60,2002,190,2002-03-17,12,53,0
742,60,2002,188,2002-03-17,8,55,0
744,60,2002,177,2002-03-17,13,53,0
747,60,2002,152,2002-03-17,22,9,0
748,60,2002,141,2002-03-17,1,56,10
754,60,2002,189,2002-03-17,10,54,0
758,60,2002,182,2002-03-17,5,55,2
759,60,2002,152,2002-03-17,4,56,3
762,60,2002,117,2002-03-17,18,24,0
764,60,2002,141,2002-03-17,2,56,6
765,60,2002,157,2002-03-17,19,20,0
767,60,2002,165,2002-03-17,17,29,0
768,60,2002,165,2002-03-17,15,34,0
769,60,2002,177,2002-03-17,9,54,0
770,60,2002,182,2002-03-17,6,55,1
771,60,2002,190,2002-03-17,7,55,0
703,37,2002,6,2002-03-31,1,71,10
715,37,2002,6,2002-03-31,21,16,0
720,37,2002,189,2002-03-31,7,70,0
723,37,2002,188,2002-03-31,18,25,0
725,37,2002,157,2002-03-31,19,25,0
728,37,2002,117,2002-03-31,3,71,4
733,37,2002,190,2002-03-31,6,70,1
742,37,2002,188,2002-03-31,10,68,0
744,37,2002,177,2002-03-31,22,6,0
747,37,2002,152,2002-03-31,15,60,0
748,37,2002,141,2002-03-31,2,71,6
754,37,2002,189,2002-03-31,8,70,0
758,37,2002,182,2002-03-31,14,61,0
759,37,2002,152,2002-03-31,4,71,3
762,37,2002,117,2002-03-31,12,67,0
764,37,2002,141,2002-03-31,5,71,2
765,37,2002,157,2002-03-31,20,19,0
767,37,2002,165,2002-03-31,13,67,0
768,37,2002,165,2002-03-31,11,68,0
769,37,2002,177,2002-03-31,9,69,0
770,37,2002,182,2002-03-31,16,41,0
771,37,2002,190,2002-03-31,17,40,0
703,45,2002,6,2002-04-14,1,62,10
715,45,2002,6,2002-04-14,2,62,6
720,45,2002,189,2002-04-14,13,45,0
723,45,2002,188,2002-04-14,15,44,0
725,45,2002,157,2002-04-14,18,25,0
728,45,2002,117,2002-04-14,6,61,1
733,45,2002,190,2002-04-14,17,26,0
742,45,2002,188,2002-04-14,7,61,0
744,45,2002,177,2002-04-14,19,19,0
747,45,2002,152,2002-04-14,9,61,0
748,45,2002,141,2002-04-14,3,62,4
754,45,2002,189,2002-04-14,16,30,0
758,45,2002,182,2002-04-14,10,61,0
759,45,2002,152,2002-04-14,5,62,2
762,45,2002,117,2002-04-14,14,44,0
764,45,2002,141,2002-04-14,4,62,3
765,45,2002,157,2002-04-14,12,50,0
768,45,2002,165,2002-04-14,11,60,0
769,45,2002,177,2002-04-14,20,5,0
770,45,2002,182,2002-04-14,8,61,0
771,45,2002,190,2002-04-14,21,0,0
703,56,2002,6,2002-04-28,1,65,10
715,56,2002,6,2002-04-28,20,0,0
720,56,2002,189,2002-04-28,14,41,0
723,56,2002,188,2002-04-28,13,43,0
725,56,2002,157,2002-04-28,6,65,1
728,56,2002,117,2002-04-28,3,65,4
733,56,2002,190,2002-04-28,9,64,0
742,56,2002,188,2002-04-28,7,64,0
744,56,2002,177,2002-04-28,17,5,0
747,56,2002,152,2002-04-28,10,63,0
748,56,2002,141,2002-04-28,11,63,0
754,56,2002,189,2002-04-28,19,2,0
758,56,2002,182,2002-04-28,4,65,3
759,56,2002,152,2002-04-28,12,60,0
762,56,2002,117,2002-04-28,18,4,0
764,56,2002,141,2002-04-28,2,65,6
765,56,2002,157,2002-04-28,15,40,0
767,56,2002,165,2002-04-28,22,0,0
768,56,2002,165,2002-04-28,21,0,0
769,56,2002,177,2002-04-28,16,10,0
770,56,2002,182,2002-04-28,5,65,2
771,56,2002,190,2002-04-28,8,64,0
703,34,2002,6,2002-05-12,1,71,10
715,34,2002,6,2002-05-12,2,71,6
720,34,2002,189,2002-05-12,15,38,0
723,34,2002,188,2002-05-12,18,22,0
725,34,2002,157,2002-05-12,11,69,0
728,34,2002,117,2002-05-12,6,71,1
733,34,2002,190,2002-05-12,8,71,0
742,34,2002,188,2002-05-12,10,70,0
744,34,2002,177,2002-05-12,5,71,2
747,34,2002,152,2002-05-12,13,44,0
748,34,2002,141,2002-05-12,4,71,3
754,34,2002,189,2002-05-12,22,0,0
758,34,2002,182,2002-05-12,16,27,0
759,34,2002,152,2002-05-12,7,71,0
762,34,2002,117,2002-05-12,20,5,0
764,34,2002,141,2002-05-12,3,71,4
765,34,2002,157,2002-05-12,21,2,0
767,34,2002,165,2002-05-12,14,42,0
768,34,2002,165,2002-05-12,12,69,0
769,34,2002,177,2002-05-12,17,26,0
770,34,2002,182,2002-05-12,19,7,0
771,34,2002,190,2002-05-12,9,71,0
703,2,2002,6,2002-05-26,2,78,6
715,2,2002,6,2002-05-26,7,77,0
720,2,2002,189,2002-05-26,9,76,0
723,2,2002,188,2002-05-26,15,51,0
725,2,2002,157,2002-05-26,6,77,1
728,2,2002,117,2002-05-26,1,78,10
733,2,2002,190,2002-05-26,13,69,0
742,2,2002,188,2002-05-26,18,44,0
744,2,2002,177,2002-05-26,5,77,2
747,2,2002,152,2002-05-26,4,77,3
748,2,2002,141,2002-05-26,3,78,4
754,2,2002,189,2002-05-26,10,76,0
758,2,2002,182,2002-05-26,8,76,0
759,2,2002,152,2002-05-26,16,51,0
762,2,2002,117,2002-05-26,19,41,0
764,2,2002,141,2002-05-26,17,46,0
765,2,2002,157,2002-05-26,12,76,0
767,2,2002,165,2002-05-26,20,29,0
768,2,2002,165,2002-05-26,11,76,0
769,2,2002,177,2002-05-26,21,22,0
770,2,2002,182,2002-05-26,14,63,0
771,2,2002,190,2002-05-26,22,15,0
703,44,2002,6,2002-06-09,1,70,10
715,44,2002,6,2002-06-09,3,70,4
720,44,2002,189,2002-06-09,18,41,0
723,44,2002,188,2002-06-09,8,69,0
725,44,2002,157,2002-06-09,13,69,0
728,44,2002,117,2002-06-09,2,70,6
733,44,2002,190,2002-06-09,19,41,0
742,44,2002,188,2002-06-09,22,8,0
744,44,2002,177,2002-06-09,5,70,2
747,44,2002,152,2002-06-09,6,70,1
748,44,2002,141,2002-06-09,7,70,0
754,44,2002,189,2002-06-09,20,29,0
758,44,2002,182,2002-06-09,12,69,0
759,44,2002,152,2002-06-09,15,65,0
762,44,2002,117,2002-06-09,4,70,3
764,44,2002,141,2002-06-09,16,56,0
765,44,2002,157,2002-06-09,21,16,0
767,44,2002,165,2002-06-09,14,68,0
768,44,2002,165,2002-06-09,11,69,0
769,44,2002,177,2002-06-09,10,69,0
770,44,2002,182,2002-06-09,9,69,0
771,44,2002,190,2002-06-09,17,45,0
703,8,2002,6,2002-06-23,2,60,6
715,8,2002,6,2002-06-23,1,60,10
720,8,2002,189,2002-06-23,19,41,0
723,8,2002,188,2002-06-23,9,59,0
725,8,2002,157,2002-06-23,13,59,0
728,8,2002,117,2002-06-23,21,27,0
733,8,2002,190,2002-06-23,17,51,0
742,8,2002,188,2002-06-23,12,59,0
744,8,2002,177,2002-06-23,22,26,0
747,8,2002,152,2002-06-23,8,59,0
748,8,2002,141,2002-06-23,4,60,3
754,8,2002,189,2002-06-23,10,59,0
758,8,2002,182,2002-06-23,7,59,0
759,8,2002,152,2002-06-23,5,60,2
762,8,2002,117,2002-06-23,3,60,4
764,8,2002,141,2002-06-23,20,27,0
765,8,2002,157,2002-06-23,11,59,0
767,8,2002,165,2002-06-23,18,48,0
768,8,2002,165,2002-06-23,15,58,0
769,8,2002,177,2002-06-23,16,58,0
770,8,2002,182,2002-06-23,6,59,1
771,8,2002,190,2002-06-23,14,59,0
703,1,2002,6,2002-07-07,1,60,10
715,1,2002,6,2002-07-07,2,60,6
720,1,2002,189,2002-07-07,17,23,0
723,1,2002,188,2002-07-07,5,59,2
725,1,2002,157,2002-07-07,18,20,0
728,1,2002,117,2002-07-07,10,58,0
733,1,2002,190,2002-07-07,19,15,0
742,1,2002,188,2002-07-07,4,59,3
744,1,2002,177,2002-07-07,7,59,0
747,1,2002,152,2002-07-07,15,29,0
748,1,2002,141,2002-07-07,8,59,0
754,1,2002,189,2002-07-07,11,58,0
758,1,2002,182,2002-07-07,6,59,1
759,1,2002,152,2002-07-07,12,54,0
762,1,2002,117,2002-07-07,14,44,0
764,1,2002,141,2002-07-07,3,60,4
765,1,2002,157,2002-07-07,16,28,0
768,1,2002,165,2002-07-07,20,9,0
769,1,2002,177,2002-07-07,13,50,0
770,1,2002,182,2002-07-07,9,59,0
771,1,2002,190,2002-07-07,21,0,0
703,55,2002,6,2002-07-21,1,72,10
715,55,2002,6,2002-07-21,19,0,0
720,55,2002,189,2002-07-21,12,52,0
723,55,2002,188,2002-07-21,17,29,0
728,55,2002,117,2002-07-21,3,72,4
733,55,2002,190,2002-07-21,15,48,0
742,55,2002,188,2002-07-21,16,35,0
744,55,2002,177,2002-07-21,22,0,0
747,55,2002,152,2002-07-21,13,49,0
748,55,2002,141,2002-07-21,5,72,2
754,55,2002,189,2002-07-21,9,70,0
758,55,2002,182,2002-07-21,7,71,0
759,55,2002,152,2002-07-21,6,71,1
762,55,2002,117,2002-07-21,2,72,6
764,55,2002,141,2002-07-21,4,72,3
767,55,2002,165,2002-07-21,10,68,0
768,55,2002,165,2002-07-21,8,71,0
769,55,2002,177,2002-07-21,18,23,0
770,55,2002,182,2002-07-21,14,48,0
771,55,2002,190,2002-07-21,11,65,0
703,33,2002,6,2002-07-28,1,67,10
715,33,2002,6,2002-07-28,4,67,3
720,33,2002,189,2002-07-28,12,57,0
723,33,2002,188,2002-07-28,14,39,0
725,33,2002,157,2002-07-28,20,18,0
728,33,2002,117,2002-07-28,5,66,2
733,33,2002,190,2002-07-28,9,66,0
742,33,2002,188,2002-07-28,16,27,0
744,33,2002,177,2002-07-28,10,59,0
747,33,2002,152,2002-07-28,15,36,0
748,33,2002,141,2002-07-28,3,67,4
754,33,2002,189,2002-07-28,21,0,0
758,33,2002,182,2002-07-28,6,66,1
759,33,2002,152,2002-07-28,17,24,0
762,33,2002,117,2002-07-28,11,59,0
764,33,2002,141,2002-07-28,2,67,6
765,33,2002,157,2002-07-28,13,48,0
768,33,2002,165,2002-07-28,19,23,0
769,33,2002,177,2002-07-28,8,66,0
770,33,2002,182,2002-07-28,7,66,0
771,33,2002,190,2002-07-28,18,23,0
703,52,2002,6,2002-08-18,2,77,6
715,52,2002,6,2002-08-18,1,77,10
720,52,2002,189,2002-08-18,19,23,0
723,52,2002,188,2002-08-18,12,76,0
728,52,2002,117,2002-08-18,5,77,2
733,52,2002,190,2002-08-18,15,75,0
742,52,2002,188,2002-08-18,20,20,0
744,52,2002,177,2002-08-18,6,77,1
747,52,2002,152,2002-08-18,8,76,0
748,52,2002,141,2002-08-18,3,77,4
754,52,2002,189,2002-08-18,13,75,0
758,52,2002,182,2002-08-18,9,76,0
759,52,2002,152,2002-08-18,18,30,0
762,52,2002,117,2002-08-18,4,77,3
764,52,2002,141,2002-08-18,11,76,0
768,52,2002,165,2002-08-18,16,75,0
769,52,2002,177,2002-08-18,10,76,0
770,52,2002,182,2002-08-18,7,77,0
771,52,2002,190,2002-08-18,14,75,0
772,52,2002,165,2002-08-18,17,58,0
703,5,2002,6,2002-09-01,1,44,10
715,5,2002,6,2002-09-01,2,44,6
720,5,2002,189,2002-09-01,6,44,1
723,5,2002,188,2002-09-01,12,39,0
728,5,2002,117,2002-09-01,4,44,3
733,5,2002,190,2002-09-01,7,44,0
742,5,2002,188,2002-09-01,8,44,0
744,5,2002,177,2002-09-01,13,38,0
747,5,2002,152,2002-09-01,17,35,0
748,5,2002,141,2002-09-01,5,44,2
754,5,2002,189,2002-09-01,14,37,0
758,5,2002,182,2002-09-01,10,43,0
759,5,2002,152,2002-09-01,19,10,0
762,5,2002,117,2002-09-01,16,35,0
764,5,2002,141,2002-09-01,3,44,4
768,5,2002,165,2002-09-01,20,4,0
769,5,2002,177,2002-09-01,11,43,0
770,5,2002,182,2002-09-01,15,37,0
771,5,2002,190,2002-09-01,9,43,0
772,5,2002,165,2002-09-01,18,17,0
703,7,2002,6,2002-09-15,2,53,6
715,7,2002,6,2002-09-15,1,53,10
720,7,2002,189,2002-09-15,3,53,4
723,7,2002,188,2002-09-15,6,53,1
728,7,2002,117,2002-09-15,7,53,0
733,7,2002,190,2002-09-15,11,52,0
742,7,2002,188,2002-09-15,9,53,0
744,7,2002,177,2002-09-15,8,53,0
747,7,2002,152,2002-09-15,4,53,3
748,7,2002,141,2002-09-15,20,4,0
754,7,2002,189,2002-09-15,18,15,0
758,7,2002,182,2002-09-15,10,53,0
759,7,2002,152,2002-09-15,5,53,2
762,7,2002,117,2002-09-15,15,29,0
764,7,2002,141,2002-09-15,14,33,0
767,7,2002,165,2002-09-15,13,47,0
768,7,2002,165,2002-09-15,16,20,0
769,7,2002,177,2002-09-15,12,52,0
770,7,2002,182,2002-09-15,17,16,0
771,7,2002,190,2002-09-15,19,12,0
703,3,2002,6,2002-09-29,2,73,6
715,3,2002,6,2002-09-29,1,73,10
720,3,2002,189,2002-09-29,10,72,0
723,3,2002,188,2002-09-29,12,72,0
725,3,2002,182,2002-09-29,13,71,0
728,3,2002,117,2002-09-29,3,73,4
733,3,2002,190,2002-09-29,14,71,0
742,3,2002,188,2002-09-29,6,73,1
744,3,2002,177,2002-09-29,7,72,0
747,3,2002,152,2002-09-29,5,73,2
748,3,2002,141,2002-09-29,16,71,0
754,3,2002,189,2002-09-29,20,27,0
758,3,2002,182,2002-09-29,9,72,0
759,3,2002,152,2002-09-29,8,72,0
762,3,2002,117,2002-09-29,17,50,0
764,3,2002,141,2002-09-29,4,73,3
767,3,2002,165,2002-09-29,18,46,0
768,3,2002,165,2002-09-29,19,38,0
769,3,2002,177,2002-09-29,11,72,0
771,3,2002,190,2002-09-29,15,71,0
703,53,2002,6,2002-10-13,1,53,10
715,53,2002,6,2002-10-13,2,53,6
720,53,2002,189,2002-10-13,9,52,0
723,53,2002,188,2002-10-13,17,8,0
728,53,2002,117,2002-10-13,18,7,0
733,53,2002,190,2002-10-13,8,52,0
742,53,2002,188,2002-10-13,15,27,0
744,53,2002,177,2002-10-13,13,37,0
747,53,2002,152,2002-10-13,14,32,0
748,53,2002,141,2002-10-13,11,48,0
754,53,2002,189,2002-10-13,12,39,0
758,53,2002,182,2002-10-13,7,52,0
759,53,2002,152,2002-10-13,6,52,1
762,53,2002,117,2002-10-13,3,53,4
764,53,2002,141,2002-10-13,4,53,3
767,53,2002,165,2002-10-13,16,14,0
768,53,2002,165,2002-10-13,10,51,0
769,53,2002,177,2002-10-13,5,53,2
770,53,2002,182,2002-10-13,19,3,0
771,53,2002,190,2002-10-13,20,0,0
703,59,2003,6,2003-03-09,4,58,5
715,59,2003,6,2003-03-09,20,5,0
723,59,2003,190,2003-03-09,14,31,0
724,59,2003,165,2003-03-09,11,57,0
725,59,2003,182,2003-03-09,6,58,3
728,59,2003,117,2003-03-09,1,58,10
742,59,2003,188,2003-03-09,9,58,0
744,59,2003,177,2003-03-09,12,52,0
747,59,2003,152,2003-03-09,5,58,4
748,59,2003,141,2003-03-09,8,58,1
758,59,2003,182,2003-03-09,15,20,0
759,59,2003,188,2003-03-09,10,58,0
762,59,2003,117,2003-03-09,3,58,6
763,59,2003,152,2003-03-09,7,58,2
764,59,2003,141,2003-03-09,2,58,8
768,59,2003,189,2003-03-09,17,15,0
773,59,2003,189,2003-03-09,13,52,0
774,59,2003,165,2003-03-09,16,16,0
775,59,2003,190,2003-03-09,18,7,0
776,59,2003,177,2003-03-09,19,6,0
703,60,2003,6,2003-03-23,6,55,3
715,60,2003,6,2003-03-23,2,56,8
723,60,2003,190,2003-03-23,17,12,0
724,60,2003,165,2003-03-23,13,52,0
725,60,2003,182,2003-03-23,9,55,0
728,60,2003,117,2003-03-23,18,2,0
742,60,2003,188,2003-03-23,20,0,0
744,60,2003,177,2003-03-23,19,0,0
747,60,2003,152,2003-03-23,5,55,4
748,60,2003,141,2003-03-23,4,56,5
758,60,2003,182,2003-03-23,8,55,1
759,60,2003,188,2003-03-23,7,55,2
762,60,2003,117,2003-03-23,1,56,10
763,60,2003,152,2003-03-23,3,56,6
764,60,2003,141,2003-03-23,12,53,0
768,60,2003,189,2003-03-23,16,35,0
773,60,2003,189,2003-03-23,14,42,0
774,60,2003,165,2003-03-23,15,41,0
775,60,2003,190,2003-03-23,11,55,0
776,60,2003,177,2003-03-23,10,55,0
703,37,2003,6,2003-04-06,14,27,0
715,37,2003,6,2003-04-06,11,47,0
723,37,2003,190,2003-04-06,17,18,0
724,37,2003,165,2003-04-06,13,31,0
725,37,2003,182,2003-04-06,5,54,4
728,37,2003,117,2003-04-06,4,54,5
742,37,2003,188,2003-04-06,6,54,3
744,37,2003,177,2003-04-06,1,54,10
747,37,2003,152,2003-04-06,8,54,1
748,37,2003,141,2003-04-06,7,54,2
758,37,2003,182,2003-04-06,20,8,0
759,37,2003,188,2003-04-06,12,33,0
762,37,2003,117,2003-04-06,2,54,8
763,37,2003,152,2003-04-06,3,54,6
764,37,2003,141,2003-04-06,15,25,0
768,37,2003,189,2003-04-06,9,53,0
773,37,2003,189,2003-04-06,16,25,0
774,37,2003,165,2003-04-06,19,16,0
775,37,2003,190,2003-04-06,10,53,0
776,37,2003,177,2003-04-06,18,18,0
703,45,2003,6,2003-04-20,1,62,10
715,45,2003,6,2003-04-20,3,62,6
723,45,2003,190,2003-04-20,9,61,0
724,45,2003,165,2003-04-20,18,38,0
725,45,2003,182,2003-04-20,11,61,0
728,45,2003,117,2003-04-20,5,62,4
742,45,2003,188,2003-04-20,20,19,0
744,45,2003,177,2003-04-20,15,57,0
747,45,2003,152,2003-04-20,13,61,0
748,45,2003,141,2003-04-20,4,62,5
758,45,2003,182,2003-04-20,10,61,0
759,45,2003,188,2003-04-20,8,61,1
762,45,2003,117,2003-04-20,2,62,8
763,45,2003,152,2003-04-20,6,62,3
764,45,2003,141,2003-04-20,7,62,2
768,45,2003,189,2003-04-20,16,54,0
773,45,2003,189,2003-04-20,14,60,0
774,45,2003,165,2003-04-20,19,23,0
775,45,2003,190,2003-04-20,12,61,0
776,45,2003,177,2003-04-20,17,51,0
703,56,2003,6,2003-05-04,1,65,10
715,56,2003,6,2003-05-04,3,65,6
723,56,2003,190,2003-05-04,14,41,0
724,56,2003,165,2003-05-04,12,62,0
725,56,2003,182,2003-05-04,15,38,0
728,56,2003,117,2003-05-04,16,17,0
742,56,2003,188,2003-05-04,17,12,0
744,56,2003,177,2003-05-04,13,43,0
747,56,2003,152,2003-05-04,18,0,0
748,56,2003,141,2003-05-04,5,64,4
758,56,2003,182,2003-05-04,10,63,0
759,56,2003,188,2003-05-04,9,63,0
762,56,2003,117,2003-05-04,20,0,0
763,56,2003,152,2003-05-04,2,65,8
764,56,2003,141,2003-05-04,4,65,5
768,56,2003,189,2003-05-04,7,64,2
773,56,2003,189,2003-05-04,19,0,0
774,56,2003,165,2003-05-04,11,63,0
775,56,2003,190,2003-05-04,6,64,3
776,56,2003,177,2003-05-04,8,63,1
703,34,2003,6,2003-05-18,1,69,10
715,34,2003,6,2003-05-18,3,69,6
723,34,2003,190,2003-05-18,18,6,0
724,34,2003,165,2003-05-18,19,0,0
725,34,2003,182,2003-05-18,20,0,0
728,34,2003,117,2003-05-18,5,69,4
742,34,2003,188,2003-05-18,12,68,0
744,34,2003,177,2003-05-18,14,60,0
747,34,2003,152,2003-05-18,8,68,1
748,34,2003,141,2003-05-18,6,68,3
758,34,2003,182,2003-05-18,15,46,0
759,34,2003,188,2003-05-18,4,69,5
762,34,2003,117,2003-05-18,2,69,8
763,34,2003,152,2003-05-18,16,44,0
764,34,2003,141,2003-05-18,17,32,0
768,34,2003,189,2003-05-18,7,68,2
773,34,2003,189,2003-05-18,9,68,0
774,34,2003,165,2003-05-18,13,67,0
775,34,2003,190,2003-05-18,10,68,0
776,34,2003,177,2003-05-18,11,68,0
703,2,2003,6,2003-06-01,3,78,6
715,2,2003,6,2003-06-01,8,78,1
723,2,2003,190,2003-06-01,13,74,0
724,2,2003,165,2003-06-01,16,28,0
725,2,2003,182,2003-06-01,19,0,0
728,2,2003,117,2003-06-01,7,78,2
742,2,2003,188,2003-06-01,14,63,0
744,2,2003,177,2003-06-01,10,77,0
747,2,2003,152,2003-06-01,6,78,3
748,2,2003,141,2003-06-01,4,78,5
758,2,2003,182,2003-06-01,11,76,0
759,2,2003,188,2003-06-01,20,0,0
762,2,2003,117,2003-06-01,2,78,8
763,2,2003,152,2003-06-01,5,78,4
764,2,2003,141,2003-06-01,1,78,10
768,2,2003,189,2003-06-01,17,16,0
773,2,2003,189,2003-06-01,18,10,0
774,2,2003,165,2003-06-01,15,29,0
775,2,2003,190,2003-06-01,9,77,0
776,2,2003,177,2003-06-01,12,76,0
703,44,2003,6,2003-06-15,1,70,10
715,44,2003,6,2003-06-15,5,70,4
723,44,2003,190,2003-06-15,8,69,1
724,44,2003,165,2003-06-15,9,68,0
725,44,2003,182,2003-06-15,20,6,0
728,44,2003,117,2003-06-15,14,47,0
742,44,2003,188,2003-06-15,19,14,0
744,44,2003,177,2003-06-15,17,20,0
747,44,2003,152,2003-06-15,16,22,0
748,44,2003,141,2003-06-15,2,70,8
758,44,2003,182,2003-06-15,15,47,0
759,44,2003,188,2003-06-15,13,51,0
762,44,2003,117,2003-06-15,6,70,3
763,44,2003,152,2003-06-15,4,70,5
764,44,2003,141,2003-06-15,3,70,6
768,44,2003,189,2003-06-15,7,69,2
773,44,2003,189,2003-06-15,10,64,0
774,44,2003,165,2003-06-15,12,60,0
775,44,2003,190,2003-06-15,11,64,0
776,44,2003,177,2003-06-15,18,20,0
703,8,2003,6,2003-06-29,5,60,4
715,8,2003,6,2003-06-29,3,60,6
723,8,2003,190,2003-06-29,19,37,0
724,8,2003,165,2003-06-29,14,57,0
725,8,2003,182,2003-06-29,9,59,0
728,8,2003,117,2003-06-29,15,56,0
742,8,2003,188,2003-06-29,17,51,0
744,8,2003,177,2003-06-29,12,58,0
747,8,2003,152,2003-06-29,18,37,0
748,8,2003,141,2003-06-29,1,60,10
758,8,2003,182,2003-06-29,8,59,1
759,8,2003,188,2003-06-29,7,59,2
762,8,2003,117,2003-06-29,20,25,0
763,8,2003,152,2003-06-29,4,60,5
764,8,2003,141,2003-06-29,2,60,8
768,8,2003,189,2003-06-29,6,59,3
773,8,2003,189,2003-06-29,10,59,0
774,8,2003,165,2003-06-29,13,58,0
775,8,2003,190,2003-06-29,16,53,0
776,8,2003,177,2003-06-29,11,58,0
703,55,2003,6,2003-07-06,3,70,6
715,55,2003,6,2003-07-06,7,69,2
723,55,2003,190,2003-07-06,8,69,1
724,55,2003,165,2003-07-06,16,66,0
725,55,2003,182,2003-07-06,12,68,0
728,55,2003,117,2003-07-06,5,70,4
742,55,2003,188,2003-07-06,9,69,0
744,55,2003,177,2003-07-06,19,42,0
747,55,2003,152,2003-07-06,17,45,0
748,55,2003,141,2003-07-06,1,70,10
758,55,2003,182,2003-07-06,13,68,0
759,55,2003,188,2003-07-06,20,23,0
762,55,2003,117,2003-07-06,4,70,5
763,55,2003,152,2003-07-06,18,43,0
764,55,2003,141,2003-07-06,2,70,8
768,55,2003,189,2003-07-06,6,70,3
773,55,2003,189,2003-07-06,10,69,0
774,55,2003,165,2003-07-06,14,67,0
775,55,2003,190,2003-07-06,11,69,0
776,55,2003,177,2003-07-06,15,67,0
703,1,2003,6,2003-07-20,4,60,5
715,1,2003,6,2003-07-20,1,60,10
723,1,2003,190,2003-07-20,11,60,0
724,1,2003,165,2003-07-20,15,58,0
725,1,2003,182,2003-07-20,12,60,0
728,1,2003,117,2003-07-20,5,60,4
742,1,2003,188,2003-07-20,10,60,0
744,1,2003,177,2003-07-20,19,44,0
747,1,2003,152,2003-07-20,6,60,3
748,1,2003,141,2003-07-20,9,60,0
758,1,2003,182,2003-07-20,17,58,0
759,1,2003,188,2003-07-20,8,60,1
762,1,2003,117,2003-07-20,3,60,6
763,1,2003,152,2003-07-20,18,52,0
764,1,2003,141,2003-07-20,2,60,8
768,1,2003,189,2003-07-20,14,59,0
773,1,2003,189,2003-07-20,20,32,0
774,1,2003,165,2003-07-20,16,58,0
775,1,2003,190,2003-07-20,7,60,2
776,1,2003,177,2003-07-20,13,59,0
703,33,2003,6,2003-08-03,7,66,2
715,33,2003,6,2003-08-03,18,0,0
723,33,2003,190,2003-08-03,5,66,4
724,33,2003,165,2003-08-03,14,23,0
725,33,2003,182,2003-08-03,17,1,0
728,33,2003,117,2003-08-03,2,67,8
742,33,2003,188,2003-08-03,9,65,0
744,33,2003,177,2003-08-03,13,60,0
747,33,2003,152,2003-08-03,3,67,6
748,33,2003,141,2003-08-03,16,1,0
758,33,2003,182,2003-08-03,10,65,0
759,33,2003,188,2003-08-03,8,66,1
762,33,2003,117,2003-08-03,19,0,0
763,33,2003,152,2003-08-03,4,67,5
764,33,2003,141,2003-08-03,1,67,10
768,33,2003,189,2003-08-03,11,64,0
774,33,2003,189,2003-08-03,15,6,0
775,33,2003,190,2003-08-03,6,66,3
776,33,2003,177,2003-08-03,20,0,0
777,33,2003,165,2003-08-03,12,62,0
703,52,2003,6,2003-08-24,8,69,1
715,52,2003,6,2003-08-24,19,19,0
723,52,2003,190,2003-08-24,17,33,0
724,52,2003,165,2003-08-24,12,67,0
725,52,2003,182,2003-08-24,14,47,0
728,52,2003,117,2003-08-24,5,70,4
742,52,2003,188,2003-08-24,20,14,0
744,52,2003,177,2003-08-24,18,28,0
747,52,2003,152,2003-08-24,7,69,2
748,52,2003,141,2003-08-24,4,70,5
758,52,2003,182,2003-08-24,9,69,0
759,52,2003,188,2003-08-24,10,69,0
762,52,2003,117,2003-08-24,2,70,8
763,52,2003,152,2003-08-24,1,70,10
764,52,2003,141,2003-08-24,3,70,6
768,52,2003,189,2003-08-24,6,70,3
774,52,2003,189,2003-08-24,15,42,0
775,52,2003,190,2003-08-24,11,68,0
777,52,2003,165,2003-08-24,13,66,0
778,52,2003,177,2003-08-24,16,34,0
703,7,2003,6,2003-09-14,1,53,10
715,7,2003,6,2003-09-14,3,53,6
723,7,2003,190,2003-09-14,15,35,0
724,7,2003,165,2003-09-14,16,27,0
725,7,2003,182,2003-09-14,13,50,0
728,7,2003,117,2003-09-14,14,45,0
742,7,2003,188,2003-09-14,6,52,3
744,7,2003,177,2003-09-14,10,52,0
747,7,2003,152,2003-09-14,20,0,0
756,7,2003,141,2003-09-14,5,53,4
758,7,2003,182,2003-09-14,9,52,0
759,7,2003,188,2003-09-14,17,24,0
762,7,2003,117,2003-09-14,4,53,5
763,7,2003,152,2003-09-14,8,52,1
764,7,2003,141,2003-09-14,2,53,8
768,7,2003,189,2003-09-14,7,52,2
774,7,2003,189,2003-09-14,19,2,0
775,7,2003,190,2003-09-14,18,3,0
777,7,2003,165,2003-09-14,12,51,0
778,7,2003,177,2003-09-14,11,51,0
703,3,2003,6,2003-09-28,1,73,10
715,3,2003,6,2003-09-28,20,2,0
723,3,2003,190,2003-09-28,17,27,0
724,3,2003,165,2003-09-28,10,69,0
725,3,2003,182,2003-09-28,3,73,6
728,3,2003,117,2003-09-28,14,45,0
742,3,2003,188,2003-09-28,12,63,0
744,3,2003,177,2003-09-28,7,72,2
747,3,2003,152,2003-09-28,4,73,5
748,3,2003,141,2003-09-28,19,21,0
758,3,2003,182,2003-09-28,5,73,4
759,3,2003,188,2003-09-28,16,41,0
762,3,2003,117,2003-09-28,2,73,8
763,3,2003,152,2003-09-28,15,44,0
764,3,2003,141,2003-09-28,6,72,3
768,3,2003,189,2003-09-28,18,21,0
774,3,2003,189,2003-09-28,8,71,1
775,3,2003,190,2003-09-28,9,71,0
776,3,2003,177,2003-09-28,13,48,0
777,3,2003,165,2003-09-28,11,69,0
703,53,2003,6,2003-10-12,8,53,1
715,53,2003,6,2003-10-12,1,53,10
723,53,2003,190,2003-10-12,10,53,0
724,53,2003,165,2003-10-12,15,51,0
725,53,2003,182,2003-10-12,19,9,0
728,53,2003,117,2003-10-12,3,53,6
744,53,2003,177,2003-10-12,17,33,0
747,53,2003,152,2003-10-12,5,53,4
748,53,2003,141,2003-10-12,12,52,0
758,53,2003,182,2003-10-12,9,53,0
759,53,2003,188,2003-10-12,4,53,5
762,53,2003,117,2003-10-12,2,53,8
763,53,2003,152,2003-10-12,18,17,0
764,53,2003,141,2003-10-12,20,9,0
768,53,2003,189,2003-10-12,11,53,0
769,53,2003,188,2003-10-12,6,53,3
774,53,2003,189,2003-10-12,13,52,0
775,53,2003,190,2003-10-12,7,53,2
776,53,2003,177,2003-10-12,14,51,0
777,53,2003,165,2003-10-12,16,50,0
703,59,2004,6,2004-03-07,1,58,10
715,59,2004,6,2004-03-07,2,58,8
723,59,2004,190,2004-03-07,13,56,0
728,59,2004,117,2004-03-07,8,57,1
744,59,2004,182,2004-03-07,10,57,0
747,59,2004,152,2004-03-07,7,57,2
748,59,2004,141,2004-03-07,4,58,5
758,59,2004,177,2004-03-07,16,43,0
759,59,2004,188,2004-03-07,6,58,3
762,59,2004,117,2004-03-07,20,9,0
763,59,2004,152,2004-03-07,3,58,6
764,59,2004,141,2004-03-07,5,58,4
768,59,2004,189,2004-03-07,18,29,0
769,59,2004,188,2004-03-07,9,57,0
770,59,2004,182,2004-03-07,15,44,0
775,59,2004,190,2004-03-07,12,56,0
778,59,2004,165,2004-03-07,19,13,0
779,59,2004,189,2004-03-07,11,56,0
780,59,2004,177,2004-03-07,14,55,0
781,59,2004,165,2004-03-07,17,43,0
703,60,2004,6,2004-03-21,1,56,10
715,60,2004,6,2004-03-21,4,56,5
723,60,2004,190,2004-03-21,12,55,0
728,60,2004,117,2004-03-21,6,56,3
744,60,2004,182,2004-03-21,11,55,0
747,60,2004,152,2004-03-21,5,56,4
748,60,2004,141,2004-03-21,19,27,0
758,60,2004,177,2004-03-21,18,34,0
759,60,2004,188,2004-03-21,3,56,6
762,60,2004,117,2004-03-21,17,40,0
763,60,2004,152,2004-03-21,7,56,2
764,60,2004,141,2004-03-21,2,56,8
768,60,2004,189,2004-03-21,20,23,0
769,60,2004,188,2004-03-21,15,52,0
770,60,2004,182,2004-03-21,8,55,1
775,60,2004,190,2004-03-21,9,55,0
778,60,2004,165,2004-03-21,16,52,0
779,60,2004,189,2004-03-21,10,55,0
780,60,2004,177,2004-03-21,13,54,0
781,60,2004,165,2004-03-21,14,53,0
703,61,2004,6,2004-04-04,1,57,10
715,61,2004,6,2004-04-04,2,57,8
723,61,2004,190,2004-04-04,9,56,0
728,61,2004,117,2004-04-04,18,50,0
744,61,2004,182,2004-04-04,11,56,0
747,61,2004,152,2004-04-04,4,57,5
748,61,2004,141,2004-04-04,7,57,2
758,61,2004,177,2004-04-04,15,56,0
759,61,2004,188,2004-04-04,3,57,6
762,61,2004,117,2004-04-04,20,7,0
763,61,2004,152,2004-04-04,6,57,3
764,61,2004,141,2004-04-04,13,56,0
768,61,2004,189,2004-04-04,8,56,1
769,61,2004,188,2004-04-04,5,57,4
770,61,2004,182,2004-04-04,12,56,0
775,61,2004,190,2004-04-04,10,56,0
778,61,2004,165,2004-04-04,19,44,0
779,61,2004,189,2004-04-04,14,56,0
780,61,2004,177,2004-04-04,16,55,0
781,61,2004,165,2004-04-04,17,52,0
703,45,2004,6,2004-04-25,1,62,10
715,45,2004,6,2004-04-25,6,62,3
723,45,2004,190,2004-04-25,11,61,0
728,45,2004,117,2004-04-25,12,61,0
744,45,2004,182,2004-04-25,9,61,0
747,45,2004,152,2004-04-25,5,62,4
748,45,2004,141,2004-04-25,7,62,2
758,45,2004,177,2004-04-25,17,48,0
759,45,2004,188,2004-04-25,2,62,8
762,45,2004,117,2004-04-25,8,61,1
763,45,2004,152,2004-04-25,4,62,5
764,45,2004,141,2004-04-25,3,62,6
768,45,2004,189,2004-04-25,13,61,0
769,45,2004,188,2004-04-25,16,56,0
770,45,2004,182,2004-04-25,10,61,0
775,45,2004,190,2004-04-25,18,32,0
778,45,2004,165,2004-04-25,15,58,0
779,45,2004,189,2004-04-25,14,60,0
780,45,2004,177,2004-04-25,20,6,0
781,45,2004,165,2004-04-25,19,22,0
703,56,2004,6,2004-05-09,1,66,10
715,56,2004,6,2004-05-09,2,66,8
723,56,2004,190,2004-05-09,17,33,0
728,56,2004,117,2004-05-09,10,65,0
744,56,2004,182,2004-05-09,7,66,2
747,56,2004,152,2004-05-09,3,66,6
748,56,2004,141,2004-05-09,6,66,3
758,56,2004,177,2004-05-09,18,33,0
759,56,2004,188,2004-05-09,8,65,1
762,56,2004,117,2004-05-09,11,65,0
763,56,2004,152,2004-05-09,4,66,5
764,56,2004,141,2004-05-09,15,46,0
768,56,2004,189,2004-05-09,12,65,0
769,56,2004,188,2004-05-09,5,66,4
770,56,2004,182,2004-05-09,9,65,0
775,56,2004,190,2004-05-09,13,65,0
778,56,2004,165,2004-05-09,20,17,0
779,56,2004,189,2004-05-09,16,43,0
780,56,2004,177,2004-05-09,14,51,0
781,56,2004,165,2004-05-09,19,31,0
703,2,2004,6,2004-05-23,11,45,0
715,2,2004,6,2004-05-23,3,77,6
723,2,2004,190,2004-05-23,8,74,1
728,2,2004,117,2004-05-23,18,2,0
744,2,2004,182,2004-05-23,19,2,0
747,2,2004,152,2004-05-23,1,77,10
748,2,2004,141,2004-05-23,10,69,0
758,2,2004,177,2004-05-23,7,75,2
759,2,2004,188,2004-05-23,2,77,8
762,2,2004,117,2004-05-23,13,27,0
763,2,2004,152,2004-05-23,12,41,0
764,2,2004,141,2004-05-23,4,76,5
768,2,2004,189,2004-05-23,16,11,0
769,2,2004,188,2004-05-23,17,2,0
770,2,2004,182,2004-05-23,5,76,4
775,2,2004,190,2004-05-23,6,76,3
778,2,2004,165,2004-05-23,9,71,0
779,2,2004,189,2004-05-23,20,0,0
780,2,2004,177,2004-05-23,15,12,0
781,2,2004,165,2004-05-23,14,15,0
703,8,2004,6,2004-05-30,1,60,10
715,8,2004,6,2004-05-30,2,60,8
723,8,2004,190,2004-05-30,11,59,0
728,8,2004,117,2004-05-30,17,25,0
744,8,2004,182,2004-05-30,6,60,3
747,8,2004,152,2004-05-30,4,60,5
748,8,2004,141,2004-05-30,19,0,0
758,8,2004,177,2004-05-30,10,59,0
759,8,2004,188,2004-05-30,3,60,6
762,8,2004,117,2004-05-30,18,9,0
763,8,2004,152,2004-05-30,5,60,4
764,8,2004,141,2004-05-30,8,59,1
768,8,2004,189,2004-05-30,7,60,2
769,8,2004,188,2004-05-30,16,47,0
770,8,2004,182,2004-05-30,9,59,0
775,8,2004,190,2004-05-30,20,0,0
778,8,2004,165,2004-05-30,15,57,0
779,8,2004,189,2004-05-30,12,59,0
780,8,2004,177,2004-05-30,13,58,0
781,8,2004,165,2004-05-30,14,57,0
703,44,2004,6,2004-06-13,1,70,10
715,44,2004,6,2004-06-13,2,70,8
723,44,2004,190,2004-06-13,20,69,0
728,44,2004,117,2004-06-13,6,69,3
744,44,2004,182,2004-06-13,4,69,5
747,44,2004,152,2004-06-13,16,0,0
748,44,2004,141,2004-06-13,17,70,0
758,44,2004,177,2004-06-13,8,68,1
759,44,2004,188,2004-06-13,3,70,6
762,44,2004,117,2004-06-13,5,69,4
763,44,2004,152,2004-06-13,13,44,0
764,44,2004,141,2004-06-13,18,70,0
768,44,2004,189,2004-06-13,15,6,0
769,44,2004,188,2004-06-13,12,48,0
770,44,2004,182,2004-06-13,11,62,0
775,44,2004,190,2004-06-13,19,69,0
778,44,2004,165,2004-06-13,10,66,0
779,44,2004,189,2004-06-13,9,67,0
781,44,2004,165,2004-06-13,14,30,0
782,44,2004,177,2004-06-13,7,68,2
703,3,2004,6,2004-06-20,1,73,10
715,3,2004,6,2004-06-20,2,73,8
723,3,2004,190,2004-06-20,5,73,4
728,3,2004,117,2004-06-20,7,72,2
744,3,2004,182,2004-06-20,9,65,0
747,3,2004,152,2004-06-20,4,73,5
748,3,2004,141,2004-06-20,15,9,0
758,3,2004,177,2004-06-20,12,40,0
759,3,2004,188,2004-06-20,13,26,0
762,3,2004,117,2004-06-20,6,72,3
763,3,2004,152,2004-06-20,16,8,0
764,3,2004,141,2004-06-20,11,57,0
768,3,2004,189,2004-06-20,10,60,0
769,3,2004,188,2004-06-20,3,73,6
770,3,2004,182,2004-06-20,18,0,0
775,3,2004,190,2004-06-20,14,17,0
778,3,2004,165,2004-06-20,8,70,1
779,3,2004,189,2004-06-20,17,0,0
780,3,2004,177,2004-06-20,19,0,0
781,3,2004,165,2004-06-20,20,0,0
703,55,2004,6,2004-07-04,1,70,10
715,55,2004,6,2004-07-04,3,70,6
723,55,2004,190,2004-07-04,15,68,0
728,55,2004,117,2004-07-04,6,70,3
744,55,2004,182,2004-07-04,12,69,0
747,55,2004,152,2004-07-04,4,70,5
756,55,2004,141,2004-07-04,10,70,0
758,55,2004,177,2004-07-04,16,68,0
759,55,2004,188,2004-07-04,5,70,4
762,55,2004,117,2004-07-04,7,70,2
763,55,2004,152,2004-07-04,2,70,8
764,55,2004,141,2004-07-04,8,70,1
768,55,2004,189,2004-07-04,9,70,0
769,55,2004,188,2004-07-04,20,15,0
770,55,2004,182,2004-07-04,13,69,0
775,55,2004,190,2004-07-04,14,69,0
778,55,2004,165,2004-07-04,19,31,0
779,55,2004,189,2004-07-04,11,69,0
780,55,2004,177,2004-07-04,17,67,0
781,55,2004,165,2004-07-04,18,66,0
703,1,2004,6,2004-07-11,1,60,10
715,1,2004,6,2004-07-11,3,60,6
723,1,2004,190,2004-07-11,20,16,0
728,1,2004,117,2004-07-11,7,60,2
744,1,2004,182,2004-07-11,6,60,3
747,1,2004,152,2004-07-11,18,39,0
756,1,2004,141,2004-07-11,12,60,0
758,1,2004,177,2004-07-11,15,59,0
759,1,2004,188,2004-07-11,4,60,5
762,1,2004,117,2004-07-11,2,60,8
763,1,2004,152,2004-07-11,10,60,0
764,1,2004,141,2004-07-11,5,60,4
768,1,2004,189,2004-07-11,8,60,1
769,1,2004,188,2004-07-11,11,60,0
770,1,2004,182,2004-07-11,9,60,0
775,1,2004,190,2004-07-11,13,59,0
778,1,2004,165,2004-07-11,19,29,0
779,1,2004,189,2004-07-11,14,59,0
780,1,2004,177,2004-07-11,17,47,0
781,1,2004,165,2004-07-11,16,56,0
703,33,2004,6,2004-07-25,1,66,10
715,33,2004,6,2004-07-25,12,66,0
723,33,2004,190,2004-07-25,14,65,0
728,33,2004,117,2004-07-25,4,66,5
744,33,2004,182,2004-07-25,9,66,0
747,33,2004,152,2004-07-25,11,66,0
758,33,2004,177,2004-07-25,18,42,0
759,33,2004,188,2004-07-25,2,66,8
762,33,2004,117,2004-07-25,20,13,0
763,33,2004,152,2004-07-25,3,66,6
764,33,2004,141,2004-07-25,5,66,4
768,33,2004,189,2004-07-25,6,66,3
769,33,2004,188,2004-07-25,8,66,1
770,33,2004,182,2004-07-25,13,65,0
773,33,2004,141,2004-07-25,7,66,2
775,33,2004,190,2004-07-25,19,38,0
778,33,2004,165,2004-07-25,16,62,0
779,33,2004,189,2004-07-25,10,66,0
780,33,2004,177,2004-07-25,15,63,0
781,33,2004,165,2004-07-25,17,62,0
703,52,2004,6,2004-08-15,1,70,10
715,52,2004,6,2004-08-15,2,70,8
723,52,2004,190,2004-08-15,11,69,0
728,52,2004,117,2004-08-15,9,69,0
744,52,2004,182,2004-08-15,8,69,1
747,52,2004,152,2004-08-15,17,41,0
755,52,2004,190,2004-08-15,18,31,0
758,52,2004,177,2004-08-15,12,68,0
759,52,2004,188,2004-08-15,5,70,4
762,52,2004,117,2004-08-15,20,13,0
763,52,2004,152,2004-08-15,3,70,6
764,52,2004,141,2004-08-15,4,70,5
768,52,2004,189,2004-08-15,10,69,0
769,52,2004,188,2004-08-15,6,69,3
770,52,2004,182,2004-08-15,19,21,0
773,52,2004,141,2004-08-15,7,69,2
778,52,2004,165,2004-08-15,15,65,0
779,52,2004,189,2004-08-15,13,68,0
780,52,2004,177,2004-08-15,16,48,0
781,52,2004,165,2004-08-15,14,66,0
703,5,2004,6,2004-08-29,2,44,8
715,5,2004,6,2004-08-29,3,44,6
723,5,2004,190,2004-08-29,8,44,1
728,5,2004,117,2004-08-29,7,44,2
744,5,2004,182,2004-08-29,5,44,4
747,5,2004,152,2004-08-29,9,44,0
755,5,2004,190,2004-08-29,10,41,0
758,5,2004,177,2004-08-29,11,40,0
759,5,2004,188,2004-08-29,14,29,0
762,5,2004,117,2004-08-29,1,44,10
763,5,2004,152,2004-08-29,16,11,0
764,5,2004,141,2004-08-29,12,37,0
768,5,2004,189,2004-08-29,17,0,0
769,5,2004,188,2004-08-29,18,0,0
770,5,2004,182,2004-08-29,4,44,5
773,5,2004,141,2004-08-29,13,31,0
778,5,2004,165,2004-08-29,15,28,0
779,5,2004,189,2004-08-29,6,44,3
780,5,2004,177,2004-08-29,20,0,0
781,5,2004,165,2004-08-29,19,0,0
703,7,2004,6,2004-09-12,2,53,8
715,7,2004,6,2004-09-12,1,53,10
723,7,2004,190,2004-09-12,20,0,0
728,7,2004,117,2004-09-12,6,53,3
744,7,2004,182,2004-09-12,8,53,1
747,7,2004,152,2004-09-12,10,53,0
755,7,2004,190,2004-09-12,11,53,0
758,7,2004,177,2004-09-12,14,52,0
759,7,2004,188,2004-09-12,3,53,6
762,7,2004,117,2004-09-12,19,13,0
763,7,2004,152,2004-09-12,16,40,0
764,7,2004,141,2004-09-12,5,53,4
768,7,2004,189,2004-09-12,9,53,0
769,7,2004,188,2004-09-12,4,53,5
770,7,2004,182,2004-09-12,12,52,0
773,7,2004,141,2004-09-12,7,53,2
778,7,2004,165,2004-09-12,15,50,0
779,7,2004,189,2004-09-12,13,52,0
780,7,2004,177,2004-09-12,17,33,0
781,7,2004,165,2004-09-12,18,29,0
703,62,2004,6,2004-09-26,12,55,0
715,62,2004,6,2004-09-26,1,56,10
723,62,2004,190,2004-09-26,14,55,0
728,62,2004,117,2004-09-26,9,56,0
742,62,2004,152,2004-09-26,11,55,0
744,62,2004,182,2004-09-26,7,56,2
748,62,2004,141,2004-09-26,18,37,0
755,62,2004,190,2004-09-26,19,35,0
758,62,2004,177,2004-09-26,13,55,0
759,62,2004,188,2004-09-26,2,56,8
762,62,2004,117,2004-09-26,3,56,6
763,62,2004,152,2004-09-26,4,56,5
764,62,2004,141,2004-09-26,5,56,4
768,62,2004,189,2004-09-26,10,55,0
769,62,2004,188,2004-09-26,6,56,3
770,62,2004,182,2004-09-26,8,56,1
778,62,2004,165,2004-09-26,16,53,0
779,62,2004,189,2004-09-26,20,11,0
781,62,2004,165,2004-09-26,17,38,0
782,62,2004,177,2004-09-26,15,55,0
703,53,2004,6,2004-10-10,1,53,10
715,53,2004,6,2004-10-10,19,38,0
723,53,2004,190,2004-10-10,14,51,0
728,53,2004,117,2004-10-10,18,38,0
742,53,2004,152,2004-10-10,10,52,0
744,53,2004,182,2004-10-10,8,53,1
747,53,2004,190,2004-10-10,11,52,0
748,53,2004,141,2004-10-10,2,53,8
758,53,2004,177,2004-10-10,13,52,0
759,53,2004,188,2004-10-10,3,53,6
762,53,2004,117,2004-10-10,6,53,3
763,53,2004,152,2004-10-10,5,53,4
764,53,2004,141,2004-10-10,7,53,2
768,53,2004,189,2004-10-10,20,20,0
769,53,2004,188,2004-10-10,4,53,5
770,53,2004,182,2004-10-10,9,53,0
778,53,2004,165,2004-10-10,17,41,0
779,53,2004,189,2004-10-10,12,52,0
781,53,2004,165,2004-10-10,16,50,0
782,53,2004,177,2004-10-10,15,51,0
703,37,2004,6,2004-10-24,7,71,2
715,37,2004,6,2004-10-24,3,71,6
728,37,2004,117,2004-10-24,11,70,0
742,37,2004,152,2004-10-24,10,70,0
744,37,2004,182,2004-10-24,9,71,0
747,37,2004,190,2004-10-24,12,70,0
748,37,2004,141,2004-10-24,5,71,4
755,37,2004,190,2004-10-24,13,70,0
758,37,2004,177,2004-10-24,19,15,0
759,37,2004,188,2004-10-24,20,3,0
762,37,2004,117,2004-10-24,2,71,8
763,37,2004,152,2004-10-24,4,71,5
764,37,2004,141,2004-10-24,1,71,10
768,37,2004,189,2004-10-24,18,23,0
769,37,2004,188,2004-10-24,6,71,3
770,37,2004,182,2004-10-24,8,71,1
778,37,2004,165,2004-10-24,16,67,0
779,37,2004,189,2004-10-24,14,69,0
781,37,2004,165,2004-10-24,17,67,0
782,37,2004,177,2004-10-24,15,69,0
703,59,2005,6,2005-03-06,18,42,0
715,59,2005,6,2005-03-06,2,57,8
728,59,2005,191,2005-03-06,4,57,5
742,59,2005,182,2005-03-06,13,56,0
744,59,2005,152,2005-03-06,1,57,10
747,59,2005,190,2005-03-06,9,57,0
748,59,2005,190,2005-03-06,12,56,0
758,59,2005,141,2005-03-06,19,42,0
759,59,2005,188,2005-03-06,11,56,0
762,59,2005,117,2005-03-06,8,57,1
763,59,2005,152,2005-03-06,3,57,6
764,59,2005,117,2005-03-06,6,57,3
768,59,2005,141,2005-03-06,5,57,4
769,59,2005,188,2005-03-06,14,55,0
770,59,2005,182,2005-03-06,10,57,0
779,59,2005,191,2005-03-06,7,57,2
783,59,2005,177,2005-03-06,15,55,0
784,59,2005,177,2005-03-06,16,55,0
785,59,2005,165,2005-03-06,17,55,0
786,59,2005,165,2005-03-06,20,16,0
703,60,2005,6,2005-03-20,7,56,2
715,60,2005,6,2005-03-20,14,49,0
728,60,2005,191,2005-03-20,6,56,3
742,60,2005,182,2005-03-20,17,26,0
744,60,2005,152,2005-03-20,15,36,0
747,60,2005,190,2005-03-20,2,56,8
748,60,2005,190,2005-03-20,5,56,4
758,60,2005,141,2005-03-20,3,56,6
759,60,2005,188,2005-03-20,18,2,0
762,60,2005,117,2005-03-20,9,56,0
763,60,2005,152,2005-03-20,1,56,10
764,60,2005,117,2005-03-20,4,56,5
768,60,2005,141,2005-03-20,16,36,0
770,60,2005,182,2005-03-20,10,55,0
772,60,2005,188,2005-03-20,19,2,0
779,60,2005,191,2005-03-20,8,56,1
783,60,2005,177,2005-03-20,11,54,0
784,60,2005,177,2005-03-20,12,53,0
785,60,2005,165,2005-03-20,20,2,0
786,60,2005,165,2005-03-20,13,52,0
703,61,2005,6,2005-04-03,17,12,0
715,61,2005,6,2005-04-03,9,56,0
728,61,2005,191,2005-04-03,8,56,1
742,61,2005,182,2005-04-03,11,54,0
744,61,2005,152,2005-04-03,18,4,0
747,61,2005,190,2005-04-03,2,57,8
748,61,2005,190,2005-04-03,4,57,5
754,61,2005,117,2005-04-03,5,57,4
758,61,2005,141,2005-04-03,16,25,0
759,61,2005,188,2005-04-03,14,46,0
762,61,2005,117,2005-04-03,3,57,6
763,61,2005,152,2005-04-03,1,57,10
768,61,2005,141,2005-04-03,6,57,3
769,61,2005,188,2005-04-03,15,27,0
770,61,2005,182,2005-04-03,7,56,2
779,61,2005,191,2005-04-03,20,0,0
783,61,2005,177,2005-04-03,19,2,0
784,61,2005,177,2005-04-03,10,55,0
785,61,2005,165,2005-04-03,12,54,0
786,61,2005,165,2005-04-03,13,53,0
703,45,2005,6,2005-04-24,2,62,8
715,45,2005,6,2005-04-24,15,18,0
728,45,2005,191,2005-04-24,11,61,0
742,45,2005,182,2005-04-24,4,62,5
744,45,2005,152,2005-04-24,18,5,0
747,45,2005,190,2005-04-24,5,62,4
748,45,2005,190,2005-04-24,9,62,0
750,45,2005,117,2005-04-24,3,62,6
758,45,2005,141,2005-04-24,6,62,3
759,45,2005,188,2005-04-24,19,62,0
762,45,2005,117,2005-04-24,16,9,0
763,45,2005,152,2005-04-24,1,62,10
768,45,2005,141,2005-04-24,7,62,2
769,45,2005,188,2005-04-24,20,62,0
770,45,2005,182,2005-04-24,10,61,0
783,45,2005,177,2005-04-24,12,61,0
784,45,2005,177,2005-04-24,13,60,0
785,45,2005,165,2005-04-24,17,8,0
786,45,2005,165,2005-04-24,14,20,0
787,45,2005,191,2005-04-24,8,62,1
703,56,2005,6,2005-05-08,15,46,0
715,56,2005,6,2005-05-08,9,65,0
728,56,2005,191,2005-05-08,8,65,1
742,56,2005,182,2005-05-08,14,51,0
744,56,2005,152,2005-05-08,5,66,4
747,56,2005,190,2005-05-08,3,66,6
748,56,2005,190,2005-05-08,4,66,5
758,56,2005,141,2005-05-08,10,65,0
762,56,2005,117,2005-05-08,1,66,10
763,56,2005,152,2005-05-08,2,66,8
764,56,2005,117,2005-05-08,7,65,2
768,56,2005,141,2005-05-08,6,66,3
770,56,2005,182,2005-05-08,11,63,0
783,56,2005,177,2005-05-08,13,63,0
784,56,2005,177,2005-05-08,12,63,0
785,56,2005,165,2005-05-08,17,11,0
786,56,2005,165,2005-05-08,16,19,0
787,56,2005,191,2005-05-08,18,9,0
703,2,2005,6,2005-05-22,7,78,2
715,2,2005,6,2005-05-22,8,78,1
728,2,2005,191,2005-05-22,17,23,0
742,2,2005,182,2005-05-22,11,77,0
744,2,2005,152,2005-05-22,12,77,0
747,2,2005,190,2005-05-22,10,77,0
748,2,2005,190,2005-05-22,6,78,3
758,2,2005,141,2005-05-22,2,78,8
762,2,2005,117,2005-05-22,1,78,10
763,2,2005,152,2005-05-22,4,78,5
764,2,2005,117,2005-05-22,5,78,4
768,2,2005,141,2005-05-22,3,78,6
770,2,2005,182,2005-05-22,9,77,0
783,2,2005,177,2005-05-22,18,18,0
784,2,2005,177,2005-05-22,13,75,0
785,2,2005,165,2005-05-22,16,29,0
786,2,2005,165,2005-05-22,14,73,0
787,2,2005,191,2005-05-22,15,59,0
703,8,2005,6,2005-05-29,5,59,4
715,8,2005,6,2005-05-29,3,59,6
728,8,2005,191,2005-05-29,4,59,5
742,8,2005,182,2005-05-29,13,58,0
744,8,2005,152,2005-05-29,6,59,3
747,8,2005,190,2005-05-29,8,59,1
748,8,2005,190,2005-05-29,19,33,0
758,8,2005,141,2005-05-29,2,59,8
759,8,2005,188,2005-05-29,10,59,0
762,8,2005,117,2005-05-29,11,58,0
763,8,2005,152,2005-05-29,1,59,10
764,8,2005,117,2005-05-29,7,59,2
768,8,2005,141,2005-05-29,20,0,0
769,8,2005,188,2005-05-29,12,58,0
770,8,2005,182,2005-05-29,14,58,0
783,8,2005,177,2005-05-29,16,58,0
784,8,2005,177,2005-05-29,15,58,0
785,8,2005,165,2005-05-29,18,56,0
786,8,2005,165,2005-05-29,17,57,0
787,8,2005,191,2005-05-29,9,59,0
703,44,2005,6,2005-06-12,2,70,8
715,44,2005,6,2005-06-12,3,70,6
728,44,2005,191,2005-06-12,7,69,2
742,44,2005,182,2005-06-12,9,69,0
744,44,2005,152,2005-06-12,18,32,0
747,44,2005,190,2005-06-12,12,62,0
748,44,2005,190,2005-06-12,6,69,3
758,44,2005,141,2005-06-12,14,43,0
759,44,2005,188,2005-06-12,13,46,0
762,44,2005,117,2005-06-12,1,70,10
763,44,2005,152,2005-06-12,17,38,0
764,44,2005,117,2005-06-12,20,52,0
768,44,2005,141,2005-06-12,5,70,4
769,44,2005,188,2005-06-12,15,40,0
770,44,2005,182,2005-06-12,4,70,5
779,44,2005,191,2005-06-12,8,69,1
783,44,2005,177,2005-06-12,19,24,0
784,44,2005,177,2005-06-12,10,67,0
785,44,2005,165,2005-06-12,16,39,0
786,44,2005,165,2005-06-12,11,67,0
703,3,2005,6,2005-06-19,1,73,10
715,3,2005,6,2005-06-19,2,73,8
728,3,2005,191,2005-06-19,20,0,0
742,3,2005,182,2005-06-19,16,0,0
744,3,2005,152,2005-06-19,10,0,0
747,3,2005,190,2005-06-19,7,0,0
755,3,2005,190,2005-06-19,17,0,0
758,3,2005,141,2005-06-19,19,0,0
759,3,2005,188,2005-06-19,9,0,0
762,3,2005,117,2005-06-19,8,0,0
763,3,2005,152,2005-06-19,11,0,0
764,3,2005,117,2005-06-19,15,0,0
768,3,2005,141,2005-06-19,13,0,0
769,3,2005,188,2005-06-19,12,0,0
770,3,2005,182,2005-06-19,14,0,0
779,3,2005,191,2005-06-19,18,0,0
783,3,2005,177,2005-06-19,4,72,5
784,3,2005,177,2005-06-19,3,72,6
785,3,2005,165,2005-06-19,6,71,3
786,3,2005,165,2005-06-19,5,71,4
703,55,2005,6,2005-07-03,3,70,6
715,55,2005,6,2005-07-03,9,69,0
728,55,2005,191,2005-07-03,10,69,0
742,55,2005,182,2005-07-03,8,69,1
744,55,2005,152,2005-07-03,6,69,3
747,55,2005,190,2005-07-03,5,69,4
748,55,2005,190,2005-07-03,7,69,2
758,55,2005,141,2005-07-03,14,66,0
759,55,2005,188,2005-07-03,4,69,5
762,55,2005,117,2005-07-03,2,70,8
763,55,2005,152,2005-07-03,1,70,10
764,55,2005,117,2005-07-03,16,46,0
768,55,2005,141,2005-07-03,12,68,0
769,55,2005,188,2005-07-03,11,69,0
770,55,2005,182,2005-07-03,19,30,0
779,55,2005,191,2005-07-03,20,1,0
783,55,2005,177,2005-07-03,15,66,0
784,55,2005,177,2005-07-03,13,67,0
785,55,2005,165,2005-07-03,18,33,0
786,55,2005,165,2005-07-03,17,37,0
703,1,2005,6,2005-07-10,6,60,3
715,1,2005,6,2005-07-10,7,60,2
728,1,2005,191,2005-07-10,13,59,0
742,1,2005,182,2005-07-10,14,59,0
744,1,2005,152,2005-07-10,4,60,5
747,1,2005,190,2005-07-10,9,60,0
748,1,2005,190,2005-07-10,8,60,1
758,1,2005,141,2005-07-10,12,59,0
759,1,2005,188,2005-07-10,5,60,4
762,1,2005,117,2005-07-10,3,60,6
763,1,2005,152,2005-07-10,2,60,8
764,1,2005,117,2005-07-10,1,60,10
768,1,2005,141,2005-07-10,11,59,0
769,1,2005,188,2005-07-10,16,58,0
770,1,2005,182,2005-07-10,10,59,0
779,1,2005,191,2005-07-10,15,59,0
783,1,2005,177,2005-07-10,20,10,0
784,1,2005,177,2005-07-10,17,58,0
785,1,2005,165,2005-07-10,19,56,0
786,1,2005,165,2005-07-10,18,57,0
703,33,2005,6,2005-07-24,5,67,4
715,33,2005,6,2005-07-24,10,66,0
728,33,2005,191,2005-07-24,7,67,2
742,33,2005,182,2005-07-24,15,64,0
744,33,2005,152,2005-07-24,4,67,5
747,33,2005,190,2005-07-24,14,64,0
748,33,2005,190,2005-07-24,6,67,3
758,33,2005,141,2005-07-24,11,66,0
759,33,2005,188,2005-07-24,3,67,6
762,33,2005,117,2005-07-24,20,32,0
763,33,2005,152,2005-07-24,1,67,10
764,33,2005,117,2005-07-24,2,67,8
768,33,2005,141,2005-07-24,19,55,0
769,33,2005,188,2005-07-24,12,66,0
770,33,2005,182,2005-07-24,8,67,1
779,33,2005,191,2005-07-24,9,67,0
783,33,2005,177,2005-07-24,16,64,0
784,33,2005,177,2005-07-24,17,64,0
786,33,2005,165,2005-07-24,13,65,0
788,33,2005,165,2005-07-24,18,63,0
703,52,2005,6,2005-07-31,2,70,8
715,52,2005,6,2005-07-31,10,69,0
728,52,2005,191,2005-07-31,19,0,0
742,52,2005,182,2005-07-31,16,56,0
744,52,2005,152,2005-07-31,9,69,0
747,52,2005,190,2005-07-31,4,70,5
748,52,2005,190,2005-07-31,3,70,6
758,52,2005,141,2005-07-31,6,70,3
759,52,2005,188,2005-07-31,5,70,4
762,52,2005,117,2005-07-31,1,70,10
763,52,2005,152,2005-07-31,11,69,0
764,52,2005,117,2005-07-31,17,41,0
768,52,2005,141,2005-07-31,7,69,2
769,52,2005,188,2005-07-31,8,69,1
770,52,2005,182,2005-07-31,14,63,0
779,52,2005,191,2005-07-31,20,0,0
783,52,2005,177,2005-07-31,12,67,0
784,52,2005,177,2005-07-31,13,66,0
786,52,2005,165,2005-07-31,15,59,0
788,52,2005,165,2005-07-31,18,26,0
703,63,2005,6,2005-08-21,17,32,0
715,63,2005,6,2005-08-21,10,57,0
728,63,2005,191,2005-08-21,7,58,2
742,63,2005,182,2005-08-21,11,57,0
744,63,2005,152,2005-08-21,4,58,5
747,63,2005,190,2005-08-21,6,58,3
748,63,2005,190,2005-08-21,12,57,0
758,63,2005,141,2005-08-21,18,29,0
759,63,2005,188,2005-08-21,5,58,4
762,63,2005,117,2005-08-21,1,58,10
763,63,2005,152,2005-08-21,2,58,8
764,63,2005,117,2005-08-21,3,58,6
768,63,2005,141,2005-08-21,20,20,0
769,63,2005,188,2005-08-21,9,58,0
770,63,2005,182,2005-08-21,19,28,0
779,63,2005,191,2005-08-21,8,58,1
783,63,2005,177,2005-08-21,14,55,0
784,63,2005,177,2005-08-21,15,55,0
786,63,2005,165,2005-08-21,16,48,0
788,63,2005,165,2005-08-21,13,55,0
703,7,2005,6,2005-09-04,10,53,0
715,7,2005,6,2005-09-04,12,52,0
728,7,2005,191,2005-09-04,15,52,0
742,7,2005,182,2005-09-04,11,52,0
744,7,2005,152,2005-09-04,3,53,6
747,7,2005,190,2005-09-04,5,53,4
748,7,2005,190,2005-09-04,6,53,3
759,7,2005,188,2005-09-04,8,53,1
762,7,2005,117,2005-09-04,4,53,5
763,7,2005,152,2005-09-04,2,53,8
764,7,2005,117,2005-09-04,1,53,10
768,7,2005,141,2005-09-04,14,52,0
769,7,2005,188,2005-09-04,16,52,0
770,7,2005,182,2005-09-04,9,53,0
773,7,2005,141,2005-09-04,7,53,2
779,7,2005,191,2005-09-04,13,52,0
783,7,2005,177,2005-09-04,20,50,0
784,7,2005,177,2005-09-04,17,51,0
786,7,2005,165,2005-09-04,19,51,0
788,7,2005,165,2005-09-04,18,51,0
703,5,2005,6,2005-09-11,18,13,0
715,5,2005,6,2005-09-11,5,44,4
728,5,2005,191,2005-09-11,17,18,0
742,5,2005,182,2005-09-11,6,44,3
744,5,2005,152,2005-09-11,20,10,0
747,5,2005,190,2005-09-11,16,34,0
748,5,2005,190,2005-09-11,7,44,2
759,5,2005,188,2005-09-11,3,44,6
762,5,2005,117,2005-09-11,1,44,10
763,5,2005,152,2005-09-11,2,44,8
764,5,2005,117,2005-09-11,14,40,0
768,5,2005,141,2005-09-11,4,44,5
769,5,2005,188,2005-09-11,19,13,0
770,5,2005,182,2005-09-11,10,43,0
773,5,2005,141,2005-09-11,15,39,0
779,5,2005,191,2005-09-11,9,43,0
783,5,2005,177,2005-09-11,11,43,0
784,5,2005,177,2005-09-11,8,43,1
786,5,2005,165,2005-09-11,12,42,0
788,5,2005,165,2005-09-11,13,41,0
703,37,2005,6,2005-09-25,4,71,5
715,37,2005,6,2005-09-25,6,71,3
728,37,2005,191,2005-09-25,20,0,0
742,37,2005,182,2005-09-25,12,70,0
744,37,2005,152,2005-09-25,5,71,4
747,37,2005,190,2005-09-25,13,69,0
748,37,2005,190,2005-09-25,8,70,1
759,37,2005,188,2005-09-25,7,70,2
762,37,2005,117,2005-09-25,2,71,8
763,37,2005,152,2005-09-25,3,71,6
764,37,2005,117,2005-09-25,1,71,10
768,37,2005,141,2005-09-25,17,45,0
769,37,2005,188,2005-09-25,10,70,0
770,37,2005,182,2005-09-25,11,70,0
773,37,2005,141,2005-09-25,19,0,0
779,37,2005,191,2005-09-25,9,70,0
783,37,2005,177,2005-09-25,15,68,0
784,37,2005,177,2005-09-25,16,55,0
786,37,2005,165,2005-09-25,14,69,0
788,37,2005,165,2005-09-25,18,34,0
703,53,2005,6,2005-10-09,7,53,2
715,53,2005,6,2005-10-09,11,53,0
728,53,2005,191,2005-10-09,6,53,3
742,53,2005,182,2005-10-09,12,53,0
744,53,2005,152,2005-10-09,2,53,8
747,53,2005,190,2005-10-09,18,9,0
748,53,2005,190,2005-10-09,8,53,1
759,53,2005,188,2005-10-09,5,53,4
762,53,2005,117,2005-10-09,1,53,10
763,53,2005,152,2005-10-09,3,53,6
764,53,2005,117,2005-10-09,19,0,0
768,53,2005,141,2005-10-09,4,53,5
769,53,2005,188,2005-10-09,20,52,0
770,53,2005,182,2005-10-09,10,53,0
773,53,2005,141,2005-10-09,17,9,0
779,53,2005,191,2005-10-09,9,53,0
783,53,2005,177,2005-10-09,15,51,0
784,53,2005,177,2005-10-09,13,52,0
786,53,2005,165,2005-10-09,16,49,0
788,53,2005,165,2005-10-09,14,51,0
703,62,2005,6,2005-10-16,20,20,0
715,62,2005,6,2005-10-16,12,56,0
728,62,2005,191,2005-10-16,9,56,0
742,62,2005,182,2005-10-16,10,56,0
744,62,2005,152,2005-10-16,4,56,5
747,62,2005,190,2005-10-16,15,55,0
748,62,2005,190,2005-10-16,3,56,6
759,62,2005,188,2005-10-16,8,56,1
762,62,2005,117,2005-10-16,2,56,8
763,62,2005,152,2005-10-16,1,56,10
764,62,2005,117,2005-10-16,19,24,0
768,62,2005,141,2005-10-16,7,56,2
769,62,2005,188,2005-10-16,17,34,0
770,62,2005,182,2005-10-16,6,56,3
773,62,2005,141,2005-10-16,13,55,0
779,62,2005,191,2005-10-16,5,56,4
783,62,2005,177,2005-10-16,18,28,0
784,62,2005,177,2005-10-16,11,56,0
786,62,2005,165,2005-10-16,16,50,0
788,62,2005,165,2005-10-16,14,55,0
703,61,2006,6,2006-03-12,2,57,8
715,61,2006,98,2006-03-12,15,56,0
728,61,2006,191,2006-03-12,10,57,0
742,61,2006,192,2006-03-12,20,29,0
744,61,2006,152,2006-03-12,21,21,0
747,61,2006,190,2006-03-12,16,56,0
748,61,2006,190,2006-03-12,14,56,0
758,61,2006,192,2006-03-12,12,56,0
759,61,2006,98,2006-03-12,4,57,5
762,61,2006,117,2006-03-12,3,57,6
763,61,2006,152,2006-03-12,1,57,10
764,61,2006,117,2006-03-12,5,57,4
768,61,2006,141,2006-03-12,6,57,3
769,61,2006,193,2006-03-12,18,53,0
770,61,2006,6,2006-03-12,9,57,0
779,61,2006,191,2006-03-12,8,57,1
784,61,2006,194,2006-03-12,17,55,0
786,61,2006,194,2006-03-12,22,0,0
787,61,2006,195,2006-03-12,11,57,0
789,61,2006,141,2006-03-12,7,57,2
790,61,2006,195,2006-03-12,13,56,0
791,61,2006,193,2006-03-12,19,35,0
703,60,2006,6,2006-03-19,6,56,3
715,60,2006,98,2006-03-19,10,55,0
728,60,2006,191,2006-03-19,20,10,0
742,60,2006,192,2006-03-19,7,56,2
744,60,2006,152,2006-03-19,1,56,10
747,60,2006,190,2006-03-19,9,55,0
748,60,2006,190,2006-03-19,8,56,1
758,60,2006,192,2006-03-19,15,48,0
759,60,2006,98,2006-03-19,3,56,6
762,60,2006,117,2006-03-19,22,0,0
763,60,2006,152,2006-03-19,2,56,8
764,60,2006,117,2006-03-19,4,56,5
768,60,2006,141,2006-03-19,19,15,0
769,60,2006,193,2006-03-19,14,53,0
770,60,2006,6,2006-03-19,5,56,4
779,60,2006,191,2006-03-19,18,26,0
784,60,2006,194,2006-03-19,13,54,0
786,60,2006,194,2006-03-19,12,54,0
787,60,2006,195,2006-03-19,11,54,0
789,60,2006,141,2006-03-19,21,6,0
790,60,2006,195,2006-03-19,16,41,0
791,60,2006,193,2006-03-19,17,33,0
703,59,2006,6,2006-04-02,17,32,0
715,59,2006,98,2006-04-02,7,57,2
728,59,2006,191,2006-04-02,8,57,1
742,59,2006,192,2006-04-02,6,57,3
744,59,2006,152,2006-04-02,5,57,4
747,59,2006,190,2006-04-02,20,0,0
748,59,2006,190,2006-04-02,3,57,6
758,59,2006,192,2006-04-02,4,57,5
759,59,2006,98,2006-04-02,10,56,0
762,59,2006,117,2006-04-02,2,57,8
763,59,2006,152,2006-04-02,1,57,10
764,59,2006,117,2006-04-02,14,46,0
768,59,2006,141,2006-04-02,18,22,0
769,59,2006,193,2006-04-02,12,55,0
770,59,2006,6,2006-04-02,22,0,0
779,59,2006,191,2006-04-02,19,4,0
784,59,2006,194,2006-04-02,15,39,0
786,59,2006,194,2006-04-02,11,56,0
787,59,2006,195,2006-04-02,16,37,0
789,59,2006,141,2006-04-02,21,0,0
790,59,2006,195,2006-04-02,9,57,0
791,59,2006,193,2006-04-02,13,54,0
703,45,2006,6,2006-04-23,1,62,10
715,45,2006,98,2006-04-23,10,62,0
728,45,2006,191,2006-04-23,17,47,0
742,45,2006,192,2006-04-23,12,62,0
744,45,2006,152,2006-04-23,8,62,1
747,45,2006,190,2006-04-23,21,5,0
748,45,2006,190,2006-04-23,9,62,0
758,45,2006,192,2006-04-23,13,61,0
759,45,2006,98,2006-04-23,7,62,2
762,45,2006,117,2006-04-23,5,62,4
763,45,2006,152,2006-04-23,2,62,8
764,45,2006,117,2006-04-23,3,62,6
768,45,2006,141,2006-04-23,6,62,3
769,45,2006,193,2006-04-23,18,44,0
770,45,2006,6,2006-04-23,4,62,5
779,45,2006,191,2006-04-23,19,40,0
784,45,2006,194,2006-04-23,16,60,0
786,45,2006,194,2006-04-23,22,0,0
787,45,2006,195,2006-04-23,14,61,0
789,45,2006,141,2006-04-23,11,62,0
790,45,2006,195,2006-04-23,15,61,0
791,45,2006,193,2006-04-23,20,23,0
703,8,2006,6,2006-05-07,1,60,10
715,8,2006,98,2006-05-07,5,60,4
728,8,2006,191,2006-05-07,21,2,0
742,8,2006,192,2006-05-07,8,60,1
744,8,2006,152,2006-05-07,6,60,3
747,8,2006,190,2006-05-07,9,59,0
748,8,2006,190,2006-05-07,14,52,0
758,8,2006,192,2006-05-07,10,59,0
759,8,2006,98,2006-05-07,18,28,0
762,8,2006,117,2006-05-07,4,60,5
763,8,2006,152,2006-05-07,2,60,8
764,8,2006,117,2006-05-07,15,52,0
768,8,2006,141,2006-05-07,20,12,0
769,8,2006,193,2006-05-07,16,45,0
770,8,2006,6,2006-05-07,3,60,6
779,8,2006,191,2006-05-07,19,28,0
784,8,2006,194,2006-05-07,12,59,0
786,8,2006,194,2006-05-07,13,59,0
787,8,2006,195,2006-05-07,22,0,0
789,8,2006,141,2006-05-07,7,60,2
790,8,2006,195,2006-05-07,11,59,0
792,8,2006,193,2006-05-07,17,29,0
703,56,2006,6,2006-05-14,2,66,8
715,56,2006,98,2006-05-14,7,65,2
728,56,2006,191,2006-05-14,14,65,0
742,56,2006,192,2006-05-14,12,65,0
744,56,2006,152,2006-05-14,3,66,6
747,56,2006,190,2006-05-14,10,65,0
748,56,2006,190,2006-05-14,20,31,0
758,56,2006,192,2006-05-14,8,65,1
759,56,2006,98,2006-05-14,6,66,3
762,56,2006,117,2006-05-14,5,66,4
763,56,2006,152,2006-05-14,1,66,10
764,56,2006,117,2006-05-14,21,17,0
768,56,2006,141,2006-05-14,9,65,0
769,56,2006,193,2006-05-14,17,62,0
770,56,2006,6,2006-05-14,4,66,5
779,56,2006,191,2006-05-14,13,65,0
784,56,2006,194,2006-05-14,16,63,0
786,56,2006,194,2006-05-14,18,48,0
787,56,2006,195,2006-05-14,15,63,0
789,56,2006,141,2006-05-14,11,65,0
790,56,2006,195,2006-05-14,19,47,0
792,56,2006,193,2006-05-14,22,10,0
703,2,2006,6,2006-05-28,5,78,4
715,2,2006,98,2006-05-28,4,78,5
728,2,2006,191,2006-05-28,3,78,6
742,2,2006,192,2006-05-28,14,77,0
744,2,2006,152,2006-05-28,6,78,3
747,2,2006,190,2006-05-28,17,72,0
748,2,2006,190,2006-05-28,8,77,1
758,2,2006,192,2006-05-28,7,77,2
759,2,2006,98,2006-05-28,11,77,0
762,2,2006,117,2006-05-28,20,50,0
763,2,2006,152,2006-05-28,1,78,10
764,2,2006,117,2006-05-28,2,78,8
768,2,2006,141,2006-05-28,21,48,0
769,2,2006,193,2006-05-28,22,46,0
770,2,2006,6,2006-05-28,9,77,0
779,2,2006,191,2006-05-28,18,56,0
784,2,2006,194,2006-05-28,15,76,0
786,2,2006,194,2006-05-28,12,77,0
787,2,2006,195,2006-05-28,10,77,0
789,2,2006,141,2006-05-28,19,51,0
790,2,2006,195,2006-05-28,13,77,0
792,2,2006,193,2006-05-28,16,75,0
703,1,2006,6,2006-06-11,2,60,8
715,1,2006,98,2006-06-11,10,59,0
728,1,2006,191,2006-06-11,12,59,0
742,1,2006,192,2006-06-11,8,60,1
744,1,2006,152,2006-06-11,4,60,5
747,1,2006,190,2006-06-11,11,59,0
748,1,2006,190,2006-06-11,21,0,0
758,1,2006,192,2006-06-11,7,60,2
759,1,2006,98,2006-06-11,19,8,0
762,1,2006,117,2006-06-11,3,60,6
763,1,2006,152,2006-06-11,1,60,10
764,1,2006,117,2006-06-11,6,60,3
768,1,2006,141,2006-06-11,22,0,0
769,1,2006,193,2006-06-11,17,57,0
770,1,2006,6,2006-06-11,5,60,4
779,1,2006,191,2006-06-11,14,59,0
784,1,2006,194,2006-06-11,16,58,0
786,1,2006,194,2006-06-11,15,59,0
787,1,2006,195,2006-06-11,13,59,0
789,1,2006,141,2006-06-11,9,60,0
790,1,2006,195,2006-06-11,20,1,0
792,1,2006,193,2006-06-11,18,57,0
703,44,2006,6,2006-06-25,2,70,8
715,44,2006,98,2006-06-25,19,11,0
728,44,2006,191,2006-06-25,8,69,1
742,44,2006,192,2006-06-25,16,58,0
744,44,2006,152,2006-06-25,4,70,5
747,44,2006,190,2006-06-25,6,69,3
748,44,2006,190,2006-06-25,17,58,0
758,44,2006,192,2006-06-25,7,69,2
759,44,2006,98,2006-06-25,9,69,0
762,44,2006,117,2006-06-25,3,70,6
763,44,2006,152,2006-06-25,1,70,10
764,44,2006,117,2006-06-25,18,13,0
768,44,2006,141,2006-06-25,12,69,0
769,44,2006,193,2006-06-25,15,64,0
770,44,2006,6,2006-06-25,5,70,4
779,44,2006,191,2006-06-25,11,69,0
784,44,2006,194,2006-06-25,14,66,0
786,44,2006,194,2006-06-25,22,0,0
787,44,2006,195,2006-06-25,13,68,0
789,44,2006,141,2006-06-25,21,1,0
790,44,2006,195,2006-06-25,10,69,0
792,44,2006,193,2006-06-25,20,2,0
703,3,2006,6,2006-07-02,1,73,10
715,3,2006,98,2006-07-02,6,73,3
728,3,2006,191,2006-07-02,7,72,2
742,3,2006,192,2006-07-02,12,23,0
744,3,2006,152,2006-07-02,3,73,6
747,3,2006,190,2006-07-02,4,73,5
748,3,2006,190,2006-07-02,10,62,0
758,3,2006,192,2006-07-02,17,0,0
759,3,2006,98,2006-07-02,15,3,0
762,3,2006,117,2006-07-02,16,0,0
763,3,2006,152,2006-07-02,5,73,4
764,3,2006,117,2006-07-02,18,0,0
768,3,2006,141,2006-07-02,19,0,0
769,3,2006,193,2006-07-02,14,6,0
770,3,2006,6,2006-07-02,2,73,8
779,3,2006,191,2006-07-02,21,0,0
784,3,2006,194,2006-07-02,13,9,0
786,3,2006,194,2006-07-02,11,37,0
787,3,2006,195,2006-07-02,8,72,1
789,3,2006,141,2006-07-02,9,72,0
790,3,2006,195,2006-07-02,20,0,0
792,3,2006,193,2006-07-02,22,0,0
703,55,2006,6,2006-07-16,1,70,10
715,55,2006,98,2006-07-16,20,28,0
728,55,2006,191,2006-07-16,9,69,0
742,55,2006,192,2006-07-16,11,69,0
744,55,2006,152,2006-07-16,6,70,3
747,55,2006,190,2006-07-16,19,39,0
748,55,2006,190,2006-07-16,4,70,5
754,55,2006,117,2006-07-16,7,70,2
758,55,2006,192,2006-07-16,8,69,1
759,55,2006,98,2006-07-16,17,61,0
762,55,2006,117,2006-07-16,5,70,4
763,55,2006,152,2006-07-16,2,70,8
768,55,2006,141,2006-07-16,18,55,0
769,55,2006,193,2006-07-16,22,0,0
770,55,2006,6,2006-07-16,3,70,6
779,55,2006,191,2006-07-16,12,69,0
784,55,2006,194,2006-07-16,21,11,0
786,55,2006,194,2006-07-16,15,68,0
787,55,2006,195,2006-07-16,13,69,0
789,55,2006,141,2006-07-16,14,68,0
790,55,2006,195,2006-07-16,10,69,0
792,55,2006,193,2006-07-16,16,67,0
703,33,2006,6,2006-07-30,1,67,10
715,33,2006,98,2006-07-30,16,18,0
728,33,2006,191,2006-07-30,11,66,0
742,33,2006,192,2006-07-30,15,30,0
744,33,2006,152,2006-07-30,6,67,3
747,33,2006,190,2006-07-30,7,67,2
748,33,2006,190,2006-07-30,9,67,0
754,33,2006,117,2006-07-30,18,2,0
758,33,2006,192,2006-07-30,17,9,0
759,33,2006,98,2006-07-30,4,67,5
762,33,2006,117,2006-07-30,3,67,6
763,33,2006,152,2006-07-30,5,67,4
768,33,2006,141,2006-07-30,13,59,0
769,33,2006,193,2006-07-30,14,38,0
770,33,2006,6,2006-07-30,2,67,8
779,33,2006,191,2006-07-30,8,67,1
784,33,2006,194,2006-07-30,22,66,0
786,33,2006,194,2006-07-30,21,66,0
787,33,2006,195,2006-07-30,10,66,0
789,33,2006,141,2006-07-30,20,0,0
790,33,2006,195,2006-07-30,12,66,0
793,33,2006,193,2006-07-30,19,1,0
703,52,2006,6,2006-08-06,8,67,1
715,52,2006,98,2006-08-06,4,70,5
728,52,2006,191,2006-08-06,5,69,4
744,52,2006,152,2006-08-06,18,18,0
747,52,2006,190,2006-08-06,12,65,0
748,52,2006,190,2006-08-06,6,69,3
754,52,2006,117,2006-08-06,2,70,8
758,52,2006,192,2006-08-06,3,70,6
759,52,2006,98,2006-08-06,1,70,10
762,52,2006,117,2006-08-06,15,25,0
763,52,2006,152,2006-08-06,14,51,0
768,52,2006,141,2006-08-06,20,1,0
769,52,2006,193,2006-08-06,13,65,0
770,52,2006,6,2006-08-06,7,69,2
779,52,2006,191,2006-08-06,19,6,0
784,52,2006,194,2006-08-06,9,67,0
786,52,2006,194,2006-08-06,10,67,0
787,52,2006,195,2006-08-06,16,25,0
789,52,2006,141,2006-08-06,17,19,0
790,52,2006,195,2006-08-06,11,66,0
793,52,2006,193,2006-08-06,21,0,0
794,52,2006,192,2006-08-06,22,69,0
703,63,2006,6,2006-08-27,3,58,6
715,63,2006,98,2006-08-27,8,58,1
728,63,2006,191,2006-08-27,15,55,0
744,63,2006,152,2006-08-27,6,58,3
747,63,2006,190,2006-08-27,9,57,0
748,63,2006,190,2006-08-27,7,58,2
754,63,2006,117,2006-08-27,5,58,4
758,63,2006,192,2006-08-27,14,56,0
759,63,2006,98,2006-08-27,4,58,5
762,63,2006,117,2006-08-27,21,1,0
763,63,2006,152,2006-08-27,2,58,8
768,63,2006,141,2006-08-27,10,57,0
769,63,2006,193,2006-08-27,17,41,0
770,63,2006,6,2006-08-27,1,58,10
779,63,2006,191,2006-08-27,11,57,0
784,63,2006,194,2006-08-27,22,0,0
786,63,2006,194,2006-08-27,16,46,0
787,63,2006,195,2006-08-27,20,12,0
789,63,2006,141,2006-08-27,18,25,0
790,63,2006,195,2006-08-27,13,57,0
793,63,2006,193,2006-08-27,19,23,0
794,63,2006,192,2006-08-27,12,57,0
703,7,2006,6,2006-09-10,1,53,10
715,7,2006,98,2006-09-10,6,53,3
728,7,2006,191,2006-09-10,12,52,0
744,7,2006,152,2006-09-10,4,53,5
747,7,2006,190,2006-09-10,7,53,2
748,7,2006,190,2006-09-10,15,52,0
754,7,2006,117,2006-09-10,20,20,0
758,7,2006,192,2006-09-10,8,53,1
759,7,2006,98,2006-09-10,5,53,4
762,7,2006,117,2006-09-10,2,53,8
763,7,2006,152,2006-09-10,19,43,0
768,7,2006,141,2006-09-10,10,53,0
769,7,2006,193,2006-09-10,16,51,0
770,7,2006,6,2006-09-10,9,53,0
779,7,2006,191,2006-09-10,11,52,0
784,7,2006,196,2006-09-10,18,44,0
786,7,2006,196,2006-09-10,17,51,0
787,7,2006,195,2006-09-10,14,52,0
789,7,2006,141,2006-09-10,22,9,0
790,7,2006,195,2006-09-10,13,52,0
793,7,2006,193,2006-09-10,21,18,0
794,7,2006,192,2006-09-10,3,53,6
703,62,2006,6,2006-10-01,1,56,10
715,62,2006,98,2006-10-01,6,56,3
728,62,2006,191,2006-10-01,9,56,0
744,62,2006,152,2006-10-01,3,56,6
747,62,2006,190,2006-10-01,19,38,0
748,62,2006,190,2006-10-01,17,49,0
754,62,2006,117,2006-10-01,5,56,4
758,62,2006,192,2006-10-01,7,56,2
759,62,2006,98,2006-10-01,4,56,5
762,62,2006,117,2006-10-01,21,18,0
763,62,2006,152,2006-10-01,2,56,8
768,62,2006,141,2006-10-01,8,56,1
769,62,2006,193,2006-10-01,22,55,0
770,62,2006,6,2006-10-01,18,44,0
784,62,2006,196,2006-10-01,20,37,0
786,62,2006,196,2006-10-01,15,53,0
787,62,2006,195,2006-10-01,10,55,0
788,62,2006,191,2006-10-01,12,55,0
789,62,2006,141,2006-10-01,11,55,0
790,62,2006,195,2006-10-01,14,55,0
793,62,2006,193,2006-10-01,16,52,0
794,62,2006,192,2006-10-01,13,55,0
703,53,2006,6,2006-10-08,20,36,0
715,53,2006,98,2006-10-08,12,52,0
728,53,2006,191,2006-10-08,21,35,0
744,53,2006,152,2006-10-08,3,53,6
747,53,2006,190,2006-10-08,6,53,3
748,53,2006,190,2006-10-08,7,53,2
754,53,2006,117,2006-10-08,11,52,0
758,53,2006,192,2006-10-08,8,53,1
759,53,2006,98,2006-10-08,4,53,5
762,53,2006,117,2006-10-08,5,53,4
763,53,2006,152,2006-10-08,1,53,10
768,53,2006,141,2006-10-08,19,39,0
769,53,2006,193,2006-10-08,15,52,0
770,53,2006,6,2006-10-08,2,53,8
784,53,2006,196,2006-10-08,16,51,0
786,53,2006,196,2006-10-08,22,20,0
787,53,2006,195,2006-10-08,14,52,0
788,53,2006,191,2006-10-08,13,52,0
789,53,2006,141,2006-10-08,10,52,0
790,53,2006,195,2006-10-08,18,48,0
793,53,2006,193,2006-10-08,17,50,0
794,53,2006,192,2006-10-08,9,53,0
703,37,2006,6,2006-10-22,4,71,5
715,37,2006,98,2006-10-22,7,71,2
728,37,2006,191,2006-10-22,18,14,0
744,37,2006,152,2006-10-22,6,71,3
747,37,2006,190,2006-10-22,19,10,0
748,37,2006,190,2006-10-22,20,9,0
754,37,2006,117,2006-10-22,8,71,1
758,37,2006,192,2006-10-22,17,63,0
759,37,2006,98,2006-10-22,3,71,6
762,37,2006,117,2006-10-22,5,71,4
763,37,2006,152,2006-10-22,2,71,8
768,37,2006,141,2006-10-22,21,1,0
769,37,2006,193,2006-10-22,10,70,0
770,37,2006,6,2006-10-22,1,71,10
784,37,2006,196,2006-10-22,15,69,0
786,37,2006,196,2006-10-22,14,70,0
787,37,2006,195,2006-10-22,13,70,0
788,37,2006,191,2006-10-22,12,70,0
789,37,2006,141,2006-10-22,22,0,0
790,37,2006,195,2006-10-22,11,70,0
793,37,2006,193,2006-10-22,16,69,0
794,37,2006,192,2006-10-22,9,71,0
715,59,2007,98,2007-03-18,11,57,0
728,59,2007,191,2007-03-18,19,48,0
744,59,2007,152,2007-03-18,5,58,4
747,59,2007,190,2007-03-18,9,57,0
748,59,2007,190,2007-03-18,8,57,1
750,59,2007,141,2007-03-18,18,48,0
758,59,2007,192,2007-03-18,4,58,5
759,59,2007,98,2007-03-18,15,57,0
762,59,2007,6,2007-03-18,1,58,10
763,59,2007,117,2007-03-18,2,58,8
768,59,2007,191,2007-03-18,13,57,0
769,59,2007,193,2007-03-18,12,57,0
770,59,2007,6,2007-03-18,6,58,3
772,59,2007,193,2007-03-18,16,56,0
786,59,2007,197,2007-03-18,22,10,0
787,59,2007,195,2007-03-18,14,57,0
789,59,2007,141,2007-03-18,7,57,2
790,59,2007,195,2007-03-18,21,28,0
794,59,2007,192,2007-03-18,20,36,0
795,59,2007,117,2007-03-18,3,58,6
796,59,2007,152,2007-03-18,10,57,0
797,59,2007,197,2007-03-18,17,56,0
715,60,2007,98,2007-04-08,11,55,0
728,60,2007,191,2007-04-08,20,36,0
744,60,2007,152,2007-04-08,6,56,3
747,60,2007,190,2007-04-08,7,56,2
748,60,2007,190,2007-04-08,15,55,0
750,60,2007,141,2007-04-08,9,56,0
758,60,2007,192,2007-04-08,4,56,5
759,60,2007,98,2007-04-08,12,55,0
762,60,2007,6,2007-04-08,3,56,6
763,60,2007,117,2007-04-08,1,56,10
768,60,2007,191,2007-04-08,10,56,0
769,60,2007,193,2007-04-08,13,55,0
770,60,2007,6,2007-04-08,5,56,4
772,60,2007,193,2007-04-08,16,55,0
786,60,2007,197,2007-04-08,21,7,0
787,60,2007,195,2007-04-08,17,55,0
789,60,2007,141,2007-04-08,19,42,0
790,60,2007,195,2007-04-08,14,55,0
794,60,2007,192,2007-04-08,18,55,0
795,60,2007,117,2007-04-08,2,56,8
796,60,2007,152,2007-04-08,8,56,1
797,60,2007,197,2007-04-08,22,0,0
715,61,2007,98,2007-04-15,13,56,0
728,61,2007,191,2007-04-15,18,36,0
744,61,2007,152,2007-04-15,8,57,1
747,61,2007,190,2007-04-15,7,57,2
748,61,2007,190,2007-04-15,12,56,0
750,61,2007,141,2007-04-15,11,56,0
758,61,2007,192,2007-04-15,4,57,5
759,61,2007,98,2007-04-15,21,0,0
762,61,2007,6,2007-04-15,3,57,6
763,61,2007,117,2007-04-15,5,57,4
768,61,2007,191,2007-04-15,17,41,0
769,61,2007,193,2007-04-15,19,34,0
770,61,2007,6,2007-04-15,1,57,10
772,61,2007,193,2007-04-15,16,51,0
786,61,2007,197,2007-04-15,14,55,0
787,61,2007,195,2007-04-15,20,26,0
789,61,2007,141,2007-04-15,10,57,0
790,61,2007,195,2007-04-15,22,0,0
794,61,2007,192,2007-04-15,6,57,3
795,61,2007,117,2007-04-15,2,57,8
796,61,2007,152,2007-04-15,9,57,0
797,61,2007,197,2007-04-15,15,53,0
715,56,2007,98,2007-05-13,10,64,0
728,56,2007,191,2007-05-13,5,65,4
744,56,2007,152,2007-05-13,9,64,0
747,56,2007,190,2007-05-13,20,8,0
748,56,2007,190,2007-05-13,16,44,0
750,56,2007,141,2007-05-13,22,1,0
758,56,2007,192,2007-05-13,15,46,0
759,56,2007,98,2007-05-13,12,64,0
762,56,2007,6,2007-05-13,19,9,0
763,56,2007,117,2007-05-13,3,65,6
768,56,2007,191,2007-05-13,21,7,0
769,56,2007,193,2007-05-13,8,64,1
770,56,2007,6,2007-05-13,1,65,10
772,56,2007,193,2007-05-13,11,64,0
786,56,2007,197,2007-05-13,14,63,0
787,56,2007,195,2007-05-13,17,19,0
789,56,2007,141,2007-05-13,6,65,3
790,56,2007,195,2007-05-13,18,9,0
794,56,2007,192,2007-05-13,4,65,5
795,56,2007,117,2007-05-13,2,65,8
796,56,2007,152,2007-05-13,7,65,2
797,56,2007,197,2007-05-13,13,63,0
715,2,2007,98,2007-05-27,10,77,0
728,2,2007,191,2007-05-27,14,76,0
744,2,2007,152,2007-05-27,4,77,5
747,2,2007,190,2007-05-27,15,76,0
748,2,2007,190,2007-05-27,16,76,0
750,2,2007,141,2007-05-27,7,77,2
758,2,2007,192,2007-05-27,6,77,3
759,2,2007,98,2007-05-27,11,77,0
762,2,2007,6,2007-05-27,8,77,1
763,2,2007,117,2007-05-27,1,78,10
768,2,2007,191,2007-05-27,21,17,0
769,2,2007,193,2007-05-27,17,76,0
770,2,2007,6,2007-05-27,3,78,6
772,2,2007,193,2007-05-27,18,76,0
786,2,2007,197,2007-05-27,19,70,0
787,2,2007,195,2007-05-27,22,2,0
789,2,2007,141,2007-05-27,12,77,0
790,2,2007,195,2007-05-27,9,77,0
794,2,2007,192,2007-05-27,5,77,4
795,2,2007,117,2007-05-27,2,78,8
796,2,2007,152,2007-05-27,13,76,0
797,2,2007,197,2007-05-27,20,53,0
715,44,2007,98,2007-06-10,12,70,0
728,44,2007,191,2007-06-10,16,36,0
744,44,2007,152,2007-06-10,22,51,0
747,44,2007,190,2007-06-10,13,58,0
748,44,2007,190,2007-06-10,8,70,1
750,44,2007,141,2007-06-10,3,70,6
758,44,2007,192,2007-06-10,2,70,8
759,44,2007,98,2007-06-10,20,0,0
762,44,2007,6,2007-06-10,5,70,4
763,44,2007,117,2007-06-10,7,70,2
768,44,2007,191,2007-06-10,9,70,0
769,44,2007,193,2007-06-10,6,70,3
770,44,2007,6,2007-06-10,21,51,0
772,44,2007,193,2007-06-10,11,70,0
786,44,2007,197,2007-06-10,15,47,0
787,44,2007,195,2007-06-10,14,54,0
789,44,2007,141,2007-06-10,10,70,0
790,44,2007,195,2007-06-10,19,8,0
794,44,2007,192,2007-06-10,17,26,0
795,44,2007,117,2007-06-10,1,70,10
796,44,2007,152,2007-06-10,4,70,5
797,44,2007,197,2007-06-10,18,21,0
715,3,2007,98,2007-06-17,21,0,0
728,3,2007,191,2007-06-17,20,0,0
744,3,2007,152,2007-06-17,9,72,0
747,3,2007,190,2007-06-17,6,73,3
748,3,2007,190,2007-06-17,22,0,0
750,3,2007,141,2007-06-17,10,72,0
758,3,2007,192,2007-06-17,18,56,0
759,3,2007,98,2007-06-17,12,72,0
762,3,2007,6,2007-06-17,4,73,5
763,3,2007,117,2007-06-17,2,73,8
768,3,2007,191,2007-06-17,7,73,2
769,3,2007,193,2007-06-17,19,13,0
770,3,2007,6,2007-06-17,3,73,6
772,3,2007,193,2007-06-17,11,72,0
786,3,2007,197,2007-06-17,15,70,0
787,3,2007,195,2007-06-17,17,68,0
789,3,2007,141,2007-06-17,16,68,0
790,3,2007,195,2007-06-17,13,71,0
795,3,2007,117,2007-06-17,1,73,10
796,3,2007,152,2007-06-17,5,73,4
797,3,2007,197,2007-06-17,14,71,0
798,3,2007,192,2007-06-17,8,73,1
715,55,2007,98,2007-07-01,11,69,0
728,55,2007,191,2007-07-01,13,69,0
744,55,2007,152,2007-07-01,6,70,3
747,55,2007,190,2007-07-01,21,1,0
748,55,2007,190,2007-07-01,10,69,0
750,55,2007,141,2007-07-01,14,69,0
758,55,2007,192,2007-07-01,5,70,4
759,55,2007,98,2007-07-01,8,70,1
762,55,2007,6,2007-07-01,1,70,10
763,55,2007,117,2007-07-01,7,70,2
768,55,2007,191,2007-07-01,12,69,0
769,55,2007,193,2007-07-01,16,68,0
770,55,2007,6,2007-07-01,2,70,8
772,55,2007,193,2007-07-01,20,1,0
786,55,2007,197,2007-07-01,19,28,0
787,55,2007,195,2007-07-01,22,0,0
789,55,2007,141,2007-07-01,9,70,0
790,55,2007,195,2007-07-01,18,55,0
794,55,2007,192,2007-07-01,4,70,5
795,55,2007,117,2007-07-01,3,70,6
796,55,2007,152,2007-07-01,15,69,0
797,55,2007,197,2007-07-01,17,68,0
715,1,2007,98,2007-07-08,9,58,0
728,1,2007,191,2007-07-08,11,58,0
744,1,2007,152,2007-07-08,8,58,1
747,1,2007,190,2007-07-08,17,43,0
748,1,2007,190,2007-07-08,20,22,0
750,1,2007,141,2007-07-08,13,58,0
758,1,2007,192,2007-07-08,6,59,3
759,1,2007,98,2007-07-08,10,58,0
762,1,2007,6,2007-07-08,1,59,10
763,1,2007,117,2007-07-08,2,59,8
768,1,2007,191,2007-07-08,22,8,0
769,1,2007,193,2007-07-08,14,57,0
770,1,2007,6,2007-07-08,5,59,4
772,1,2007,193,2007-07-08,18,35,0
786,1,2007,197,2007-07-08,15,57,0
787,1,2007,195,2007-07-08,16,53,0
789,1,2007,141,2007-07-08,12,58,0
790,1,2007,195,2007-07-08,19,29,0
794,1,2007,192,2007-07-08,4,59,5
795,1,2007,117,2007-07-08,3,59,6
796,1,2007,152,2007-07-08,7,58,2
797,1,2007,197,2007-07-08,21,16,0
715,8,2007,98,2007-07-22,11,59,0
728,8,2007,191,2007-07-22,5,60,4
744,8,2007,152,2007-07-22,10,59,0
747,8,2007,190,2007-07-22,13,59,0
748,8,2007,190,2007-07-22,16,18,0
750,8,2007,141,2007-07-22,4,60,5
758,8,2007,192,2007-07-22,6,60,3
759,8,2007,98,2007-07-22,18,2,0
762,8,2007,6,2007-07-22,14,34,0
763,8,2007,117,2007-07-22,1,60,10
768,8,2007,191,2007-07-22,3,60,6
769,8,2007,193,2007-07-22,15,19,0
770,8,2007,6,2007-07-22,2,60,8
772,8,2007,193,2007-07-22,12,59,0
787,8,2007,195,2007-07-22,22,2,0
789,8,2007,141,2007-07-22,20,2,0
790,8,2007,195,2007-07-22,21,2,0
794,8,2007,192,2007-07-22,7,60,2
795,8,2007,117,2007-07-22,9,59,0
796,8,2007,152,2007-07-22,8,59,1
797,8,2007,197,2007-07-22,19,2,0
799,8,2007,197,2007-07-22,17,13,0
715,52,2007,98,2007-08-05,18,68,0
728,52,2007,191,2007-08-05,11,69,0
744,52,2007,152,2007-08-05,12,69,0
747,52,2007,190,2007-08-05,10,69,0
748,52,2007,190,2007-08-05,6,70,3
750,52,2007,141,2007-08-05,14,69,0
758,52,2007,192,2007-08-05,3,70,6
759,52,2007,98,2007-08-05,21,35,0
762,52,2007,6,2007-08-05,2,70,8
763,52,2007,117,2007-08-05,4,70,5
768,52,2007,191,2007-08-05,9,70,0
769,52,2007,193,2007-08-05,15,69,0
770,52,2007,6,2007-08-05,13,69,0
772,52,2007,193,2007-08-05,20,41,0
787,52,2007,195,2007-08-05,19,42,0
789,52,2007,141,2007-08-05,7,70,2
793,52,2007,197,2007-08-05,22,4,0
794,52,2007,192,2007-08-05,5,70,4
795,52,2007,117,2007-08-05,1,70,10
796,52,2007,152,2007-08-05,8,70,1
797,52,2007,197,2007-08-05,17,68,0
798,52,2007,195,2007-08-05,16,69,0
715,63,2007,98,2007-08-26,17,57,0
728,63,2007,191,2007-08-26,10,58,0
744,63,2007,152,2007-08-26,9,58,0
747,63,2007,190,2007-08-26,16,57,0
748,63,2007,190,2007-08-26,12,57,0
750,63,2007,141,2007-08-26,11,58,0
758,63,2007,192,2007-08-26,4,58,5
759,63,2007,98,2007-08-26,13,57,0
762,63,2007,6,2007-08-26,2,58,8
763,63,2007,117,2007-08-26,3,58,6
768,63,2007,191,2007-08-26,22,9,0
769,63,2007,193,2007-08-26,18,57,0
770,63,2007,6,2007-08-26,1,58,10
772,63,2007,193,2007-08-26,14,57,0
787,63,2007,195,2007-08-26,15,57,0
789,63,2007,141,2007-08-26,7,58,2
793,63,2007,197,2007-08-26,20,56,0
794,63,2007,192,2007-08-26,8,58,1
795,63,2007,117,2007-08-26,5,58,4
796,63,2007,152,2007-08-26,6,58,3
797,63,2007,197,2007-08-26,21,53,0
798,63,2007,195,2007-08-26,19,57,0
715,7,2007,98,2007-09-09,10,53,0
728,7,2007,191,2007-09-09,22,1,0
744,7,2007,152,2007-09-09,12,52,0
747,7,2007,190,2007-09-09,11,53,0
748,7,2007,190,2007-09-09,15,52,0
750,7,2007,141,2007-09-09,13,52,0
758,7,2007,192,2007-09-09,4,53,5
759,7,2007,98,2007-09-09,8,53,1
762,7,2007,6,2007-09-09,3,53,6
763,7,2007,117,2007-09-09,1,53,10
768,7,2007,191,2007-09-09,9,53,0
769,7,2007,193,2007-09-09,16,52,0
770,7,2007,6,2007-09-09,21,10,0
772,7,2007,193,2007-09-09,14,52,0
787,7,2007,195,2007-09-09,17,52,0
789,7,2007,141,2007-09-09,6,53,3
793,7,2007,197,2007-09-09,20,52,0
794,7,2007,192,2007-09-09,5,53,4
795,7,2007,117,2007-09-09,2,53,8
796,7,2007,152,2007-09-09,7,53,2
797,7,2007,197,2007-09-09,19,52,0
798,7,2007,195,2007-09-09,18,52,0
715,5,2007,98,2007-09-16,13,43,0
728,5,2007,191,2007-09-16,20,29,0
744,5,2007,152,2007-09-16,22,1,0
747,5,2007,190,2007-09-16,11,44,0
748,5,2007,190,2007-09-16,10,44,0
750,5,2007,141,2007-09-16,19,34,0
758,5,2007,192,2007-09-16,5,44,4
759,5,2007,98,2007-09-16,18,36,0
762,5,2007,6,2007-09-16,1,44,10
763,5,2007,117,2007-09-16,3,44,6
768,5,2007,191,2007-09-16,7,44,2
769,5,2007,193,2007-09-16,15,43,0
770,5,2007,6,2007-09-16,2,44,8
772,5,2007,193,2007-09-16,16,43,0
787,5,2007,195,2007-09-16,12,43,0
789,5,2007,141,2007-09-16,6,44,3
793,5,2007,197,2007-09-16,17,43,0
794,5,2007,192,2007-09-16,9,44,0
795,5,2007,117,2007-09-16,4,44,5
796,5,2007,152,2007-09-16,8,44,1
797,5,2007,197,2007-09-16,14,43,0
798,5,2007,195,2007-09-16,21,8,0
715,42,2007,98,2007-09-30,10,67,0
728,42,2007,191,2007-09-30,4,67,5
744,42,2007,152,2007-09-30,5,67,4
747,42,2007,190,2007-09-30,13,66,0
748,42,2007,190,2007-09-30,16,55,0
750,42,2007,141,2007-09-30,22,19,0
758,42,2007,192,2007-09-30,14,65,0
759,42,2007,98,2007-09-30,11,66,0
762,42,2007,6,2007-09-30,3,67,6
763,42,2007,117,2007-09-30,21,41,0
768,42,2007,191,2007-09-30,20,45,0
769,42,2007,193,2007-09-30,15,65,0
770,42,2007,6,2007-09-30,6,67,3
772,42,2007,193,2007-09-30,17,54,0
787,42,2007,195,2007-09-30,9,67,0
789,42,2007,141,2007-09-30,18,49,0
793,42,2007,197,2007-09-30,12,66,0
794,42,2007,192,2007-09-30,7,67,2
795,42,2007,117,2007-09-30,1,67,10
796,42,2007,152,2007-09-30,2,67,8
797,42,2007,197,2007-09-30,8,67,1
798,42,2007,195,2007-09-30,19,46,0
715,62,2007,98,2007-10-07,15,55,0
728,62,2007,191,2007-10-07,8,56,1
744,62,2007,152,2007-10-07,11,56,0
747,62,2007,190,2007-10-07,13,55,0
748,62,2007,190,2007-10-07,20,25,0
750,62,2007,141,2007-10-07,12,55,0
758,62,2007,192,2007-10-07,7,56,2
759,62,2007,98,2007-10-07,5,56,4
762,62,2007,6,2007-10-07,1,56,10
763,62,2007,117,2007-10-07,2,56,8
768,62,2007,191,2007-10-07,10,56,0
769,62,2007,193,2007-10-07,14,55,0
770,62,2007,6,2007-10-07,3,56,6
772,62,2007,193,2007-10-07,22,11,0
787,62,2007,195,2007-10-07,6,56,3
789,62,2007,141,2007-10-07,16,54,0
793,62,2007,197,2007-10-07,17,53,0
794,62,2007,192,2007-10-07,18,33,0
795,62,2007,117,2007-10-07,19,30,0
796,62,2007,152,2007-10-07,9,56,0
797,62,2007,197,2007-10-07,21,24,0
798,62,2007,195,2007-10-07,4,56,5
715,37,2007,98,2007-10-21,16,40,0
728,37,2007,191,2007-10-21,9,70,0
744,37,2007,152,2007-10-21,22,2,0
747,37,2007,190,2007-10-21,8,70,1
748,37,2007,190,2007-10-21,11,70,0
758,37,2007,192,2007-10-21,6,71,3
759,37,2007,98,2007-10-21,19,20,0
762,37,2007,6,2007-10-21,1,71,10
763,37,2007,117,2007-10-21,3,71,6
768,37,2007,191,2007-10-21,20,14,0
769,37,2007,193,2007-10-21,12,69,0
770,37,2007,6,2007-10-21,2,71,8
772,37,2007,193,2007-10-21,14,68,0
787,37,2007,195,2007-10-21,13,69,0
789,37,2007,141,2007-10-21,4,71,5
793,37,2007,197,2007-10-21,21,2,0
794,37,2007,192,2007-10-21,5,71,4
795,37,2007,117,2007-10-21,7,70,2
796,37,2007,152,2007-10-21,17,35,0
797,37,2007,197,2007-10-21,15,43,0
798,37,2007,195,2007-10-21,18,34,0
800,37,2007,141,2007-10-21,10,70,0
715,59,2008,98,2008-03-16,22,58,0
728,59,2008,191,2008-03-16,14,25,0
744,59,2008,198,2008-03-16,21,0,0
747,59,2008,190,2008-03-16,15,19,0
758,59,2008,192,2008-03-16,2,58,8
759,59,2008,98,2008-03-16,18,0,0
762,59,2008,6,2008-03-16,8,53,1
763,59,2008,152,2008-03-16,4,58,5
768,59,2008,191,2008-03-16,17,0,0
769,59,2008,193,2008-03-16,11,32,0
770,59,2008,6,2008-03-16,13,29,0
772,59,2008,193,2008-03-16,19,0,0
782,59,2008,190,2008-03-16,10,43,0
789,59,2008,141,2008-03-16,3,58,6
794,59,2008,192,2008-03-16,9,47,0
795,59,2008,117,2008-03-16,1,58,10
796,59,2008,117,2008-03-16,5,58,4
797,59,2008,198,2008-03-16,16,8,0
798,59,2008,195,2008-03-16,20,0,0
800,59,2008,141,2008-03-16,6,57,3
801,59,2008,195,2008-03-16,7,55,2
802,59,2008,152,2008-03-16,12,30,0
715,60,2008,98,2008-03-23,13,55,0
728,60,2008,191,2008-03-23,9,56,0
744,60,2008,198,2008-03-23,12,55,0
747,60,2008,190,2008-03-23,4,56,5
758,60,2008,192,2008-03-23,6,56,3
759,60,2008,98,2008-03-23,10,56,0
762,60,2008,6,2008-03-23,1,56,10
763,60,2008,152,2008-03-23,8,56,1
768,60,2008,191,2008-03-23,7,56,2
769,60,2008,193,2008-03-23,16,54,0
770,60,2008,6,2008-03-23,19,30,0
772,60,2008,193,2008-03-23,15,55,0
782,60,2008,190,2008-03-23,21,1,0
789,60,2008,141,2008-03-23,14,55,0
794,60,2008,192,2008-03-23,2,56,8
795,60,2008,117,2008-03-23,5,56,4
796,60,2008,117,2008-03-23,3,56,6
797,60,2008,198,2008-03-23,20,5,0
798,60,2008,195,2008-03-23,18,39,0
800,60,2008,141,2008-03-23,17,54,0
801,60,2008,195,2008-03-23,22,0,0
802,60,2008,152,2008-03-23,11,56,0
715,61,2008,98,2008-04-06,11,57,0
728,61,2008,191,2008-04-06,18,56,0
744,61,2008,198,2008-04-06,12,56,0
747,61,2008,190,2008-04-06,6,57,3
758,61,2008,192,2008-04-06,4,57,5
759,61,2008,98,2008-04-06,21,19,0
762,61,2008,6,2008-04-06,2,57,8
763,61,2008,152,2008-04-06,10,57,0
768,61,2008,191,2008-04-06,7,57,2
769,61,2008,193,2008-04-06,17,56,0
770,61,2008,6,2008-04-06,1,57,10
772,61,2008,193,2008-04-06,16,56,0
782,61,2008,190,2008-04-06,9,57,0
789,61,2008,141,2008-04-06,8,57,1
794,61,2008,192,2008-04-06,3,57,6
795,61,2008,117,2008-04-06,13,56,0
796,61,2008,117,2008-04-06,5,57,4
797,61,2008,198,2008-04-06,19,56,0
798,61,2008,195,2008-04-06,22,0,0
800,61,2008,141,2008-04-06,14,56,0
801,61,2008,195,2008-04-06,15,56,0
802,61,2008,152,2008-04-06,20,40,0
715,56,2008,98,2008-04-27,16,34,0
728,56,2008,191,2008-04-27,12,65,0
744,56,2008,198,2008-04-27,10,65,0
747,56,2008,190,2008-04-27,8,66,1
758,56,2008,192,2008-04-27,9,66,0
759,56,2008,98,2008-04-27,6,66,3
762,56,2008,6,2008-04-27,1,66,10
763,56,2008,152,2008-04-27,15,34,0
768,56,2008,191,2008-04-27,5,66,4
769,56,2008,193,2008-04-27,13,65,0
770,56,2008,6,2008-04-27,2,66,8
772,56,2008,193,2008-04-27,18,8,0
782,56,2008,190,2008-04-27,11,65,0
789,56,2008,141,2008-04-27,14,41,0
794,56,2008,192,2008-04-27,4,66,5
795,56,2008,117,2008-04-27,3,66,6
796,56,2008,117,2008-04-27,17,21,0
797,56,2008,198,2008-04-27,21,0,0
798,56,2008,195,2008-04-27,22,0,0
800,56,2008,141,2008-04-27,7,66,2
801,56,2008,195,2008-04-27,19,7,0
802,56,2008,152,2008-04-27,20,6,0
715,63,2008,98,2008-05-11,14,57,0
728,63,2008,191,2008-05-11,9,58,0
744,63,2008,198,2008-05-11,20,0,0
747,63,2008,190,2008-05-11,10,58,0
758,63,2008,192,2008-05-11,5,58,4
759,63,2008,98,2008-05-11,11,57,0
762,63,2008,6,2008-05-11,3,58,6
763,63,2008,152,2008-05-11,6,58,3
768,63,2008,191,2008-05-11,7,58,2
770,63,2008,6,2008-05-11,1,58,10
782,63,2008,190,2008-05-11,13,57,0
789,63,2008,141,2008-05-11,8,58,1
794,63,2008,192,2008-05-11,4,58,5
795,63,2008,117,2008-05-11,2,58,8
796,63,2008,117,2008-05-11,12,57,0
797,63,2008,198,2008-05-11,16,57,0
798,63,2008,195,2008-05-11,17,57,0
800,63,2008,141,2008-05-11,19,1,0
801,63,2008,195,2008-05-11,18,24,0
802,63,2008,152,2008-05-11,15,57,0
715,2,2008,98,2008-05-25,6,76,3
728,2,2008,191,2008-05-25,19,7,0
744,2,2008,198,2008-05-25,18,36,0
747,2,2008,190,2008-05-25,13,75,0
758,2,2008,192,2008-05-25,14,72,0
759,2,2008,98,2008-05-25,11,75,0
762,2,2008,6,2008-05-25,9,76,0
763,2,2008,152,2008-05-25,10,75,0
768,2,2008,191,2008-05-25,4,76,5
770,2,2008,6,2008-05-25,3,76,6
782,2,2008,190,2008-05-25,12,75,0
789,2,2008,141,2008-05-25,16,59,0
794,2,2008,192,2008-05-25,2,76,8
795,2,2008,117,2008-05-25,1,76,10
796,2,2008,117,2008-05-25,8,76,1
797,2,2008,198,2008-05-25,15,67,0
798,2,2008,195,2008-05-25,5,76,4
800,2,2008,141,2008-05-25,7,76,2
801,2,2008,195,2008-05-25,20,7,0
802,2,2008,152,2008-05-25,17,47,0
715,44,2008,98,2008-06-08,7,70,2
728,44,2008,191,2008-06-08,3,70,6
744,44,2008,198,2008-06-08,14,51,0
747,44,2008,190,2008-06-08,6,70,3
758,44,2008,192,2008-06-08,2,70,8
759,44,2008,98,2008-06-08,11,70,0
762,44,2008,6,2008-06-08,18,19,0
763,44,2008,152,2008-06-08,16,44,0
768,44,2008,191,2008-06-08,12,70,0
770,44,2008,6,2008-06-08,5,70,4
782,44,2008,190,2008-06-08,4,70,5
789,44,2008,141,2008-06-08,10,70,0
794,44,2008,192,2008-06-08,1,70,10
795,44,2008,117,2008-06-08,19,19,0
796,44,2008,117,2008-06-08,9,70,0
797,44,2008,198,2008-06-08,20,13,0
798,44,2008,195,2008-06-08,8,70,1
800,44,2008,141,2008-06-08,15,46,0
801,44,2008,195,2008-06-08,13,69,0
802,44,2008,152,2008-06-08,17,43,0
715,55,2008,98,2008-06-22,14,69,0
728,55,2008,191,2008-06-22,9,70,0
744,55,2008,198,2008-06-22,18,69,0
747,55,2008,190,2008-06-22,3,70,6
758,55,2008,192,2008-06-22,13,70,0
759,55,2008,98,2008-06-22,20,16,0
762,55,2008,6,2008-06-22,2,70,8
763,55,2008,152,2008-06-22,8,70,1
768,55,2008,191,2008-06-22,6,70,3
770,55,2008,6,2008-06-22,1,70,10
782,55,2008,190,2008-06-22,11,70,0
789,55,2008,141,2008-06-22,16,69,0
794,55,2008,192,2008-06-22,5,70,4
795,55,2008,117,2008-06-22,10,70,0
796,55,2008,117,2008-06-22,4,70,5
797,55,2008,198,2008-06-22,19,69,0
798,55,2008,195,2008-06-22,12,70,0
800,55,2008,141,2008-06-22,15,69,0
801,55,2008,195,2008-06-22,17,69,0
802,55,2008,152,2008-06-22,7,70,2
715,1,2008,98,2008-07-06,3,60,6
728,1,2008,191,2008-07-06,20,0,0
744,1,2008,198,2008-07-06,17,16,0
747,1,2008,190,2008-07-06,7,59,2
758,1,2008,192,2008-07-06,2,60,8
759,1,2008,98,2008-07-06,15,38,0
762,1,2008,6,2008-07-06,4,59,5
763,1,2008,152,2008-07-06,6,59,3
768,1,2008,191,2008-07-06,10,59,0
770,1,2008,6,2008-07-06,13,58,0
782,1,2008,190,2008-07-06,12,59,0
789,1,2008,141,2008-07-06,9,59,0
794,1,2008,192,2008-07-06,14,39,0
795,1,2008,117,2008-07-06,1,60,10
796,1,2008,117,2008-07-06,5,59,4
797,1,2008,198,2008-07-06,18,10,0
798,1,2008,195,2008-07-06,19,0,0
800,1,2008,141,2008-07-06,8,59,1
801,1,2008,195,2008-07-06,11,59,0
802,1,2008,152,2008-07-06,16,35,0
715,33,2008,98,2008-07-20,18,50,0
728,33,2008,191,2008-07-20,13,67,0
744,33,2008,198,2008-07-20,16,67,0
747,33,2008,190,2008-07-20,9,67,0
758,33,2008,192,2008-07-20,4,67,5
759,33,2008,98,2008-07-20,17,66,0
762,33,2008,6,2008-07-20,6,67,3
763,33,2008,152,2008-07-20,11,67,0
768,33,2008,191,2008-07-20,19,40,0
770,33,2008,6,2008-07-20,3,67,6
782,33,2008,190,2008-07-20,20,35,0
789,33,2008,141,2008-07-20,10,67,0
794,33,2008,192,2008-07-20,7,67,2
795,33,2008,117,2008-07-20,1,67,10
796,33,2008,117,2008-07-20,5,67,4
797,33,2008,198,2008-07-20,15,67,0
798,33,2008,195,2008-07-20,8,67,1
800,33,2008,141,2008-07-20,14,67,0
801,33,2008,195,2008-07-20,12,67,0
802,33,2008,152,2008-07-20,2,67,8
715,52,2008,98,2008-08-03,16,68,0
728,52,2008,191,2008-08-03,11,70,0
744,52,2008,198,2008-08-03,15,69,0
747,52,2008,190,2008-08-03,7,70,2
758,52,2008,192,2008-08-03,10,70,0
759,52,2008,98,2008-08-03,12,69,0
762,52,2008,6,2008-08-03,3,70,6
763,52,2008,152,2008-08-03,4,70,5
768,52,2008,191,2008-08-03,9,70,0
770,52,2008,6,2008-08-03,17,67,0
782,52,2008,190,2008-08-03,2,70,8
789,52,2008,141,2008-08-03,14,69,0
794,52,2008,192,2008-08-03,8,70,1
795,52,2008,117,2008-08-03,5,70,4
796,52,2008,117,2008-08-03,1,70,10
797,52,2008,198,2008-08-03,19,62,0
798,52,2008,195,2008-08-03,20,22,0
800,52,2008,141,2008-08-03,13,69,0
801,52,2008,195,2008-08-03,18,67,0
802,52,2008,152,2008-08-03,6,70,3
715,64,2008,98,2008-08-24,16,56,0
728,64,2008,191,2008-08-24,17,56,0
744,64,2008,198,2008-08-24,14,56,0
747,64,2008,190,2008-08-24,5,57,4
758,64,2008,192,2008-08-24,9,57,0
759,64,2008,98,2008-08-24,13,56,0
762,64,2008,6,2008-08-24,18,45,0
763,64,2008,152,2008-08-24,20,0,0
768,64,2008,191,2008-08-24,12,56,0
770,64,2008,6,2008-08-24,1,57,10
782,64,2008,190,2008-08-24,7,57,2
789,64,2008,141,2008-08-24,8,57,1
794,64,2008,192,2008-08-24,3,57,6
795,64,2008,117,2008-08-24,2,57,8
796,64,2008,117,2008-08-24,4,57,5
797,64,2008,198,2008-08-24,19,41,0
798,64,2008,195,2008-08-24,6,57,3
800,64,2008,141,2008-08-24,15,56,0
801,64,2008,195,2008-08-24,10,57,0
802,64,2008,152,2008-08-24,11,57,0
715,5,2008,98,2008-09-07,19,19,0
728,5,2008,191,2008-09-07,11,43,0
744,5,2008,198,2008-09-07,17,43,0
747,5,2008,190,2008-09-07,16,43,0
758,5,2008,192,2008-09-07,2,44,8
759,5,2008,98,2008-09-07,15,43,0
762,5,2008,6,2008-09-07,18,42,0
763,5,2008,152,2008-09-07,4,44,5
768,5,2008,191,2008-09-07,8,44,1
770,5,2008,6,2008-09-07,1,44,10
782,5,2008,190,2008-09-07,9,44,0
789,5,2008,141,2008-09-07,12,43,0
794,5,2008,192,2008-09-07,6,44,3
795,5,2008,117,2008-09-07,3,44,6
796,5,2008,117,2008-09-07,10,43,0
797,5,2008,198,2008-09-07,13,43,0
798,5,2008,195,2008-09-07,5,44,4
800,5,2008,141,2008-09-07,14,43,0
801,5,2008,195,2008-09-07,7,44,2
802,5,2008,152,2008-09-07,20,13,0
715,7,2008,98,2008-09-14,17,52,0
728,7,2008,191,2008-09-14,16,52,0
744,7,2008,198,2008-09-14,20,11,0
747,7,2008,190,2008-09-14,13,53,0
758,7,2008,192,2008-09-14,5,53,4
759,7,2008,98,2008-09-14,15,53,0
762,7,2008,6,2008-09-14,9,53,0
763,7,2008,152,2008-09-14,4,53,5
768,7,2008,191,2008-09-14,8,53,1
770,7,2008,6,2008-09-14,6,53,3
782,7,2008,190,2008-09-14,11,53,0
789,7,2008,141,2008-09-14,14,53,0
794,7,2008,192,2008-09-14,3,53,6
795,7,2008,117,2008-09-14,7,53,2
796,7,2008,117,2008-09-14,2,53,8
797,7,2008,198,2008-09-14,19,51,0
798,7,2008,195,2008-09-14,1,53,10
800,7,2008,141,2008-09-14,12,53,0
801,7,2008,195,2008-09-14,18,52,0
802,7,2008,152,2008-09-14,10,53,0
715,65,2008,98,2008-09-28,19,14,0
728,65,2008,191,2008-09-28,7,61,2
744,65,2008,198,2008-09-28,14,61,0
747,65,2008,190,2008-09-28,16,50,0
758,65,2008,192,2008-09-28,6,61,3
759,65,2008,98,2008-09-28,9,61,0
762,65,2008,6,2008-09-28,15,57,0
763,65,2008,152,2008-09-28,1,61,10
768,65,2008,191,2008-09-28,18,29,0
770,65,2008,6,2008-09-28,13,61,0
782,65,2008,190,2008-09-28,4,61,5
789,65,2008,141,2008-09-28,2,61,8
794,65,2008,192,2008-09-28,11,61,0
795,65,2008,117,2008-09-28,3,61,6
796,65,2008,117,2008-09-28,10,61,0
797,65,2008,198,2008-09-28,17,49,0
798,65,2008,195,2008-09-28,5,61,4
800,65,2008,141,2008-09-28,8,61,1
801,65,2008,195,2008-09-28,12,61,0
802,65,2008,152,2008-09-28,20,13,0
715,42,2008,98,2008-10-12,13,66,0
728,42,2008,191,2008-10-12,20,0,0
744,42,2008,198,2008-10-12,16,21,0
747,42,2008,190,2008-10-12,5,67,4
758,42,2008,192,2008-10-12,9,67,0
759,42,2008,98,2008-10-12,14,66,0
762,42,2008,6,2008-10-12,3,67,6
763,42,2008,152,2008-10-12,1,67,10
768,42,2008,191,2008-10-12,8,67,1
770,42,2008,6,2008-10-12,7,67,2
782,42,2008,190,2008-10-12,19,6,0
789,42,2008,141,2008-10-12,11,67,0
794,42,2008,192,2008-10-12,2,67,8
795,42,2008,117,2008-10-12,12,67,0
796,42,2008,117,2008-10-12,17,16,0
797,42,2008,198,2008-10-12,18,8,0
798,42,2008,195,2008-10-12,6,67,3
800,42,2008,141,2008-10-12,15,66,0
801,42,2008,195,2008-10-12,10,67,0
802,42,2008,152,2008-10-12,4,67,5
715,62,2008,98,2008-10-19,11,56,0
728,62,2008,191,2008-10-19,10,56,0
744,62,2008,198,2008-10-19,17,55,0
747,62,2008,190,2008-10-19,20,2,0
758,62,2008,192,2008-10-19,5,56,4
759,62,2008,98,2008-10-19,16,55,0
762,62,2008,6,2008-10-19,3,56,6
763,62,2008,152,2008-10-19,4,56,5
768,62,2008,191,2008-10-19,14,56,0
770,62,2008,6,2008-10-19,2,56,8
782,62,2008,190,2008-10-19,7,56,2
789,62,2008,141,2008-10-19,15,55,0
794,62,2008,192,2008-10-19,6,56,3
795,62,2008,117,2008-10-19,1,56,10
796,62,2008,117,2008-10-19,18,49,0
797,62,2008,198,2008-10-19,19,13,0
798,62,2008,195,2008-10-19,9,56,0
800,62,2008,141,2008-10-19,12,56,0
801,62,2008,195,2008-10-19,13,56,0
802,62,2008,152,2008-10-19,8,56,1
715,37,2008,98,2008-11-02,15,70,0
728,37,2008,191,2008-11-02,20,0,0
744,37,2008,198,2008-11-02,18,69,0
747,37,2008,190,2008-11-02,8,71,1
758,37,2008,192,2008-11-02,10,70,0
759,37,2008,98,2008-11-02,13,70,0
762,37,2008,6,2008-11-02,3,71,6
763,37,2008,152,2008-11-02,2,71,8
768,37,2008,191,2008-11-02,9,71,0
770,37,2008,6,2008-11-02,1,71,10
782,37,2008,190,2008-11-02,6,71,3
789,37,2008,141,2008-11-02,12,70,0
794,37,2008,192,2008-11-02,11,70,0
795,37,2008,117,2008-11-02,5,71,4
796,37,2008,117,2008-11-02,7,71,2
797,37,2008,198,2008-11-02,16,69,0
798,37,2008,195,2008-11-02,4,71,5
800,37,2008,141,2008-11-02,17,69,0
801,37,2008,195,2008-11-02,14,70,0
802,37,2008,152,2008-11-02,19,0,0
715,59,2009,199,2009-03-29,2,58,8
744,59,2009,198,2009-03-29,11,58,0
747,59,2009,190,2009-03-29,3,58,6
758,59,2009,192,2009-03-29,10,58,0
759,59,2009,199,2009-03-29,1,58,10
762,59,2009,6,2009-03-29,15,55,0
763,59,2009,152,2009-03-29,5,58,4
768,59,2009,191,2009-03-29,12,57,0
770,59,2009,6,2009-03-29,16,45,0
782,59,2009,190,2009-03-29,4,58,5
789,59,2009,141,2009-03-29,6,58,3
794,59,2009,192,2009-03-29,14,55,0
795,59,2009,117,2009-03-29,20,58,0
796,59,2009,117,2009-03-29,19,0,0
797,59,2009,198,2009-03-29,9,58,0
798,59,2009,191,2009-03-29,13,56,0
800,59,2009,141,2009-03-29,18,17,0
801,59,2009,195,2009-03-29,8,58,1
802,59,2009,152,2009-03-29,17,24,0
803,59,2009,195,2009-03-29,7,58,2
715,60,2009,199,2009-04-05,5,31,2
744,60,2009,198,2009-04-05,18,29,0
747,60,2009,190,2009-04-05,4,31,2.5
758,60,2009,192,2009-04-05,2,31,4
759,60,2009,199,2009-04-05,1,31,5
762,60,2009,6,2009-04-05,14,31,0
763,60,2009,152,2009-04-05,11,31,0
768,60,2009,191,2009-04-05,6,31,1.5
770,60,2009,6,2009-04-05,9,31,0
782,60,2009,190,2009-04-05,3,31,3
789,60,2009,141,2009-04-05,8,31,0.5
794,60,2009,192,2009-04-05,19,1,0
795,60,2009,117,2009-04-05,7,31,1
796,60,2009,117,2009-04-05,20,0,0
797,60,2009,198,2009-04-05,17,30,0
798,60,2009,191,2009-04-05,15,30,0
800,60,2009,141,2009-04-05,12,31,0
801,60,2009,195,2009-04-05,10,31,0
802,60,2009,152,2009-04-05,13,31,0
803,60,2009,195,2009-04-05,16,30,0
715,62,2009,199,2009-04-19,4,56,5
744,62,2009,198,2009-04-19,14,55,0
747,62,2009,190,2009-04-19,20,18,0
758,62,2009,192,2009-04-19,12,56,0
759,62,2009,199,2009-04-19,3,56,6
762,62,2009,6,2009-04-19,10,56,0
763,62,2009,152,2009-04-19,9,56,0
768,62,2009,191,2009-04-19,2,56,8
770,62,2009,6,2009-04-19,19,20,0
782,62,2009,190,2009-04-19,7,56,2
789,62,2009,141,2009-04-19,15,55,0
794,62,2009,192,2009-04-19,13,56,0
795,62,2009,117,2009-04-19,6,56,3
796,62,2009,117,2009-04-19,5,56,4
797,62,2009,198,2009-04-19,17,50,0
798,62,2009,191,2009-04-19,1,56,10
800,62,2009,141,2009-04-19,18,43,0
801,62,2009,195,2009-04-19,11,56,0
802,62,2009,152,2009-04-19,16,54,0
803,62,2009,195,2009-04-19,8,56,1
715,61,2009,199,2009-04-26,5,57,4
744,61,2009,198,2009-04-26,15,56,0
747,61,2009,190,2009-04-26,3,57,6
758,61,2009,192,2009-04-26,19,56,0
759,61,2009,199,2009-04-26,1,57,10
762,61,2009,6,2009-04-26,6,57,3
763,61,2009,152,2009-04-26,8,57,1
768,61,2009,191,2009-04-26,11,57,0
770,61,2009,6,2009-04-26,14,56,0
782,61,2009,190,2009-04-26,7,57,2
789,61,2009,141,2009-04-26,9,57,0
794,61,2009,192,2009-04-26,18,56,0
795,61,2009,117,2009-04-26,4,57,5
796,61,2009,117,2009-04-26,12,57,0
797,61,2009,198,2009-04-26,16,56,0
798,61,2009,191,2009-04-26,2,57,8
800,61,2009,141,2009-04-26,20,48,0
801,61,2009,195,2009-04-26,13,57,0
802,61,2009,152,2009-04-26,10,57,0
803,61,2009,195,2009-04-26,17,56,0
715,56,2009,199,2009-05-10,2,66,8
744,56,2009,198,2009-05-10,14,65,0
747,56,2009,190,2009-05-10,17,0,0
758,56,2009,192,2009-05-10,7,66,2
759,56,2009,199,2009-05-10,1,66,10
762,56,2009,6,2009-05-10,15,17,0
763,56,2009,152,2009-05-10,5,66,4
768,56,2009,191,2009-05-10,3,66,6
770,56,2009,6,2009-05-10,6,66,3
782,56,2009,190,2009-05-10,10,65,0
789,56,2009,141,2009-05-10,8,66,1
794,56,2009,192,2009-05-10,11,65,0
795,56,2009,117,2009-05-10,9,65,0
796,56,2009,117,2009-05-10,16,7,0
797,56,2009,198,2009-05-10,20,0,0
798,56,2009,191,2009-05-10,4,66,5
800,56,2009,141,2009-05-10,13,65,0
801,56,2009,195,2009-05-10,19,0,0
802,56,2009,152,2009-05-10,12,65,0
803,56,2009,195,2009-05-10,18,0,0
715,2,2009,199,2009-05-24,2,78,8
744,2,2009,198,2009-05-24,9,78,0
747,2,2009,190,2009-05-24,13,77,0
758,2,2009,192,2009-05-24,11,77,0
759,2,2009,199,2009-05-24,1,78,10
762,2,2009,6,2009-05-24,3,78,6
763,2,2009,152,2009-05-24,7,78,2
768,2,2009,191,2009-05-24,5,78,4
770,2,2009,6,2009-05-24,4,78,5
782,2,2009,190,2009-05-24,10,77,0
789,2,2009,141,2009-05-24,6,78,3
794,2,2009,192,2009-05-24,17,28,0
795,2,2009,117,2009-05-24,12,77,0
796,2,2009,117,2009-05-24,16,51,0
797,2,2009,198,2009-05-24,14,77,0
798,2,2009,191,2009-05-24,18,15,0
800,2,2009,141,2009-05-24,15,76,0
801,2,2009,195,2009-05-24,8,78,1
802,2,2009,152,2009-05-24,19,10,0
803,2,2009,195,2009-05-24,20,10,0
715,63,2009,199,2009-06-07,19,47,0
744,63,2009,198,2009-06-07,20,4,0
747,63,2009,190,2009-06-07,4,58,5
758,63,2009,192,2009-06-07,11,58,0
759,63,2009,199,2009-06-07,1,58,10
762,63,2009,6,2009-06-07,9,58,0
763,63,2009,152,2009-06-07,10,58,0
768,63,2009,191,2009-06-07,2,58,8
770,63,2009,6,2009-06-07,6,58,3
782,63,2009,190,2009-06-07,8,58,1
789,63,2009,141,2009-06-07,5,58,4
794,63,2009,192,2009-06-07,7,58,2
795,63,2009,117,2009-06-07,13,58,0
796,63,2009,117,2009-06-07,14,57,0
797,63,2009,198,2009-06-07,17,57,0
798,63,2009,191,2009-06-07,3,58,6
800,63,2009,141,2009-06-07,12,58,0
801,63,2009,195,2009-06-07,18,57,0
802,63,2009,152,2009-06-07,16,57,0
803,63,2009,195,2009-06-07,15,57,0
715,1,2009,199,2009-06-21,3,60,6
744,1,2009,198,2009-06-21,10,60,0
747,1,2009,190,2009-06-21,7,60,2
758,1,2009,192,2009-06-21,15,59,0
759,1,2009,199,2009-06-21,6,60,3
762,1,2009,6,2009-06-21,8,60,1
763,1,2009,152,2009-06-21,14,59,0
768,1,2009,191,2009-06-21,2,60,8
770,1,2009,6,2009-06-21,4,60,5
782,1,2009,190,2009-06-21,9,60,0
789,1,2009,141,2009-06-21,5,60,4
794,1,2009,192,2009-06-21,13,59,0
795,1,2009,117,2009-06-21,16,59,0
796,1,2009,117,2009-06-21,20,36,0
797,1,2009,198,2009-06-21,17,59,0
798,1,2009,191,2009-06-21,1,60,10
800,1,2009,141,2009-06-21,11,60,0
801,1,2009,195,2009-06-21,19,37,0
802,1,2009,152,2009-06-21,12,59,0
803,1,2009,195,2009-06-21,18,59,0
715,8,2009,199,2009-07-12,6,60,3
744,8,2009,198,2009-07-12,11,60,0
747,8,2009,190,2009-07-12,17,60,0
758,8,2009,192,2009-07-12,10,60,0
759,8,2009,199,2009-07-12,5,60,4
762,8,2009,6,2009-07-12,19,34,0
763,8,2009,152,2009-07-12,7,60,2
768,8,2009,191,2009-07-12,1,60,10
770,8,2009,6,2009-07-12,3,60,6
782,8,2009,190,2009-07-12,9,60,0
789,8,2009,141,2009-07-12,4,60,5
794,8,2009,192,2009-07-12,14,60,0
795,8,2009,117,2009-07-12,18,59,0
796,8,2009,117,2009-07-12,8,60,1
797,8,2009,198,2009-07-12,15,60,0
798,8,2009,191,2009-07-12,2,60,8
800,8,2009,141,2009-07-12,12,60,0
801,8,2009,195,2009-07-12,20,18,0
802,8,2009,152,2009-07-12,13,60,0
803,8,2009,195,2009-07-12,16,60,0
715,52,2009,199,2009-07-26,10,70,0
744,52,2009,198,2009-07-26,14,69,0
747,52,2009,190,2009-07-26,8,70,1
758,52,2009,192,2009-07-26,11,70,0
759,52,2009,199,2009-07-26,7,70,2
762,52,2009,6,2009-07-26,2,70,8
763,52,2009,152,2009-07-26,18,15,0
768,52,2009,191,2009-07-26,3,70,6
770,52,2009,6,2009-07-26,20,0,0
782,52,2009,190,2009-07-26,6,70,3
789,52,2009,141,2009-07-26,4,70,5
794,52,2009,192,2009-07-26,13,70,0
795,52,2009,117,2009-07-26,1,70,10
796,52,2009,117,2009-07-26,5,70,4
797,52,2009,198,2009-07-26,19,1,0
798,52,2009,191,2009-07-26,17,29,0
800,52,2009,141,2009-07-26,9,70,0
802,52,2009,152,2009-07-26,12,70,0
803,52,2009,195,2009-07-26,16,69,0
804,52,2009,195,2009-07-26,15,69,0
715,64,2009,199,2009-08-23,1,57,10
716,64,2009,6,2009-08-23,17,56,0
744,64,2009,198,2009-08-23,12,57,0
747,64,2009,190,2009-08-23,13,57,0
758,64,2009,192,2009-08-23,11,57,0
759,64,2009,199,2009-08-23,7,57,2
762,64,2009,6,2009-08-23,3,57,6
763,64,2009,152,2009-08-23,6,57,3
768,64,2009,191,2009-08-23,9,57,0
782,64,2009,190,2009-08-23,14,57,0
789,64,2009,141,2009-08-23,5,57,4
794,64,2009,192,2009-08-23,8,57,1
795,64,2009,117,2009-08-23,2,57,8
796,64,2009,117,2009-08-23,4,57,5
797,64,2009,198,2009-08-23,10,57,0
798,64,2009,191,2009-08-23,20,23,0
800,64,2009,141,2009-08-23,18,54,0
803,64,2009,195,2009-08-23,19,41,0
804,64,2009,195,2009-08-23,16,56,0
805,64,2009,152,2009-08-23,15,57,0
715,5,2009,199,2009-08-30,7,44,2
716,5,2009,6,2009-08-30,14,44,0
744,5,2009,198,2009-08-30,2,44,8
747,5,2009,190,2009-08-30,16,21,0
758,5,2009,192,2009-08-30,5,44,4
759,5,2009,199,2009-08-30,17,0,0
762,5,2009,6,2009-08-30,1,44,10
763,5,2009,152,2009-08-30,15,26,0
768,5,2009,191,2009-08-30,9,44,0
782,5,2009,190,2009-08-30,10,44,0
789,5,2009,141,2009-08-30,8,44,1
794,5,2009,192,2009-08-30,4,44,5
795,5,2009,117,2009-08-30,19,0,0
796,5,2009,117,2009-08-30,6,44,3
797,5,2009,198,2009-08-30,11,44,0
798,5,2009,191,2009-08-30,3,44,6
800,5,2009,141,2009-08-30,13,44,0
803,5,2009,195,2009-08-30,12,44,0
804,5,2009,195,2009-08-30,20,0,0
805,5,2009,152,2009-08-30,18,0,0
715,7,2009,199,2009-09-13,1,53,10
744,7,2009,6,2009-09-13,9,53,0
747,7,2009,190,2009-09-13,14,52,0
758,7,2009,192,2009-09-13,7,53,2
759,7,2009,199,2009-09-13,2,53,8
762,7,2009,6,2009-09-13,3,53,6
763,7,2009,152,2009-09-13,5,53,4
768,7,2009,191,2009-09-13,20,0,0
782,7,2009,190,2009-09-13,11,53,0
787,7,2009,198,2009-09-13,17,22,0
789,7,2009,141,2009-09-13,16,51,0
794,7,2009,192,2009-09-13,19,15,0
795,7,2009,117,2009-09-13,12,52,0
796,7,2009,117,2009-09-13,6,53,3
797,7,2009,198,2009-09-13,4,53,5
798,7,2009,191,2009-09-13,8,53,1
800,7,2009,141,2009-09-13,10,53,0
803,7,2009,195,2009-09-13,13,52,0
804,7,2009,195,2009-09-13,18,19,0
805,7,2009,152,2009-09-13,15,52,0
715,65,2009,199,2009-09-27,6,61,3
744,65,2009,6,2009-09-27,13,61,0
747,65,2009,190,2009-09-27,12,61,0
758,65,2009,192,2009-09-27,19,19,0
759,65,2009,199,2009-09-27,5,61,4
762,65,2009,6,2009-09-27,10,61,0
763,65,2009,152,2009-09-27,3,61,6
768,65,2009,191,2009-09-27,17,45,0
782,65,2009,190,2009-09-27,2,61,8
787,65,2009,198,2009-09-27,14,61,0
789,65,2009,141,2009-09-27,11,61,0
794,65,2009,192,2009-09-27,8,61,1
795,65,2009,117,2009-09-27,1,61,10
796,65,2009,117,2009-09-27,7,61,2
797,65,2009,198,2009-09-27,18,23,0
798,65,2009,191,2009-09-27,4,61,5
800,65,2009,141,2009-09-27,9,61,0
803,65,2009,195,2009-09-27,16,47,0
804,65,2009,195,2009-09-27,15,47,0
805,65,2009,152,2009-09-27,20,3,0
715,53,2009,199,2009-10-04,7,53,2
744,53,2009,6,2009-10-04,12,53,0
747,53,2009,190,2009-10-04,2,53,8
758,53,2009,192,2009-10-04,6,53,3
759,53,2009,199,2009-10-04,8,53,1
762,53,2009,6,2009-10-04,4,53,5
763,53,2009,152,2009-10-04,10,53,0
768,53,2009,191,2009-10-04,17,51,0
782,53,2009,190,2009-10-04,20,0,0
787,53,2009,198,2009-10-04,14,53,0
789,53,2009,141,2009-10-04,5,53,4
794,53,2009,192,2009-10-04,9,53,0
795,53,2009,117,2009-10-04,3,53,6
796,53,2009,117,2009-10-04,11,53,0
797,53,2009,198,2009-10-04,13,53,0
798,53,2009,191,2009-10-04,1,53,10
800,53,2009,141,2009-10-04,15,53,0
803,53,2009,195,2009-10-04,19,11,0
804,53,2009,195,2009-10-04,18,43,0
805,53,2009,152,2009-10-04,16,52,0
715,37,2009,199,2009-10-18,8,71,1
744,37,2009,6,2009-10-18,11,71,0
747,37,2009,190,2009-10-18,19,0,0
758,37,2009,192,2009-10-18,17,21,0
759,37,2009,199,2009-10-18,5,71,4
762,37,2009,6,2009-10-18,6,71,3
763,37,2009,152,2009-10-18,20,0,0
768,37,2009,191,2009-10-18,1,71,10
787,37,2009,198,2009-10-18,12,71,0
789,37,2009,141,2009-10-18,16,27,0
794,37,2009,192,2009-10-18,2,71,8
795,37,2009,117,2009-10-18,3,71,6
796,37,2009,117,2009-10-18,9,71,0
797,37,2009,198,2009-10-18,18,0,0
798,37,2009,191,2009-10-18,4,71,5
800,37,2009,141,2009-10-18,15,30,0
803,37,2009,195,2009-10-18,7,71,2
804,37,2009,195,2009-10-18,14,70,0
805,37,2009,152,2009-10-18,13,70,0
806,37,2009,190,2009-10-18,10,71,0
715,66,2009,199,2009-11-01,4,55,5
744,66,2009,6,2009-11-01,16,54,0
747,66,2009,190,2009-11-01,7,55,2
758,66,2009,192,2009-11-01,5,55,4
759,66,2009,199,2009-11-01,3,55,6
762,66,2009,6,2009-11-01,12,55,0
763,66,2009,152,2009-11-01,14,55,0
768,66,2009,191,2009-11-01,2,55,8
787,66,2009,198,2009-11-01,15,55,0
789,66,2009,141,2009-11-01,9,55,0
794,66,2009,192,2009-11-01,10,55,0
795,66,2009,117,2009-11-01,19,20,0
796,66,2009,117,2009-11-01,11,55,0
797,66,2009,198,2009-11-01,17,54,0
798,66,2009,191,2009-11-01,1,55,10
800,66,2009,141,2009-11-01,13,55,0
803,66,2009,195,2009-11-01,8,55,1
804,66,2009,195,2009-11-01,20,18,0
805,66,2009,152,2009-11-01,18,54,0
806,66,2009,190,2009-11-01,6,55,3
703,61,2010,48,2010-03-14,6,49,8
715,61,2010,141,2010-03-14,10,49,1
747,61,2010,202,2010-03-14,17,46,0
754,61,2010,182,2010-03-14,18,28,0
759,61,2010,117,2010-03-14,7,49,6
763,61,2010,6,2010-03-14,1,49,25
768,61,2010,191,2010-03-14,8,49,4
770,61,2010,6,2010-03-14,2,49,18
782,61,2010,201,2010-03-14,20,16,0
787,61,2010,198,2010-03-14,9,49,2
789,61,2010,48,2010-03-14,5,49,10
794,61,2010,152,2010-03-14,11,49,0
795,61,2010,117,2010-03-14,3,49,15
796,61,2010,202,2010-03-14,15,47,0
797,61,2010,198,2010-03-14,12,49,0
798,61,2010,191,2010-03-14,4,49,12
803,61,2010,195,2010-03-14,16,46,0
804,61,2010,195,2010-03-14,13,49,0
806,61,2010,182,2010-03-14,22,11,0
807,61,2010,141,2010-03-14,14,48,0
808,61,2010,200,2010-03-14,19,17,0
809,61,2010,152,2010-03-14,21,13,0
810,61,2010,201,2010-03-14,23,2,0
811,61,2010,200,2010-03-14,24,1,0
703,59,2010,48,2010-03-28,10,58,1
715,59,2010,141,2010-03-28,8,58,4
747,59,2010,202,2010-03-28,24,0,0
754,59,2010,182,2010-03-28,12,58,0
759,59,2010,117,2010-03-28,1,58,25
763,59,2010,6,2010-03-28,4,58,12
768,59,2010,191,2010-03-28,9,58,2
770,59,2010,6,2010-03-28,3,58,15
782,59,2010,201,2010-03-28,15,41,0
787,59,2010,198,2010-03-28,7,58,6
789,59,2010,48,2010-03-28,5,58,10
794,59,2010,152,2010-03-28,2,58,18
795,59,2010,117,2010-03-28,6,58,8
796,59,2010,202,2010-03-28,13,56,0
797,59,2010,198,2010-03-28,18,9,0
798,59,2010,191,2010-03-28,17,25,0
803,59,2010,195,2010-03-28,21,0,0
804,59,2010,195,2010-03-28,11,58,0
806,59,2010,182,2010-03-28,23,0,0
807,59,2010,141,2010-03-28,22,0,0
808,59,2010,200,2010-03-28,20,4,0
809,59,2010,152,2010-03-28,19,9,0
810,59,2010,201,2010-03-28,16,26,0
811,59,2010,200,2010-03-28,14,53,0
703,60,2010,48,2010-04-04,21,9,0
715,60,2010,141,2010-04-04,12,55,0
747,60,2010,202,2010-04-04,17,51,0
754,60,2010,182,2010-04-04,24,0,0
759,60,2010,117,2010-04-04,8,56,4
763,60,2010,6,2010-04-04,13,54,0
768,60,2010,191,2010-04-04,2,56,18
770,60,2010,6,2010-04-04,7,56,6
782,60,2010,201,2010-04-04,23,2,0
787,60,2010,198,2010-04-04,20,12,0
789,60,2010,48,2010-04-04,3,56,15
794,60,2010,152,2010-04-04,4,56,12
795,60,2010,117,2010-04-04,6,56,8
796,60,2010,202,2010-04-04,18,46,0
797,60,2010,198,2010-04-04,5,56,10
798,60,2010,191,2010-04-04,1,56,25
803,60,2010,195,2010-04-04,11,56,0
804,60,2010,195,2010-04-04,9,56,2
806,60,2010,182,2010-04-04,22,8,0
807,60,2010,141,2010-04-04,10,56,1
808,60,2010,200,2010-04-04,16,52,0
809,60,2010,152,2010-04-04,19,32,0
810,60,2010,201,2010-04-04,14,53,0
811,60,2010,200,2010-04-04,15,53,0
703,62,2010,48,2010-04-18,10,56,1
715,62,2010,141,2010-04-18,12,56,0
747,62,2010,202,2010-04-18,18,26,0
754,62,2010,182,2010-04-18,20,7,0
759,62,2010,117,2010-04-18,1,56,25
763,62,2010,6,2010-04-18,4,56,12
768,62,2010,191,2010-04-18,8,56,4
770,62,2010,6,2010-04-18,9,56,2
782,62,2010,201,2010-04-18,24,0,0
787,62,2010,198,2010-04-18,23,0,0
789,62,2010,48,2010-04-18,3,56,15
794,62,2010,152,2010-04-18,5,56,10
795,62,2010,117,2010-04-18,2,56,18
796,62,2010,202,2010-04-18,14,55,0
797,62,2010,198,2010-04-18,11,56,0
798,62,2010,191,2010-04-18,6,56,8
803,62,2010,195,2010-04-18,21,0,0
804,62,2010,195,2010-04-18,13,56,0
806,62,2010,182,2010-04-18,22,0,0
807,62,2010,141,2010-04-18,15,55,0
808,62,2010,200,2010-04-18,16,54,0
809,62,2010,152,2010-04-18,7,56,6
810,62,2010,201,2010-04-18,19,8,0
811,62,2010,200,2010-04-18,17,52,0
703,56,2010,48,2010-05-09,4,66,12
715,56,2010,141,2010-05-09,9,65,2
747,56,2010,202,2010-05-09,17,63,0
754,56,2010,182,2010-05-09,22,18,0
759,56,2010,117,2010-05-09,5,66,10
763,56,2010,6,2010-05-09,2,66,18
768,56,2010,191,2010-05-09,1,66,25
770,56,2010,6,2010-05-09,6,66,8
782,56,2010,201,2010-05-09,18,63,0
787,56,2010,198,2010-05-09,15,64,0
789,56,2010,48,2010-05-09,13,65,0
794,56,2010,152,2010-05-09,8,66,4
795,56,2010,117,2010-05-09,14,64,0
796,56,2010,202,2010-05-09,24,0,0
797,56,2010,198,2010-05-09,7,66,6
798,56,2010,191,2010-05-09,3,66,15
803,56,2010,195,2010-05-09,20,42,0
804,56,2010,195,2010-05-09,10,65,1
806,56,2010,182,2010-05-09,12,65,0
807,56,2010,141,2010-05-09,16,64,0
808,56,2010,200,2010-05-09,23,0,0
809,56,2010,152,2010-05-09,11,65,0
810,56,2010,201,2010-05-09,19,62,0
811,56,2010,200,2010-05-09,21,27,0
703,2,2010,48,2010-05-16,12,78,0
715,2,2010,141,2010-05-16,18,30,0
747,2,2010,202,2010-05-16,15,70,0
754,2,2010,182,2010-05-16,22,21,0
759,2,2010,117,2010-05-16,23,2,0
763,2,2010,6,2010-05-16,6,78,8
768,2,2010,191,2010-05-16,1,78,25
770,2,2010,6,2010-05-16,4,78,12
782,2,2010,201,2010-05-16,21,22,0
787,2,2010,198,2010-05-16,9,78,2
789,2,2010,48,2010-05-16,7,78,6
794,2,2010,152,2010-05-16,3,78,15
795,2,2010,117,2010-05-16,5,78,10
796,2,2010,202,2010-05-16,16,58,0
797,2,2010,198,2010-05-16,8,78,4
798,2,2010,191,2010-05-16,2,78,18
803,2,2010,195,2010-05-16,10,78,1
804,2,2010,195,2010-05-16,11,78,0
806,2,2010,182,2010-05-16,19,26,0
807,2,2010,141,2010-05-16,24,0,0
808,2,2010,200,2010-05-16,17,58,0
809,2,2010,152,2010-05-16,13,73,0
810,2,2010,201,2010-05-16,20,25,0
811,2,2010,200,2010-05-16,14,70,0
703,63,2010,48,2010-05-30,4,58,12
715,63,2010,141,2010-05-30,14,57,0
747,63,2010,202,2010-05-30,24,32,0
754,63,2010,182,2010-05-30,11,58,0
759,63,2010,117,2010-05-30,2,58,18
763,63,2010,6,2010-05-30,8,58,4
768,63,2010,191,2010-05-30,3,58,15
770,63,2010,6,2010-05-30,7,58,6
782,63,2010,201,2010-05-30,18,55,0
787,63,2010,198,2010-05-30,13,57,0
789,63,2010,48,2010-05-30,5,58,10
794,63,2010,152,2010-05-30,6,58,8
795,63,2010,117,2010-05-30,1,58,25
796,63,2010,202,2010-05-30,23,33,0
797,63,2010,198,2010-05-30,9,58,2
798,63,2010,191,2010-05-30,22,39,0
803,63,2010,195,2010-05-30,16,57,0
804,63,2010,195,2010-05-30,12,58,0
806,63,2010,182,2010-05-30,10,58,1
807,63,2010,141,2010-05-30,17,57,0
808,63,2010,200,2010-05-30,21,46,0
809,63,2010,152,2010-05-30,15,57,0
810,63,2010,201,2010-05-30,19,55,0
811,63,2010,200,2010-05-30,20,52,0
703,44,2010,48,2010-06-13,11,69,0
715,44,2010,141,2010-06-13,14,69,0
747,44,2010,202,2010-06-13,21,47,0
754,44,2010,182,2010-06-13,22,31,0
759,44,2010,117,2010-06-13,2,70,18
763,44,2010,6,2010-06-13,3,70,15
768,44,2010,191,2010-06-13,5,70,10
770,44,2010,6,2010-06-13,15,69,0
782,44,2010,201,2010-06-13,20,55,0
787,44,2010,198,2010-06-13,9,69,2
789,44,2010,48,2010-06-13,6,70,8
794,44,2010,152,2010-06-13,7,70,6
795,44,2010,117,2010-06-13,1,70,25
796,44,2010,202,2010-06-13,16,68,0
797,44,2010,198,2010-06-13,10,69,1
798,44,2010,191,2010-06-13,4,70,12
803,44,2010,195,2010-06-13,8,69,4
804,44,2010,195,2010-06-13,12,69,0
806,44,2010,182,2010-06-13,24,1,0
807,44,2010,141,2010-06-13,13,69,0
808,44,2010,200,2010-06-13,23,14,0
809,44,2010,152,2010-06-13,17,68,0
810,44,2010,201,2010-06-13,19,65,0
811,44,2010,200,2010-06-13,18,66,0
703,64,2010,48,2010-06-27,15,57,0
715,64,2010,141,2010-06-27,4,57,12
747,64,2010,202,2010-06-27,21,53,0
754,64,2010,182,2010-06-27,12,57,0
759,64,2010,117,2010-06-27,3,57,15
763,64,2010,6,2010-06-27,8,57,4
768,64,2010,191,2010-06-27,24,8,0
770,64,2010,6,2010-06-27,11,57,0
782,64,2010,201,2010-06-27,19,55,0
787,64,2010,198,2010-06-27,16,57,0
789,64,2010,48,2010-06-27,10,57,1
794,64,2010,152,2010-06-27,5,57,10
795,64,2010,117,2010-06-27,2,57,18
796,64,2010,202,2010-06-27,23,8,0
797,64,2010,198,2010-06-27,6,57,8
798,64,2010,191,2010-06-27,1,57,25
803,64,2010,195,2010-06-27,9,57,2
804,64,2010,195,2010-06-27,13,57,0
806,64,2010,182,2010-06-27,7,57,6
807,64,2010,141,2010-06-27,22,49,0
808,64,2010,200,2010-06-27,20,55,0
809,64,2010,152,2010-06-27,14,57,0
810,64,2010,201,2010-06-27,17,56,0
811,64,2010,200,2010-06-27,18,55,0
703,1,2010,48,2010-07-11,9,52,2
715,1,2010,141,2010-07-11,5,52,10
747,1,2010,202,2010-07-11,16,51,0
754,1,2010,182,2010-07-11,22,29,0
759,1,2010,117,2010-07-11,4,52,12
763,1,2010,6,2010-07-11,14,52,0
768,1,2010,191,2010-07-11,1,52,25
770,1,2010,6,2010-07-11,15,52,0
782,1,2010,201,2010-07-11,18,50,0
787,1,2010,198,2010-07-11,11,52,0
789,1,2010,48,2010-07-11,3,52,15
793,1,2010,200,2010-07-11,20,50,0
794,1,2010,152,2010-07-11,23,19,0
795,1,2010,117,2010-07-11,2,52,18
796,1,2010,202,2010-07-11,17,51,0
797,1,2010,198,2010-07-11,8,52,4
798,1,2010,191,2010-07-11,7,52,6
803,1,2010,195,2010-07-11,12,52,0
804,1,2010,195,2010-07-11,21,44,0
806,1,2010,182,2010-07-11,6,52,8
807,1,2010,141,2010-07-11,10,52,1
809,1,2010,152,2010-07-11,13,52,0
810,1,2010,201,2010-07-11,24,9,0
811,1,2010,200,2010-07-11,19,50,0
703,33,2010,48,2010-07-25,9,66,2
715,33,2010,141,2010-07-25,12,66,0
747,33,2010,202,2010-07-25,23,3,0
754,33,2010,182,2010-07-25,14,66,0
759,33,2010,117,2010-07-25,5,67,10
763,33,2010,6,2010-07-25,1,67,25
768,33,2010,191,2010-07-25,6,67,8
770,33,2010,6,2010-07-25,2,67,18
782,33,2010,201,2010-07-25,18,64,0
787,33,2010,198,2010-07-25,16,65,0
789,33,2010,48,2010-07-25,8,66,4
793,33,2010,200,2010-07-25,22,19,0
794,33,2010,152,2010-07-25,7,66,6
795,33,2010,117,2010-07-25,4,67,12
796,33,2010,202,2010-07-25,20,56,0
797,33,2010,198,2010-07-25,17,65,0
798,33,2010,191,2010-07-25,3,67,15
803,33,2010,195,2010-07-25,24,1,0
804,33,2010,195,2010-07-25,15,66,0
806,33,2010,182,2010-07-25,11,66,0
807,33,2010,141,2010-07-25,13,66,0
808,33,2010,200,2010-07-25,19,63,0
809,33,2010,152,2010-07-25,10,66,1
810,33,2010,201,2010-07-25,21,50,0
703,52,2010,48,2010-08-01,11,69,0
715,52,2010,141,2010-08-01,10,69,1
747,52,2010,202,2010-08-01,15,67,0
754,52,2010,182,2010-08-01,7,69,6
759,52,2010,117,2010-08-01,8,69,4
763,52,2010,6,2010-08-01,2,70,18
768,52,2010,191,2010-08-01,1,70,25
770,52,2010,6,2010-08-01,4,70,12
782,52,2010,201,2010-08-01,16,67,0
787,52,2010,198,2010-08-01,13,69,0
789,52,2010,48,2010-08-01,22,15,0
793,52,2010,200,2010-08-01,19,66,0
794,52,2010,152,2010-08-01,21,23,0
795,52,2010,117,2010-08-01,20,23,0
796,52,2010,202,2010-08-01,14,67,0
797,52,2010,198,2010-08-01,23,15,0
798,52,2010,191,2010-08-01,3,70,15
803,52,2010,195,2010-08-01,12,69,0
804,52,2010,195,2010-08-01,24,1,0
806,52,2010,182,2010-08-01,9,69,2
807,52,2010,141,2010-08-01,6,70,8
808,52,2010,200,2010-08-01,17,67,0
809,52,2010,152,2010-08-01,5,70,10
810,52,2010,201,2010-08-01,18,66,0
703,5,2010,48,2010-08-29,7,44,6
715,5,2010,141,2010-08-29,24,0,0
747,5,2010,202,2010-08-29,19,43,0
754,5,2010,182,2010-08-29,11,44,0
759,5,2010,117,2010-08-29,22,15,0
763,5,2010,6,2010-08-29,21,37,0
768,5,2010,191,2010-08-29,2,44,18
770,5,2010,6,2010-08-29,4,44,12
782,5,2010,201,2010-08-29,18,43,0
787,5,2010,198,2010-08-29,10,44,1
789,5,2010,48,2010-08-29,6,44,8
793,5,2010,200,2010-08-29,20,42,0
794,5,2010,152,2010-08-29,3,44,15
795,5,2010,117,2010-08-29,1,44,25
796,5,2010,202,2010-08-29,16,43,0
797,5,2010,198,2010-08-29,5,44,10
798,5,2010,191,2010-08-29,15,43,0
803,5,2010,195,2010-08-29,12,44,0
804,5,2010,195,2010-08-29,13,44,0
806,5,2010,182,2010-08-29,8,44,4
807,5,2010,141,2010-08-29,14,43,0
808,5,2010,200,2010-08-29,23,5,0
809,5,2010,152,2010-08-29,9,44,2
810,5,2010,201,2010-08-29,17,43,0
703,7,2010,48,2010-09-12,9,53,2
715,7,2010,141,2010-09-12,10,53,1
747,7,2010,202,2010-09-12,21,46,0
754,7,2010,182,2010-09-12,14,52,0
759,7,2010,117,2010-09-12,2,53,18
763,7,2010,6,2010-09-12,1,53,25
768,7,2010,191,2010-09-12,6,53,8
770,7,2010,6,2010-09-12,3,53,15
782,7,2010,201,2010-09-12,17,51,0
787,7,2010,198,2010-09-12,12,53,0
789,7,2010,48,2010-09-12,5,53,10
793,7,2010,200,2010-09-12,19,51,0
794,7,2010,152,2010-09-12,8,53,4
795,7,2010,117,2010-09-12,23,0,0
796,7,2010,202,2010-09-12,18,51,0
797,7,2010,198,2010-09-12,16,52,0
798,7,2010,191,2010-09-12,4,53,12
803,7,2010,195,2010-09-12,11,53,0
804,7,2010,195,2010-09-12,15,52,0
806,7,2010,182,2010-09-12,24,0,0
807,7,2010,141,2010-09-12,7,53,6
808,7,2010,200,2010-09-12,22,11,0
809,7,2010,152,2010-09-12,13,53,0
810,7,2010,201,2010-09-12,20,50,0
703,65,2010,48,2010-09-26,13,60,0
715,65,2010,141,2010-09-26,6,61,8
747,65,2010,202,2010-09-26,23,27,0
758,65,2010,182,2010-09-26,18,36,0
759,65,2010,117,2010-09-26,4,61,12
763,65,2010,6,2010-09-26,1,61,25
768,65,2010,191,2010-09-26,3,61,15
770,65,2010,6,2010-09-26,8,61,4
779,65,2010,200,2010-09-26,20,31,0
782,65,2010,201,2010-09-26,17,49,0
787,65,2010,198,2010-09-26,24,1,0
789,65,2010,48,2010-09-26,5,61,10
794,65,2010,152,2010-09-26,7,61,6
795,65,2010,117,2010-09-26,19,35,0
796,65,2010,202,2010-09-26,16,58,0
797,65,2010,198,2010-09-26,9,61,2
798,65,2010,191,2010-09-26,2,61,18
803,65,2010,195,2010-09-26,14,60,0
804,65,2010,195,2010-09-26,12,60,0
806,65,2010,182,2010-09-26,21,30,0
807,65,2010,141,2010-09-26,10,61,1
808,65,2010,200,2010-09-26,22,29,0
809,65,2010,152,2010-09-26,11,60,0
810,65,2010,201,2010-09-26,15,59,0
703,53,2010,48,2010-10-10,6,53,8
715,53,2010,141,2010-10-10,9,53,2
747,53,2010,202,2010-10-10,13,51,0
758,53,2010,182,2010-10-10,8,53,4
759,53,2010,117,2010-10-10,4,53,12
763,53,2010,6,2010-10-10,3,53,15
768,53,2010,191,2010-10-10,2,53,18
770,53,2010,6,2010-10-10,21,0,0
782,53,2010,201,2010-10-10,14,51,0
787,53,2010,198,2010-10-10,23,0,0
789,53,2010,48,2010-10-10,17,47,0
793,53,2010,200,2010-10-10,16,50,0
794,53,2010,152,2010-10-10,19,2,0
795,53,2010,117,2010-10-10,5,53,10
796,53,2010,202,2010-10-10,12,52,0
797,53,2010,198,2010-10-10,18,44,0
798,53,2010,191,2010-10-10,1,53,25
803,53,2010,195,2010-10-10,10,53,1
804,53,2010,195,2010-10-10,11,52,0
806,53,2010,182,2010-10-10,7,53,6
807,53,2010,141,2010-10-10,20,0,0
808,53,2010,200,2010-10-10,15,51,0
809,53,2010,152,2010-10-10,22,0,0
810,53,2010,201,2010-10-10,24,0,0
703,67,2010,48,2010-10-24,4,55,12
715,67,2010,141,2010-10-24,7,55,6
747,67,2010,202,2010-10-24,22,25,0
758,67,2010,182,2010-10-24,9,55,2
759,67,2010,117,2010-10-24,12,55,0
763,67,2010,6,2010-10-24,1,55,25
768,67,2010,191,2010-10-24,23,18,0
770,67,2010,6,2010-10-24,3,55,15
782,67,2010,201,2010-10-24,19,31,0
787,67,2010,198,2010-10-24,6,55,8
789,67,2010,48,2010-10-24,24,18,0
793,67,2010,200,2010-10-24,15,53,0
794,67,2010,152,2010-10-24,5,55,10
795,67,2010,117,2010-10-24,2,55,18
796,67,2010,202,2010-10-24,13,54,0
797,67,2010,198,2010-10-24,16,46,0
798,67,2010,191,2010-10-24,17,45,0
803,67,2010,195,2010-10-24,20,30,0
804,67,2010,195,2010-10-24,11,55,0
806,67,2010,182,2010-10-24,8,55,4
807,67,2010,141,2010-10-24,10,55,1
808,67,2010,200,2010-10-24,14,53,0
809,67,2010,152,2010-10-24,18,39,0
810,67,2010,201,2010-10-24,21,25,0
703,37,2010,48,2010-11-07,7,71,6
715,37,2010,141,2010-11-07,14,70,0
747,37,2010,202,2010-11-07,19,69,0
758,37,2010,182,2010-11-07,17,70,0
759,37,2010,117,2010-11-07,5,71,10
763,37,2010,6,2010-11-07,3,71,15
768,37,2010,191,2010-11-07,2,71,18
770,37,2010,6,2010-11-07,15,70,0
779,37,2010,200,2010-11-07,22,65,0
782,37,2010,201,2010-11-07,20,69,0
787,37,2010,198,2010-11-07,24,49,0
789,37,2010,48,2010-11-07,6,71,8
794,37,2010,152,2010-11-07,9,70,2
795,37,2010,117,2010-11-07,4,71,12
796,37,2010,202,2010-11-07,18,69,0
797,37,2010,198,2010-11-07,12,70,0
798,37,2010,191,2010-11-07,1,71,25
803,37,2010,195,2010-11-07,13,70,0
804,37,2010,195,2010-11-07,11,70,0
806,37,2010,182,2010-11-07,10,70,1
807,37,2010,141,2010-11-07,8,70,4
808,37,2010,200,2010-11-07,21,69,0
809,37,2010,152,2010-11-07,16,70,0
810,37,2010,201,2010-11-07,23,62,0
703,66,2010,48,2010-11-14,23,0,0
715,66,2010,141,2010-11-14,12,55,0
747,66,2010,202,2010-11-14,21,51,0
758,66,2010,182,2010-11-14,11,55,0
759,66,2010,117,2010-11-14,3,55,15
763,66,2010,6,2010-11-14,7,55,6
768,66,2010,191,2010-11-14,8,55,4
770,66,2010,6,2010-11-14,10,55,1
779,66,2010,200,2010-11-14,20,53,0
782,66,2010,201,2010-11-14,22,43,0
787,66,2010,198,2010-11-14,24,0,0
789,66,2010,48,2010-11-14,4,55,12
794,66,2010,152,2010-11-14,5,55,10
795,66,2010,117,2010-11-14,2,55,18
796,66,2010,202,2010-11-14,17,54,0
797,66,2010,198,2010-11-14,13,55,0
798,66,2010,191,2010-11-14,1,55,25
803,66,2010,195,2010-11-14,15,55,0
804,66,2010,195,2010-11-14,9,55,2
806,66,2010,182,2010-11-14,14,55,0
807,66,2010,141,2010-11-14,16,55,0
808,66,2010,200,2010-11-14,19,53,0
809,66,2010,152,2010-11-14,6,55,8
810,66,2010,201,2010-11-14,18,53,0
703,59,2011,48,2011-03-27,19,19,0
715,59,2011,141,2011-03-27,16,48,0
747,59,2011,202,2011-03-27,13,56,0
758,59,2011,152,2011-03-27,12,57,0
759,59,2011,117,2011-03-27,6,58,8
763,59,2011,6,2011-03-27,4,58,12
768,59,2011,191,2011-03-27,5,58,10
770,59,2011,6,2011-03-27,7,58,6
782,59,2011,201,2011-03-27,15,49,0
789,59,2011,48,2011-03-27,17,22,0
795,59,2011,117,2011-03-27,2,58,18
796,59,2011,202,2011-03-27,18,19,0
797,59,2011,198,2011-03-27,9,57,2
798,59,2011,191,2011-03-27,1,58,25
803,59,2011,195,2011-03-27,8,57,4
804,59,2011,195,2011-03-27,11,57,0
806,59,2011,182,2011-03-27,21,58,0
809,59,2011,152,2011-03-27,3,58,15
812,59,2011,198,2011-03-27,10,57,1
813,59,2011,201,2011-03-27,14,54,0
814,59,2011,141,2011-03-27,20,9,0
815,59,2011,182,2011-03-27,22,58,0
703,60,2011,48,2011-04-10,9,56,2
715,60,2011,141,2011-04-10,22,22,0
747,60,2011,202,2011-04-10,20,31,0
758,60,2011,152,2011-04-10,3,56,15
759,60,2011,117,2011-04-10,2,56,18
763,60,2011,6,2011-04-10,6,56,8
768,60,2011,191,2011-04-10,4,56,12
770,60,2011,6,2011-04-10,5,56,10
782,60,2011,201,2011-04-10,16,54,0
783,60,2011,200,2011-04-10,23,14,0
787,60,2011,200,2011-04-10,18,46,0
789,60,2011,48,2011-04-10,12,55,0
795,60,2011,117,2011-04-10,8,56,4
796,60,2011,202,2011-04-10,15,55,0
797,60,2011,198,2011-04-10,11,55,0
798,60,2011,191,2011-04-10,1,56,25
803,60,2011,195,2011-04-10,13,55,0
804,60,2011,195,2011-04-10,14,55,0
806,60,2011,182,2011-04-10,7,56,6
809,60,2011,152,2011-04-10,17,52,0
812,60,2011,198,2011-04-10,10,56,1
813,60,2011,201,2011-04-10,19,42,0
814,60,2011,141,2011-04-10,24,8,0
815,60,2011,182,2011-04-10,21,23,0
703,62,2011,48,2011-04-17,8,56,4
715,62,2011,141,2011-04-17,13,56,0
747,62,2011,202,2011-04-17,19,55,0
758,62,2011,152,2011-04-17,12,56,0
759,62,2011,117,2011-04-17,4,56,12
763,62,2011,6,2011-04-17,7,56,6
768,62,2011,191,2011-04-17,3,56,15
770,62,2011,6,2011-04-17,6,56,8
782,62,2011,201,2011-04-17,21,54,0
783,62,2011,200,2011-04-17,23,54,0
787,62,2011,200,2011-04-17,22,54,0
789,62,2011,48,2011-04-17,5,56,10
795,62,2011,117,2011-04-17,1,56,25
796,62,2011,202,2011-04-17,16,55,0
797,62,2011,198,2011-04-17,15,55,0
798,62,2011,191,2011-04-17,2,56,18
803,62,2011,195,2011-04-17,14,56,0
804,62,2011,195,2011-04-17,24,9,0
806,62,2011,182,2011-04-17,10,56,1
809,62,2011,152,2011-04-17,9,56,2
812,62,2011,198,2011-04-17,11,56,0
813,62,2011,201,2011-04-17,20,54,0
814,62,2011,141,2011-04-17,18,55,0
815,62,2011,182,2011-04-17,17,55,0
703,63,2011,48,2011-05-08,12,58,0
715,63,2011,141,2011-05-08,15,57,0
747,63,2011,202,2011-05-08,18,57,0
758,63,2011,152,2011-05-08,7,58,6
759,63,2011,117,2011-05-08,6,58,8
763,63,2011,6,2011-05-08,3,58,15
768,63,2011,191,2011-05-08,2,58,18
770,63,2011,6,2011-05-08,11,58,0
782,63,2011,201,2011-05-08,24,0,0
783,63,2011,200,2011-05-08,21,55,0
787,63,2011,200,2011-05-08,22,53,0
789,63,2011,48,2011-05-08,5,58,10
795,63,2011,117,2011-05-08,4,58,12
796,63,2011,202,2011-05-08,19,56,0
797,63,2011,198,2011-05-08,13,57,0
798,63,2011,191,2011-05-08,1,58,25
803,63,2011,195,2011-05-08,9,58,2
804,63,2011,195,2011-05-08,16,57,0
806,63,2011,182,2011-05-08,10,58,1
809,63,2011,152,2011-05-08,8,58,4
812,63,2011,198,2011-05-08,23,44,0
813,63,2011,201,2011-05-08,20,56,0
814,63,2011,141,2011-05-08,17,57,0
815,63,2011,182,2011-05-08,14,57,0
703,56,2011,48,2011-05-22,6,65,8
715,56,2011,141,2011-05-22,17,64,0
747,56,2011,202,2011-05-22,18,64,0
758,56,2011,152,2011-05-22,8,65,4
759,56,2011,117,2011-05-22,3,66,15
763,56,2011,6,2011-05-22,5,65,10
768,56,2011,191,2011-05-22,4,66,12
770,56,2011,6,2011-05-22,22,58,0
782,56,2011,201,2011-05-22,19,63,0
783,56,2011,200,2011-05-22,21,61,0
787,56,2011,200,2011-05-22,24,28,0
789,56,2011,48,2011-05-22,7,65,6
795,56,2011,117,2011-05-22,2,66,18
796,56,2011,202,2011-05-22,23,48,0
797,56,2011,198,2011-05-22,13,65,0
798,56,2011,191,2011-05-22,1,66,25
803,56,2011,195,2011-05-22,14,65,0
804,56,2011,195,2011-05-22,16,64,0
806,56,2011,182,2011-05-22,10,65,1
809,56,2011,152,2011-05-22,11,65,0
812,56,2011,198,2011-05-22,12,65,0
813,56,2011,201,2011-05-22,20,62,0
814,56,2011,141,2011-05-22,15,65,0
815,56,2011,182,2011-05-22,9,65,2
703,2,2011,48,2011-05-29,22,32,0
715,2,2011,141,2011-05-29,9,77,2
747,2,2011,202,2011-05-29,13,76,0
758,2,2011,152,2011-05-29,8,77,4
759,2,2011,117,2011-05-29,3,78,15
763,2,2011,6,2011-05-29,2,78,18
768,2,2011,191,2011-05-29,4,78,12
770,2,2011,6,2011-05-29,21,32,0
782,2,2011,201,2011-05-29,23,30,0
783,2,2011,200,2011-05-29,17,74,0
787,2,2011,200,2011-05-29,16,75,0
789,2,2011,48,2011-05-29,11,76,0
795,2,2011,117,2011-05-29,6,78,8
796,2,2011,202,2011-05-29,14,76,0
797,2,2011,198,2011-05-29,7,77,6
798,2,2011,191,2011-05-29,1,78,25
803,2,2011,195,2011-05-29,10,77,1
804,2,2011,195,2011-05-29,20,66,0
806,2,2011,182,2011-05-29,5,78,10
809,2,2011,152,2011-05-29,19,67,0
812,2,2011,198,2011-05-29,12,76,0
813,2,2011,201,2011-05-29,15,75,0
814,2,2011,141,2011-05-29,18,73,0
815,2,2011,182,2011-05-29,24,0,0
703,44,2011,48,2011-06-12,4,70,12
715,44,2011,141,2011-06-12,9,70,2
747,44,2011,202,2011-06-12,16,69,0
754,44,2011,182,2011-06-12,12,70,0
758,44,2011,152,2011-06-12,20,55,0
759,44,2011,117,2011-06-12,1,70,25
763,44,2011,6,2011-06-12,22,36,0
768,44,2011,191,2011-06-12,3,70,15
770,44,2011,6,2011-06-12,6,70,8
782,44,2011,201,2011-06-12,15,69,0
783,44,2011,200,2011-06-12,17,69,0
787,44,2011,200,2011-06-12,13,69,0
789,44,2011,48,2011-06-12,11,70,0
795,44,2011,117,2011-06-12,24,7,0
796,44,2011,202,2011-06-12,23,28,0
797,44,2011,198,2011-06-12,21,49,0
798,44,2011,191,2011-06-12,2,70,18
803,44,2011,195,2011-06-12,10,70,1
804,44,2011,195,2011-06-12,8,70,4
806,44,2011,182,2011-06-12,7,70,6
809,44,2011,152,2011-06-12,5,70,10
812,44,2011,198,2011-06-12,18,67,0
813,44,2011,201,2011-06-12,14,69,0
814,44,2011,141,2011-06-12,19,61,0
703,64,2011,48,2011-06-26,17,56,0
715,64,2011,141,2011-06-26,12,56,0
747,64,2011,202,2011-06-26,20,55,0
758,64,2011,152,2011-06-26,10,56,1
759,64,2011,117,2011-06-26,6,57,8
763,64,2011,6,2011-06-26,2,57,18
768,64,2011,191,2011-06-26,3,57,15
770,64,2011,6,2011-06-26,5,57,10
782,64,2011,201,2011-06-26,21,55,0
783,64,2011,200,2011-06-26,24,54,0
787,64,2011,200,2011-06-26,23,54,0
789,64,2011,48,2011-06-26,7,57,6
795,64,2011,117,2011-06-26,4,57,12
796,64,2011,202,2011-06-26,19,55,0
797,64,2011,198,2011-06-26,9,56,2
798,64,2011,191,2011-06-26,1,57,25
803,64,2011,195,2011-06-26,13,56,0
804,64,2011,195,2011-06-26,8,56,4
806,64,2011,182,2011-06-26,16,56,0
809,64,2011,152,2011-06-26,15,56,0
812,64,2011,198,2011-06-26,14,56,0
813,64,2011,201,2011-06-26,22,55,0
814,64,2011,141,2011-06-26,18,56,0
815,64,2011,182,2011-06-26,11,56,0
703,1,2011,48,2011-07-10,9,52,2
715,1,2011,141,2011-07-10,13,51,0
747,1,2011,202,2011-07-10,23,10,0
758,1,2011,152,2011-07-10,8,52,4
759,1,2011,117,2011-07-10,20,39,0
763,1,2011,6,2011-07-10,1,52,25
768,1,2011,191,2011-07-10,3,52,15
770,1,2011,6,2011-07-10,5,52,10
782,1,2011,201,2011-07-10,16,50,0
787,1,2011,200,2011-07-10,18,50,0
789,1,2011,48,2011-07-10,6,52,8
795,1,2011,117,2011-07-10,4,52,12
796,1,2011,202,2011-07-10,24,2,0
797,1,2011,198,2011-07-10,11,52,0
798,1,2011,191,2011-07-10,2,52,18
803,1,2011,195,2011-07-10,21,25,0
804,1,2011,195,2011-07-10,10,52,1
806,1,2011,182,2011-07-10,22,23,0
809,1,2011,152,2011-07-10,12,52,0
812,1,2011,198,2011-07-10,15,51,0
813,1,2011,201,2011-07-10,17,50,0
814,1,2011,141,2011-07-10,14,51,0
815,1,2011,182,2011-07-10,7,52,6
816,1,2011,200,2011-07-10,19,49,0
703,8,2011,48,2011-07-24,8,59,4
715,8,2011,141,2011-07-24,23,16,0
758,8,2011,152,2011-07-24,24,9,0
759,8,2011,117,2011-07-24,22,35,0
763,8,2011,6,2011-07-24,2,60,18
768,8,2011,191,2011-07-24,3,60,15
770,8,2011,6,2011-07-24,5,60,10
782,8,2011,201,2011-07-24,17,57,0
787,8,2011,200,2011-07-24,21,37,0
789,8,2011,48,2011-07-24,7,59,6
795,8,2011,117,2011-07-24,1,60,25
796,8,2011,202,2011-07-24,16,58,0
797,8,2011,198,2011-07-24,6,60,8
798,8,2011,191,2011-07-24,4,60,12
803,8,2011,195,2011-07-24,15,59,0
804,8,2011,195,2011-07-24,12,59,0
806,8,2011,182,2011-07-24,9,59,2
809,8,2011,152,2011-07-24,10,59,1
811,8,2011,202,2011-07-24,20,56,0
812,8,2011,198,2011-07-24,13,59,0
813,8,2011,201,2011-07-24,18,57,0
814,8,2011,141,2011-07-24,14,59,0
815,8,2011,182,2011-07-24,11,59,0
816,8,2011,200,2011-07-24,19,57,0
703,52,2011,48,2011-07-31,22,26,0
715,52,2011,141,2011-07-31,13,68,0
747,52,2011,202,2011-07-31,24,17,0
758,52,2011,152,2011-07-31,23,23,0
759,52,2011,117,2011-07-31,1,70,25
763,52,2011,6,2011-07-31,3,70,15
768,52,2011,191,2011-07-31,5,70,10
770,52,2011,6,2011-07-31,6,70,8
782,52,2011,201,2011-07-31,17,66,0
787,52,2011,200,2011-07-31,20,65,0
789,52,2011,48,2011-07-31,9,69,2
795,52,2011,117,2011-07-31,4,70,12
796,52,2011,202,2011-07-31,21,55,0
797,52,2011,198,2011-07-31,14,68,0
798,52,2011,191,2011-07-31,2,70,18
803,52,2011,195,2011-07-31,8,69,4
804,52,2011,195,2011-07-31,10,69,1
806,52,2011,182,2011-07-31,11,69,0
809,52,2011,152,2011-07-31,12,69,0
812,52,2011,198,2011-07-31,7,69,6
813,52,2011,201,2011-07-31,19,65,0
814,52,2011,141,2011-07-31,16,68,0
815,52,2011,182,2011-07-31,15,68,0
816,52,2011,200,2011-07-31,18,66,0
703,5,2011,48,2011-08-28,5,44,10
715,5,2011,141,2011-08-28,16,43,0
747,5,2011,202,2011-08-28,14,43,0
759,5,2011,117,2011-08-28,3,44,15
763,5,2011,6,2011-08-28,4,44,12
768,5,2011,191,2011-08-28,2,44,18
770,5,2011,6,2011-08-28,8,44,4
782,5,2011,201,2011-08-28,18,43,0
787,5,2011,200,2011-08-28,19,43,0
789,5,2011,48,2011-08-28,6,44,8
795,5,2011,117,2011-08-28,22,12,0
796,5,2011,202,2011-08-28,15,43,0
797,5,2011,198,2011-08-28,7,44,6
798,5,2011,191,2011-08-28,1,44,25
803,5,2011,195,2011-08-28,23,6,0
804,5,2011,195,2011-08-28,24,0,0
806,5,2011,182,2011-08-28,12,44,0
808,5,2011,152,2011-08-28,13,44,0
809,5,2011,152,2011-08-28,9,44,2
812,5,2011,198,2011-08-28,11,44,0
813,5,2011,201,2011-08-28,17,43,0
814,5,2011,141,2011-08-28,10,44,1
815,5,2011,182,2011-08-28,20,27,0
816,5,2011,200,2011-08-28,21,13,0
703,7,2011,48,2011-09-11,5,53,10
715,7,2011,141,2011-09-11,12,52,0
747,7,2011,202,2011-09-11,14,51,0
759,7,2011,117,2011-09-11,2,53,18
763,7,2011,6,2011-09-11,3,53,15
768,7,2011,191,2011-09-11,20,4,0
770,7,2011,6,2011-09-11,6,53,8
782,7,2011,201,2011-09-11,15,51,0
787,7,2011,200,2011-09-11,24,0,0
789,7,2011,48,2011-09-11,23,0,0
795,7,2011,117,2011-09-11,4,53,12
796,7,2011,202,2011-09-11,13,51,0
797,7,2011,198,2011-09-11,19,9,0
798,7,2011,191,2011-09-11,1,53,25
803,7,2011,195,2011-09-11,10,52,1
804,7,2011,195,2011-09-11,7,52,6
806,7,2011,182,2011-09-11,18,21,0
808,7,2011,152,2011-09-11,9,52,2
809,7,2011,152,2011-09-11,22,0,0
812,7,2011,198,2011-09-11,8,52,4
813,7,2011,201,2011-09-11,21,1,0
814,7,2011,141,2011-09-11,11,52,0
815,7,2011,182,2011-09-11,17,32,0
816,7,2011,200,2011-09-11,16,39,0
703,65,2011,48,2011-09-25,23,28,0
715,65,2011,141,2011-09-25,13,60,0
747,65,2011,202,2011-09-25,22,47,0
759,65,2011,117,2011-09-25,2,61,18
763,65,2011,6,2011-09-25,4,61,12
768,65,2011,191,2011-09-25,3,61,15
770,65,2011,6,2011-09-25,9,60,2
782,65,2011,201,2011-09-25,24,9,0
787,65,2011,200,2011-09-25,20,57,0
789,65,2011,48,2011-09-25,7,60,6
795,65,2011,117,2011-09-25,5,61,10
796,65,2011,202,2011-09-25,16,59,0
797,65,2011,198,2011-09-25,8,60,4
798,65,2011,191,2011-09-25,1,61,25
803,65,2011,195,2011-09-25,12,60,0
804,65,2011,195,2011-09-25,21,56,0
806,65,2011,182,2011-09-25,14,59,0
808,65,2011,152,2011-09-25,15,59,0
809,65,2011,152,2011-09-25,17,59,0
812,65,2011,198,2011-09-25,6,61,8
813,65,2011,201,2011-09-25,18,59,0
814,65,2011,141,2011-09-25,11,60,0
815,65,2011,182,2011-09-25,10,60,1
816,65,2011,200,2011-09-25,19,57,0
703,53,2011,48,2011-10-09,6,53,8
715,53,2011,141,2011-10-09,17,53,0
747,53,2011,202,2011-10-09,19,53,0
759,53,2011,117,2011-10-09,1,53,25
763,53,2011,6,2011-10-09,2,53,18
768,53,2011,191,2011-10-09,4,53,12
770,53,2011,6,2011-10-09,7,53,6
782,53,2011,201,2011-10-09,20,51,0
787,53,2011,200,2011-10-09,23,50,0
789,53,2011,48,2011-10-09,10,53,1
795,53,2011,117,2011-10-09,5,53,10
796,53,2011,202,2011-10-09,18,53,0
797,53,2011,198,2011-10-09,11,53,0
798,53,2011,191,2011-10-09,3,53,15
803,53,2011,195,2011-10-09,24,11,0
804,53,2011,195,2011-10-09,15,53,0
806,53,2011,182,2011-10-09,13,53,0
808,53,2011,152,2011-10-09,16,53,0
809,53,2011,152,2011-10-09,9,53,2
812,53,2011,198,2011-10-09,12,53,0
813,53,2011,201,2011-10-09,21,51,0
814,53,2011,141,2011-10-09,14,53,0
815,53,2011,182,2011-10-09,8,53,4
816,53,2011,200,2011-10-09,22,51,0
703,67,2011,48,2011-10-16,24,15,0
715,67,2011,141,2011-10-16,12,55,0
747,67,2011,202,2011-10-16,17,54,0
759,67,2011,117,2011-10-16,4,55,12
763,67,2011,6,2011-10-16,5,55,10
768,67,2011,191,2011-10-16,3,55,15
770,67,2011,6,2011-10-16,6,55,8
782,67,2011,201,2011-10-16,18,54,0
787,67,2011,200,2011-10-16,21,52,0
789,67,2011,48,2011-10-16,8,55,4
795,67,2011,117,2011-10-16,2,55,18
796,67,2011,202,2011-10-16,14,54,0
797,67,2011,198,2011-10-16,11,55,0
798,67,2011,191,2011-10-16,1,55,25
803,67,2011,195,2011-10-16,9,55,2
804,67,2011,195,2011-10-16,7,55,6
806,67,2011,182,2011-10-16,15,54,0
808,67,2011,152,2011-10-16,13,54,0
809,67,2011,152,2011-10-16,23,16,0
812,67,2011,198,2011-10-16,10,55,1
813,67,2011,201,2011-10-16,20,54,0
814,67,2011,141,2011-10-16,22,30,0
815,67,2011,182,2011-10-16,16,54,0
816,67,2011,200,2011-10-16,19,54,0
703,68,2011,48,2011-10-30,5,60,10
715,68,2011,141,2011-10-30,15,58,0
747,68,2011,202,2011-10-30,19,55,0
759,68,2011,117,2011-10-30,2,60,18
763,68,2011,6,2011-10-30,3,60,15
768,68,2011,191,2011-10-30,4,60,12
770,68,2011,6,2011-10-30,20,32,0
782,68,2011,201,2011-10-30,23,2,0
783,68,2011,200,2011-10-30,17,57,0
789,68,2011,48,2011-10-30,6,60,8
795,68,2011,117,2011-10-30,7,60,6
796,68,2011,202,2011-10-30,14,58,0
797,68,2011,198,2011-10-30,9,59,2
798,68,2011,191,2011-10-30,1,60,25
803,68,2011,195,2011-10-30,21,24,0
804,68,2011,195,2011-10-30,8,59,4
806,68,2011,182,2011-10-30,24,0,0
808,68,2011,152,2011-10-30,12,59,0
809,68,2011,152,2011-10-30,11,59,0
812,68,2011,198,2011-10-30,13,59,0
813,68,2011,201,2011-10-30,16,57,0
814,68,2011,141,2011-10-30,22,12,0
815,68,2011,182,2011-10-30,10,59,1
816,68,2011,200,2011-10-30,18,57,0
703,66,2011,48,2011-11-13,7,55,6
715,66,2011,141,2011-11-13,12,54,0
747,66,2011,202,2011-11-13,18,53,0
759,66,2011,117,2011-11-13,3,55,15
763,66,2011,6,2011-11-13,2,55,18
768,66,2011,191,2011-11-13,4,55,12
770,66,2011,6,2011-11-13,5,55,10
782,66,2011,201,2011-11-13,19,53,0
787,66,2011,200,2011-11-13,20,53,0
789,66,2011,48,2011-11-13,6,55,8
795,66,2011,117,2011-11-13,1,55,25
796,66,2011,202,2011-11-13,17,54,0
797,66,2011,198,2011-11-13,8,55,4
798,66,2011,191,2011-11-13,24,1,0
803,66,2011,195,2011-11-13,22,19,0
804,66,2011,195,2011-11-13,15,54,0
806,66,2011,182,2011-11-13,10,54,1
808,66,2011,152,2011-11-13,16,54,0
809,66,2011,152,2011-11-13,13,54,0
812,66,2011,198,2011-11-13,9,55,2
813,66,2011,201,2011-11-13,23,18,0
814,66,2011,141,2011-11-13,14,54,0
815,66,2011,182,2011-11-13,11,54,0
816,66,2011,200,2011-11-13,21,48,0
703,37,2011,48,2011-11-27,15,70,0
715,37,2011,141,2011-11-27,14,70,0
747,37,2011,202,2011-11-27,18,69,0
759,37,2011,117,2011-11-27,3,71,15
763,37,2011,6,2011-11-27,4,71,12
768,37,2011,191,2011-11-27,1,71,25
770,37,2011,6,2011-11-27,5,71,10
782,37,2011,201,2011-11-27,24,21,0
787,37,2011,200,2011-11-27,21,61,0
789,37,2011,48,2011-11-27,7,70,6
795,37,2011,117,2011-11-27,22,46,0
796,37,2011,202,2011-11-27,16,69,0
797,37,2011,198,2011-11-27,6,70,8
798,37,2011,191,2011-11-27,2,71,18
803,37,2011,195,2011-11-27,12,70,0
804,37,2011,195,2011-11-27,11,70,0
806,37,2011,182,2011-11-27,9,70,2
808,37,2011,152,2011-11-27,17,69,0
809,37,2011,152,2011-11-27,10,70,1
812,37,2011,198,2011-11-27,8,70,4
813,37,2011,201,2011-11-27,19,68,0
814,37,2011,141,2011-11-27,23,26,0
815,37,2011,182,2011-11-27,13,70,0
816,37,2011,200,2011-11-27,20,68,0
703,59,2012,48,2012-03-18,20,10,0
759,59,2012,117,2012-03-18,1,58,25
762,59,2012,204,2012-03-18,7,58,6
763,59,2012,6,2012-03-18,5,58,10
768,59,2012,191,2012-03-18,4,58,12
770,59,2012,6,2012-03-18,17,46,0
782,59,2012,205,2012-03-18,14,57,0
789,59,2012,48,2012-03-18,12,58,0
795,59,2012,117,2012-03-18,3,58,15
796,59,2012,203,2012-03-18,18,38,0
798,59,2012,191,2012-03-18,2,58,18
805,59,2012,204,2012-03-18,21,1,0
806,59,2012,182,2012-03-18,6,58,8
807,59,2012,198,2012-03-18,22,0,0
808,59,2012,141,2012-03-18,16,52,0
809,59,2012,203,2012-03-18,19,34,0
812,59,2012,198,2012-03-18,10,58,1
814,59,2012,141,2012-03-18,13,57,0
815,59,2012,182,2012-03-18,8,58,4
816,59,2012,195,2012-03-18,9,58,2
817,59,2012,195,2012-03-18,11,58,0
818,59,2012,205,2012-03-18,15,53,0
703,60,2012,48,2012-03-25,10,56,1
754,60,2012,200,2012-03-25,22,54,0
759,60,2012,117,2012-03-25,14,56,0
762,60,2012,204,2012-03-25,5,56,10
763,60,2012,6,2012-03-25,1,56,25
768,60,2012,191,2012-03-25,4,56,12
770,60,2012,6,2012-03-25,15,56,0
782,60,2012,205,2012-03-25,17,55,0
783,60,2012,200,2012-03-25,21,54,0
789,60,2012,48,2012-03-25,13,56,0
795,60,2012,117,2012-03-25,3,56,15
796,60,2012,203,2012-03-25,18,55,0
798,60,2012,191,2012-03-25,11,56,0
805,60,2012,204,2012-03-25,24,3,0
806,60,2012,182,2012-03-25,23,46,0
807,60,2012,198,2012-03-25,9,56,2
808,60,2012,141,2012-03-25,6,56,8
809,60,2012,203,2012-03-25,16,55,0
812,60,2012,198,2012-03-25,7,56,6
814,60,2012,141,2012-03-25,19,54,0
815,60,2012,182,2012-03-25,2,56,18
816,60,2012,195,2012-03-25,12,56,0
817,60,2012,195,2012-03-25,8,56,4
818,60,2012,205,2012-03-25,20,54,0
703,62,2012,48,2012-04-15,24,12,0
754,62,2012,200,2012-04-15,21,55,0
759,62,2012,117,2012-04-15,2,56,18
762,62,2012,204,2012-04-15,14,56,0
763,62,2012,6,2012-04-15,9,56,2
768,62,2012,191,2012-04-15,4,56,12
770,62,2012,6,2012-04-15,13,56,0
782,62,2012,205,2012-04-15,19,55,0
783,62,2012,200,2012-04-15,22,54,0
789,62,2012,48,2012-04-15,1,56,25
795,62,2012,117,2012-04-15,3,56,15
796,62,2012,203,2012-04-15,23,53,0
798,62,2012,191,2012-04-15,5,56,10
805,62,2012,204,2012-04-15,6,56,8
806,62,2012,182,2012-04-15,10,56,1
807,62,2012,198,2012-04-15,15,56,0
808,62,2012,141,2012-04-15,7,56,6
809,62,2012,203,2012-04-15,18,55,0
812,62,2012,198,2012-04-15,12,56,0
814,62,2012,141,2012-04-15,8,56,4
815,62,2012,182,2012-04-15,11,56,0
816,62,2012,195,2012-04-15,17,56,0
817,62,2012,195,2012-04-15,16,56,0
818,62,2012,205,2012-04-15,20,55,0
703,61,2012,48,2012-04-22,10,57,1
754,61,2012,200,2012-04-22,20,55,0
759,61,2012,117,2012-04-22,18,55,0
762,61,2012,204,2012-04-22,2,57,18
763,61,2012,6,2012-04-22,7,57,6
768,61,2012,191,2012-04-22,4,57,12
770,61,2012,6,2012-04-22,9,57,2
782,61,2012,205,2012-04-22,19,55,0
783,61,2012,200,2012-04-22,21,55,0
789,61,2012,48,2012-04-22,5,57,10
795,61,2012,117,2012-04-22,8,57,4
796,61,2012,203,2012-04-22,17,56,0
798,61,2012,191,2012-04-22,1,57,25
805,61,2012,204,2012-04-22,3,57,15
806,61,2012,182,2012-04-22,13,57,0
807,61,2012,198,2012-04-22,12,57,0
808,61,2012,141,2012-04-22,22,54,0
809,61,2012,203,2012-04-22,16,56,0
812,61,2012,198,2012-04-22,6,57,8
814,61,2012,141,2012-04-22,23,25,0
815,61,2012,182,2012-04-22,11,57,0
816,61,2012,195,2012-04-22,15,56,0
817,61,2012,195,2012-04-22,14,57,0
818,61,2012,205,2012-04-22,24,24,0
703,56,2012,48,2012-05-13,24,12,0
754,56,2012,200,2012-05-13,19,63,0
759,56,2012,117,2012-05-13,9,66,2
762,56,2012,204,2012-05-13,3,66,15
763,56,2012,6,2012-05-13,2,66,18
768,56,2012,191,2012-05-13,11,65,0
770,56,2012,6,2012-05-13,15,65,0
782,56,2012,205,2012-05-13,18,64,0
783,56,2012,200,2012-05-13,22,22,0
789,56,2012,48,2012-05-13,7,66,6
795,56,2012,117,2012-05-13,8,66,4
796,56,2012,203,2012-05-13,16,65,0
798,56,2012,191,2012-05-13,6,66,8
805,56,2012,204,2012-05-13,4,66,12
806,56,2012,182,2012-05-13,5,66,10
807,56,2012,198,2012-05-13,10,65,1
808,56,2012,141,2012-05-13,23,12,0
809,56,2012,203,2012-05-13,17,65,0
812,56,2012,198,2012-05-13,14,65,0
814,56,2012,141,2012-05-13,1,66,25
815,56,2012,182,2012-05-13,20,37,0
816,56,2012,195,2012-05-13,13,65,0
817,56,2012,195,2012-05-13,12,65,0
818,56,2012,205,2012-05-13,21,35,0
703,2,2012,48,2012-05-27,19,63,0
754,2,2012,200,2012-05-27,22,0,0
759,2,2012,117,2012-05-27,16,70,0
762,2,2012,204,2012-05-27,9,78,2
763,2,2012,6,2012-05-27,3,78,15
768,2,2012,191,2012-05-27,1,78,25
770,2,2012,6,2012-05-27,6,78,8
782,2,2012,205,2012-05-27,14,77,0
783,2,2012,200,2012-05-27,15,76,0
789,2,2012,48,2012-05-27,2,78,18
795,2,2012,117,2012-05-27,5,78,10
796,2,2012,203,2012-05-27,13,77,0
798,2,2012,191,2012-05-27,4,78,12
805,2,2012,204,2012-05-27,24,0,0
806,2,2012,182,2012-05-27,21,5,0
807,2,2012,198,2012-05-27,8,78,4
808,2,2012,141,2012-05-27,10,78,1
809,2,2012,203,2012-05-27,20,15,0
812,2,2012,198,2012-05-27,7,78,6
814,2,2012,141,2012-05-27,23,0,0
815,2,2012,182,2012-05-27,11,77,0
816,2,2012,195,2012-05-27,17,65,0
817,2,2012,195,2012-05-27,12,77,0
818,2,2012,205,2012-05-27,18,64,0
703,44,2012,48,2012-06-10,22,43,0
754,44,2012,200,2012-06-10,23,24,0
759,44,2012,117,2012-06-10,16,69,0
762,44,2012,204,2012-06-10,8,70,4
763,44,2012,6,2012-06-10,5,70,10
768,44,2012,191,2012-06-10,7,70,6
770,44,2012,6,2012-06-10,10,70,1
782,44,2012,205,2012-06-10,21,56,0
783,44,2012,200,2012-06-10,24,22,0
789,44,2012,48,2012-06-10,6,70,8
795,44,2012,117,2012-06-10,1,70,25
796,44,2012,203,2012-06-10,18,69,0
798,44,2012,191,2012-06-10,4,70,12
805,44,2012,204,2012-06-10,2,70,18
806,44,2012,182,2012-06-10,9,70,2
807,44,2012,198,2012-06-10,12,70,0
808,44,2012,141,2012-06-10,17,69,0
809,44,2012,203,2012-06-10,19,69,0
812,44,2012,198,2012-06-10,11,70,0
814,44,2012,141,2012-06-10,13,70,0
815,44,2012,182,2012-06-10,3,70,15
816,44,2012,195,2012-06-10,14,70,0
817,44,2012,195,2012-06-10,15,69,0
818,44,2012,205,2012-06-10,20,69,0
703,64,2012,48,2012-06-24,3,57,15
754,64,2012,200,2012-06-24,17,56,0
759,64,2012,117,2012-06-24,8,57,4
762,64,2012,204,2012-06-24,2,57,18
763,64,2012,6,2012-06-24,1,57,25
768,64,2012,191,2012-06-24,4,57,12
770,64,2012,6,2012-06-24,16,56,0
782,64,2012,205,2012-06-24,24,0,0
783,64,2012,200,2012-06-24,18,56,0
789,64,2012,48,2012-06-24,6,57,8
795,64,2012,117,2012-06-24,19,55,0
796,64,2012,203,2012-06-24,14,57,0
798,64,2012,191,2012-06-24,21,33,0
805,64,2012,204,2012-06-24,20,40,0
806,64,2012,182,2012-06-24,22,33,0
807,64,2012,198,2012-06-24,5,57,10
808,64,2012,141,2012-06-24,10,57,1
809,64,2012,203,2012-06-24,13,57,0
812,64,2012,198,2012-06-24,7,57,6
814,64,2012,141,2012-06-24,12,57,0
815,64,2012,182,2012-06-24,9,57,2
816,64,2012,195,2012-06-24,11,57,0
817,64,2012,195,2012-06-24,23,26,0
818,64,2012,205,2012-06-24,15,57,0
703,1,2012,48,2012-07-08,7,52,6
754,1,2012,200,2012-07-08,20,50,0
759,1,2012,117,2012-07-08,10,52,1
762,1,2012,204,2012-07-08,5,52,10
763,1,2012,6,2012-07-08,2,52,18
768,1,2012,191,2012-07-08,1,52,25
770,1,2012,6,2012-07-08,4,52,12
782,1,2012,205,2012-07-08,18,51,0
783,1,2012,200,2012-07-08,21,50,0
789,1,2012,48,2012-07-08,15,52,0
795,1,2012,117,2012-07-08,8,52,4
796,1,2012,203,2012-07-08,17,51,0
798,1,2012,191,2012-07-08,3,52,15
805,1,2012,204,2012-07-08,6,52,8
806,1,2012,182,2012-07-08,11,52,0
807,1,2012,198,2012-07-08,12,52,0
808,1,2012,141,2012-07-08,9,52,2
809,1,2012,203,2012-07-08,24,0,0
812,1,2012,198,2012-07-08,23,2,0
814,1,2012,141,2012-07-08,16,51,0
815,1,2012,182,2012-07-08,22,11,0
816,1,2012,195,2012-07-08,13,52,0
817,1,2012,195,2012-07-08,14,52,0
818,1,2012,205,2012-07-08,19,51,0
703,33,2012,48,2012-07-22,7,67,6
754,33,2012,200,2012-07-22,21,64,0
759,33,2012,117,2012-07-22,2,67,18
762,33,2012,204,2012-07-22,3,67,15
763,33,2012,6,2012-07-22,1,67,25
768,33,2012,191,2012-07-22,8,67,4
770,33,2012,6,2012-07-22,12,67,0
782,33,2012,205,2012-07-22,22,64,0
783,33,2012,200,2012-07-22,23,64,0
789,33,2012,48,2012-07-22,10,67,1
795,33,2012,117,2012-07-22,24,56,0
796,33,2012,203,2012-07-22,19,65,0
798,33,2012,191,2012-07-22,5,67,10
805,33,2012,204,2012-07-22,18,66,0
806,33,2012,182,2012-07-22,4,67,12
807,33,2012,198,2012-07-22,9,67,2
808,33,2012,141,2012-07-22,17,66,0
809,33,2012,203,2012-07-22,16,66,0
812,33,2012,198,2012-07-22,11,67,0
814,33,2012,141,2012-07-22,15,66,0
815,33,2012,182,2012-07-22,6,67,8
816,33,2012,195,2012-07-22,13,67,0
817,33,2012,195,2012-07-22,14,67,0
818,33,2012,205,2012-07-22,20,65,0
703,52,2012,48,2012-07-29,24,58,0
754,52,2012,200,2012-07-29,22,66,0
759,52,2012,117,2012-07-29,6,69,8
762,52,2012,204,2012-07-29,2,69,18
763,52,2012,6,2012-07-29,5,69,10
768,52,2012,191,2012-07-29,8,69,4
770,52,2012,6,2012-07-29,9,69,2
782,52,2012,205,2012-07-29,21,66,0
783,52,2012,200,2012-07-29,23,60,0
789,52,2012,48,2012-07-29,10,69,1
795,52,2012,117,2012-07-29,1,69,25
796,52,2012,203,2012-07-29,17,68,0
798,52,2012,191,2012-07-29,4,69,12
805,52,2012,204,2012-07-29,3,69,15
806,52,2012,182,2012-07-29,18,67,0
807,52,2012,198,2012-07-29,11,69,0
808,52,2012,141,2012-07-29,7,69,6
809,52,2012,203,2012-07-29,19,67,0
812,52,2012,198,2012-07-29,12,69,0
814,52,2012,141,2012-07-29,13,69,0
815,52,2012,182,2012-07-29,14,69,0
816,52,2012,195,2012-07-29,15,68,0
817,52,2012,195,2012-07-29,16,68,0
818,52,2012,205,2012-07-29,20,67,0
703,5,2012,48,2012-09-02,7,44,6
754,5,2012,200,2012-09-02,18,43,0
759,5,2012,117,2012-09-02,1,44,25
762,5,2012,204,2012-09-02,3,44,15
763,5,2012,6,2012-09-02,22,0,0
768,5,2012,191,2012-09-02,6,44,8
770,5,2012,6,2012-09-02,5,44,10
782,5,2012,205,2012-09-02,15,43,0
783,5,2012,200,2012-09-02,19,29,0
789,5,2012,48,2012-09-02,11,44,0
795,5,2012,117,2012-09-02,23,0,0
796,5,2012,203,2012-09-02,17,43,0
798,5,2012,191,2012-09-02,2,44,18
805,5,2012,204,2012-09-02,24,0,0
806,5,2012,182,2012-09-02,13,44,0
807,5,2012,198,2012-09-02,4,44,12
808,5,2012,141,2012-09-02,12,44,0
809,5,2012,203,2012-09-02,14,43,0
812,5,2012,198,2012-09-02,10,44,1
814,5,2012,141,2012-09-02,20,4,0
815,5,2012,182,2012-09-02,21,0,0
816,5,2012,195,2012-09-02,9,44,2
817,5,2012,195,2012-09-02,8,44,4
818,5,2012,205,2012-09-02,16,43,0
703,7,2012,48,2012-09-09,6,53,8
754,7,2012,200,2012-09-09,18,52,0
759,7,2012,117,2012-09-09,23,32,0
762,7,2012,204,2012-09-09,5,53,10
763,7,2012,6,2012-09-09,3,53,15
768,7,2012,191,2012-09-09,20,51,0
770,7,2012,6,2012-09-09,4,53,12
782,7,2012,205,2012-09-09,17,52,0
783,7,2012,200,2012-09-09,19,52,0
789,7,2012,48,2012-09-09,7,53,6
795,7,2012,117,2012-09-09,1,53,25
796,7,2012,203,2012-09-09,14,52,0
798,7,2012,191,2012-09-09,22,47,0
806,7,2012,182,2012-09-09,9,53,2
807,7,2012,198,2012-09-09,21,50,0
808,7,2012,141,2012-09-09,10,53,1
809,7,2012,203,2012-09-09,15,52,0
812,7,2012,198,2012-09-09,8,53,4
813,7,2012,204,2012-09-09,13,53,0
814,7,2012,141,2012-09-09,11,53,0
815,7,2012,182,2012-09-09,2,53,18
816,7,2012,195,2012-09-09,12,53,0
817,7,2012,195,2012-09-09,24,8,0
818,7,2012,205,2012-09-09,16,52,0
703,65,2012,48,2012-09-23,21,38,0
754,65,2012,200,2012-09-23,17,58,0
759,65,2012,117,2012-09-23,2,59,18
762,65,2012,204,2012-09-23,6,59,8
763,65,2012,6,2012-09-23,3,59,15
768,65,2012,191,2012-09-23,11,59,0
770,65,2012,6,2012-09-23,8,59,4
782,65,2012,205,2012-09-23,12,59,0
783,65,2012,200,2012-09-23,23,30,0
789,65,2012,48,2012-09-23,5,59,10
795,65,2012,117,2012-09-23,24,22,0
796,65,2012,203,2012-09-23,15,59,0
798,65,2012,191,2012-09-23,1,59,25
805,65,2012,204,2012-09-23,7,59,6
806,65,2012,182,2012-09-23,13,59,0
807,65,2012,198,2012-09-23,14,59,0
808,65,2012,141,2012-09-23,18,57,0
809,65,2012,203,2012-09-23,19,57,0
812,65,2012,198,2012-09-23,4,59,12
814,65,2012,141,2012-09-23,22,36,0
815,65,2012,182,2012-09-23,10,59,1
816,65,2012,195,2012-09-23,9,59,2
817,65,2012,195,2012-09-23,20,38,0
818,65,2012,205,2012-09-23,16,59,0
703,53,2012,48,2012-10-07,11,53,0
754,53,2012,200,2012-10-07,18,52,0
759,53,2012,117,2012-10-07,4,53,12
762,53,2012,204,2012-10-07,6,53,8
763,53,2012,6,2012-10-07,23,0,0
768,53,2012,191,2012-10-07,9,53,2
770,53,2012,6,2012-10-07,2,53,18
782,53,2012,205,2012-10-07,16,52,0
783,53,2012,200,2012-10-07,21,32,0
789,53,2012,48,2012-10-07,24,0,0
795,53,2012,117,2012-10-07,5,53,10
796,53,2012,203,2012-10-07,15,52,0
798,53,2012,191,2012-10-07,1,53,25
805,53,2012,204,2012-10-07,19,51,0
806,53,2012,182,2012-10-07,3,53,15
807,53,2012,198,2012-10-07,7,53,6
808,53,2012,141,2012-10-07,14,53,0
809,53,2012,203,2012-10-07,17,52,0
812,53,2012,198,2012-10-07,12,53,0
814,53,2012,141,2012-10-07,8,53,4
815,53,2012,182,2012-10-07,22,18,0
816,53,2012,195,2012-10-07,10,53,1
817,53,2012,195,2012-10-07,13,53,0
818,53,2012,205,2012-10-07,20,37,0
703,67,2012,48,2012-10-14,13,55,0
754,67,2012,200,2012-10-14,21,16,0
759,67,2012,117,2012-10-14,24,0,0
762,67,2012,204,2012-10-14,5,55,10
763,67,2012,6,2012-10-14,3,55,15
768,67,2012,191,2012-10-14,2,55,18
770,67,2012,6,2012-10-14,4,55,12
782,67,2012,205,2012-10-14,18,54,0
783,67,2012,200,2012-10-14,20,53,0
789,67,2012,48,2012-10-14,23,1,0
795,67,2012,117,2012-10-14,10,55,1
796,67,2012,203,2012-10-14,17,54,0
798,67,2012,191,2012-10-14,1,55,25
805,67,2012,204,2012-10-14,7,55,6
806,67,2012,182,2012-10-14,22,16,0
807,67,2012,198,2012-10-14,6,55,8
808,67,2012,141,2012-10-14,15,55,0
809,67,2012,203,2012-10-14,16,54,0
812,67,2012,198,2012-10-14,12,55,0
814,67,2012,141,2012-10-14,14,55,0
815,67,2012,182,2012-10-14,11,55,0
816,67,2012,195,2012-10-14,9,55,2
817,67,2012,195,2012-10-14,8,55,4
818,67,2012,205,2012-10-14,19,53,0
703,68,2012,48,2012-10-28,22,55,0
754,68,2012,200,2012-10-28,23,43,0
759,68,2012,117,2012-10-28,5,60,10
762,68,2012,204,2012-10-28,7,60,6
763,68,2012,6,2012-10-28,2,60,18
768,68,2012,191,2012-10-28,3,60,15
770,68,2012,6,2012-10-28,6,60,8
782,68,2012,205,2012-10-28,20,58,0
783,68,2012,200,2012-10-28,21,58,0
789,68,2012,48,2012-10-28,11,60,0
795,68,2012,117,2012-10-28,4,60,12
796,68,2012,203,2012-10-28,18,59,0
798,68,2012,191,2012-10-28,1,60,25
805,68,2012,204,2012-10-28,9,60,2
806,68,2012,182,2012-10-28,14,60,0
807,68,2012,198,2012-10-28,8,60,4
808,68,2012,141,2012-10-28,10,60,1
809,68,2012,203,2012-10-28,17,59,0
812,68,2012,198,2012-10-28,12,60,0
814,68,2012,141,2012-10-28,16,59,0
815,68,2012,182,2012-10-28,24,21,0
816,68,2012,195,2012-10-28,13,60,0
817,68,2012,195,2012-10-28,15,59,0
818,68,2012,205,2012-10-28,19,59,0
703,66,2012,48,2012-11-04,11,55,0
754,66,2012,200,2012-11-04,17,55,0
759,66,2012,117,2012-11-04,4,55,12
762,66,2012,204,2012-11-04,1,55,25
763,66,2012,6,2012-11-04,2,55,18
768,66,2012,191,2012-11-04,20,37,0
770,66,2012,6,2012-11-04,7,55,6
782,66,2012,205,2012-11-04,14,55,0
783,66,2012,200,2012-11-04,22,7,0
789,66,2012,48,2012-11-04,23,7,0
795,66,2012,117,2012-11-04,21,19,0
796,66,2012,203,2012-11-04,13,55,0
798,66,2012,191,2012-11-04,3,55,15
805,66,2012,204,2012-11-04,19,37,0
806,66,2012,182,2012-11-04,6,55,8
807,66,2012,198,2012-11-04,24,0,0
808,66,2012,141,2012-11-04,8,55,4
809,66,2012,203,2012-11-04,16,55,0
812,66,2012,198,2012-11-04,9,55,2
814,66,2012,141,2012-11-04,5,55,10
815,66,2012,182,2012-11-04,15,55,0
816,66,2012,195,2012-11-04,10,55,1
817,66,2012,195,2012-11-04,12,55,0
818,66,2012,205,2012-11-04,18,41,0
703,69,2012,48,2012-11-18,16,55,0
754,69,2012,200,2012-11-18,21,54,0
759,69,2012,117,2012-11-18,5,56,10
762,69,2012,204,2012-11-18,6,56,8
763,69,2012,6,2012-11-18,3,56,15
768,69,2012,191,2012-11-18,23,16,0
770,69,2012,6,2012-11-18,4,56,12
782,69,2012,205,2012-11-18,19,55,0
783,69,2012,200,2012-11-18,22,54,0
789,69,2012,48,2012-11-18,13,56,0
795,69,2012,117,2012-11-18,1,56,25
796,69,2012,203,2012-11-18,18,55,0
798,69,2012,191,2012-11-18,2,56,18
805,69,2012,204,2012-11-18,7,56,6
806,69,2012,182,2012-11-18,14,55,0
807,69,2012,198,2012-11-18,8,56,4
808,69,2012,141,2012-11-18,10,56,1
809,69,2012,203,2012-11-18,17,55,0
812,69,2012,198,2012-11-18,15,55,0
814,69,2012,141,2012-11-18,9,56,2
815,69,2012,182,2012-11-18,11,56,0
816,69,2012,195,2012-11-18,12,56,0
817,69,2012,195,2012-11-18,24,14,0
818,69,2012,205,2012-11-18,20,54,0
703,37,2012,48,2012-11-25,7,71,6
754,37,2012,200,2012-11-25,17,69,0
759,37,2012,117,2012-11-25,1,71,25
762,37,2012,204,2012-11-25,10,70,1
763,37,2012,6,2012-11-25,2,71,18
768,37,2012,191,2012-11-25,4,71,12
770,37,2012,6,2012-11-25,3,71,15
782,37,2012,205,2012-11-25,16,70,0
783,37,2012,200,2012-11-25,18,69,0
789,37,2012,48,2012-11-25,15,70,0
795,37,2012,117,2012-11-25,20,54,0
796,37,2012,203,2012-11-25,14,70,0
798,37,2012,191,2012-11-25,6,71,8
805,37,2012,204,2012-11-25,21,5,0
806,37,2012,182,2012-11-25,9,71,2
807,37,2012,198,2012-11-25,5,71,10
808,37,2012,141,2012-11-25,23,0,0
809,37,2012,203,2012-11-25,11,70,0
812,37,2012,198,2012-11-25,19,68,0
814,37,2012,141,2012-11-25,22,1,0
815,37,2012,182,2012-11-25,24,0,0
816,37,2012,195,2012-11-25,13,70,0
817,37,2012,195,2012-11-25,8,71,4
818,37,2012,205,2012-11-25,12,70,0
759,59,2013,117,2013-03-17,9,58,2
762,59,2013,204,2013-03-17,1,58,25
763,59,2013,6,2013-03-17,2,58,18
768,59,2013,191,2013-03-17,6,58,8
770,59,2013,6,2013-03-17,4,58,12
789,59,2013,48,2013-03-17,20,26,0
795,59,2013,48,2013-03-17,5,58,10
797,59,2013,198,2013-03-17,7,58,6
798,59,2013,191,2013-03-17,3,58,15
805,59,2013,204,2013-03-17,10,58,1
807,59,2013,182,2013-03-17,22,0,0
812,59,2013,198,2013-03-17,8,58,4
814,59,2013,141,2013-03-17,21,24,0
815,59,2013,117,2013-03-17,11,58,0
816,59,2013,195,2013-03-17,19,39,0
817,59,2013,195,2013-03-17,12,58,0
818,59,2013,203,2013-03-17,16,56,0
819,59,2013,182,2013-03-17,13,57,0
820,59,2013,141,2013-03-17,14,57,0
821,59,2013,205,2013-03-17,15,57,0
822,59,2013,205,2013-03-17,17,56,0
823,59,2013,203,2013-03-17,18,56,0
759,60,2013,117,2013-03-24,17,53,0
762,60,2013,204,2013-03-24,7,56,6
763,60,2013,6,2013-03-24,22,1,0
768,60,2013,191,2013-03-24,2,56,18
770,60,2013,6,2013-03-24,5,56,10
789,60,2013,48,2013-03-24,4,56,12
795,60,2013,48,2013-03-24,3,56,15
797,60,2013,198,2013-03-24,20,27,0
798,60,2013,191,2013-03-24,1,56,25
805,60,2013,204,2013-03-24,6,56,8
807,60,2013,182,2013-03-24,8,56,4
812,60,2013,198,2013-03-24,21,22,0
814,60,2013,141,2013-03-24,19,45,0
815,60,2013,117,2013-03-24,9,56,2
816,60,2013,195,2013-03-24,18,51,0
817,60,2013,195,2013-03-24,10,56,1
818,60,2013,203,2013-03-24,14,55,0
819,60,2013,182,2013-03-24,12,55,0
820,60,2013,141,2013-03-24,11,56,0
821,60,2013,205,2013-03-24,13,55,0
822,60,2013,205,2013-03-24,16,54,0
823,60,2013,203,2013-03-24,15,55,0
759,62,2013,117,2013-04-14,5,56,10
762,62,2013,204,2013-04-14,2,56,18
763,62,2013,6,2013-04-14,1,56,25
768,62,2013,191,2013-04-14,20,15,0
770,62,2013,6,2013-04-14,6,56,8
789,62,2013,48,2013-04-14,19,21,0
795,62,2013,48,2013-04-14,3,56,15
797,62,2013,198,2013-04-14,21,5,0
798,62,2013,191,2013-04-14,4,56,12
805,62,2013,204,2013-04-14,9,56,2
807,62,2013,182,2013-04-14,10,56,1
812,62,2013,198,2013-04-14,8,56,4
814,62,2013,141,2013-04-14,14,56,0
815,62,2013,117,2013-04-14,11,56,0
816,62,2013,195,2013-04-14,7,56,6
817,62,2013,195,2013-04-14,12,56,0
818,62,2013,203,2013-04-14,16,55,0
819,62,2013,182,2013-04-14,22,4,0
820,62,2013,141,2013-04-14,13,56,0
821,62,2013,205,2013-04-14,15,55,0
822,62,2013,205,2013-04-14,17,55,0
823,62,2013,203,2013-04-14,18,55,0
759,61,2013,117,2013-04-21,10,57,1
762,61,2013,204,2013-04-21,2,57,18
763,61,2013,6,2013-04-21,8,57,4
768,61,2013,191,2013-04-21,7,57,6
770,61,2013,6,2013-04-21,15,57,0
789,61,2013,48,2013-04-21,9,57,2
795,61,2013,48,2013-04-21,5,57,10
797,61,2013,198,2013-04-21,13,57,0
798,61,2013,191,2013-04-21,1,57,25
805,61,2013,204,2013-04-21,3,57,15
807,61,2013,182,2013-04-21,12,57,0
812,61,2013,198,2013-04-21,4,57,12
814,61,2013,141,2013-04-21,11,57,0
815,61,2013,117,2013-04-21,6,57,8
816,61,2013,195,2013-04-21,16,56,0
817,61,2013,195,2013-04-21,22,16,0
818,61,2013,203,2013-04-21,17,56,0
819,61,2013,182,2013-04-21,18,56,0
820,61,2013,141,2013-04-21,14,57,0
821,61,2013,205,2013-04-21,19,56,0
822,61,2013,205,2013-04-21,20,56,0
823,61,2013,203,2013-04-21,21,55,0
759,56,2013,117,2013-05-12,8,66,4
762,56,2013,204,2013-05-12,2,66,18
763,56,2013,6,2013-05-12,1,66,25
768,56,2013,191,2013-05-12,5,66,10
770,56,2013,6,2013-05-12,3,66,15
789,56,2013,48,2013-05-12,6,66,8
795,56,2013,48,2013-05-12,12,65,0
797,56,2013,198,2013-05-12,13,65,0
798,56,2013,191,2013-05-12,4,66,12
805,56,2013,204,2013-05-12,22,8,0
807,56,2013,182,2013-05-12,15,65,0
812,56,2013,198,2013-05-12,7,66,6
814,56,2013,141,2013-05-12,14,65,0
815,56,2013,117,2013-05-12,9,66,2
816,56,2013,195,2013-05-12,10,65,1
817,56,2013,195,2013-05-12,20,52,0
818,56,2013,203,2013-05-12,17,65,0
819,56,2013,182,2013-05-12,11,65,0
820,56,2013,141,2013-05-12,16,65,0
821,56,2013,205,2013-05-12,18,64,0
822,56,2013,205,2013-05-12,19,64,0
823,56,2013,203,2013-05-12,21,21,0
759,2,2013,117,2013-05-26,6,78,8
762,2,2013,204,2013-05-26,10,78,1
763,2,2013,6,2013-05-26,7,78,6
768,2,2013,191,2013-05-26,3,78,15
770,2,2013,6,2013-05-26,21,28,0
789,2,2013,48,2013-05-26,1,78,25
795,2,2013,48,2013-05-26,4,78,12
797,2,2013,198,2013-05-26,5,78,10
798,2,2013,191,2013-05-26,2,78,18
805,2,2013,204,2013-05-26,17,63,0
807,2,2013,182,2013-05-26,11,78,0
812,2,2013,198,2013-05-26,9,78,2
814,2,2013,141,2013-05-26,20,44,0
815,2,2013,117,2013-05-26,16,72,0
816,2,2013,195,2013-05-26,18,61,0
817,2,2013,195,2013-05-26,8,78,4
818,2,2013,203,2013-05-26,22,7,0
819,2,2013,182,2013-05-26,13,78,0
820,2,2013,141,2013-05-26,12,78,0
821,2,2013,205,2013-05-26,19,58,0
822,2,2013,205,2013-05-26,14,78,0
823,2,2013,203,2013-05-26,15,78,0
759,44,2013,117,2013-06-09,12,69,0
762,44,2013,204,2013-06-09,9,69,2
763,44,2013,6,2013-06-09,2,70,18
768,44,2013,191,2013-06-09,4,70,12
770,44,2013,6,2013-06-09,8,69,4
789,44,2013,48,2013-06-09,5,70,10
795,44,2013,48,2013-06-09,3,70,15
797,44,2013,198,2013-06-09,10,69,1
798,44,2013,191,2013-06-09,1,70,25
805,44,2013,204,2013-06-09,13,69,0
807,44,2013,182,2013-06-09,21,45,0
812,44,2013,198,2013-06-09,7,69,6
814,44,2013,141,2013-06-09,16,68,0
815,44,2013,117,2013-06-09,11,69,0
816,44,2013,195,2013-06-09,15,68,0
817,44,2013,195,2013-06-09,6,69,8
818,44,2013,203,2013-06-09,18,67,0
819,44,2013,182,2013-06-09,20,63,0
820,44,2013,141,2013-06-09,14,69,0
821,44,2013,205,2013-06-09,17,68,0
822,44,2013,205,2013-06-09,19,67,0
823,44,2013,203,2013-06-09,22,43,0
759,1,2013,117,2013-06-30,13,52,0
762,1,2013,204,2013-06-30,5,52,10
763,1,2013,6,2013-06-30,3,52,15
768,1,2013,191,2013-06-30,2,52,18
770,1,2013,6,2013-06-30,6,52,8
789,1,2013,48,2013-06-30,1,52,25
795,1,2013,48,2013-06-30,4,52,12
797,1,2013,198,2013-06-30,7,52,6
798,1,2013,191,2013-06-30,21,41,0
805,1,2013,204,2013-06-30,19,51,0
807,1,2013,182,2013-06-30,10,52,1
812,1,2013,198,2013-06-30,9,52,2
814,1,2013,141,2013-06-30,11,52,0
815,1,2013,117,2013-06-30,20,46,0
816,1,2013,195,2013-06-30,8,52,4
817,1,2013,195,2013-06-30,22,35,0
818,1,2013,203,2013-06-30,15,52,0
819,1,2013,182,2013-06-30,14,52,0
820,1,2013,141,2013-06-30,12,52,0
821,1,2013,205,2013-06-30,16,52,0
822,1,2013,205,2013-06-30,17,52,0
823,1,2013,203,2013-06-30,18,52,0
759,8,2013,117,2013-07-07,6,60,8
762,8,2013,204,2013-07-07,2,60,18
763,8,2013,6,2013-07-07,4,60,12
768,8,2013,191,2013-07-07,7,60,6
770,8,2013,6,2013-07-07,22,3,0
789,8,2013,48,2013-07-07,9,60,2
795,8,2013,48,2013-07-07,5,60,10
797,8,2013,198,2013-07-07,13,60,0
798,8,2013,191,2013-07-07,1,60,25
805,8,2013,204,2013-07-07,3,60,15
807,8,2013,182,2013-07-07,10,60,1
812,8,2013,198,2013-07-07,11,60,0
814,8,2013,141,2013-07-07,15,60,0
815,8,2013,117,2013-07-07,8,60,4
816,8,2013,195,2013-07-07,12,60,0
817,8,2013,195,2013-07-07,20,22,0
818,8,2013,203,2013-07-07,17,59,0
819,8,2013,182,2013-07-07,14,60,0
820,8,2013,141,2013-07-07,16,59,0
821,8,2013,205,2013-07-07,21,21,0
822,8,2013,205,2013-07-07,19,59,0
823,8,2013,203,2013-07-07,18,59,0
759,52,2013,117,2013-07-28,7,70,6
762,52,2013,204,2013-07-28,2,70,18
763,52,2013,6,2013-07-28,5,70,10
768,52,2013,191,2013-07-28,4,70,12
770,52,2013,6,2013-07-28,8,70,4
789,52,2013,48,2013-07-28,19,64,0
795,52,2013,48,2013-07-28,1,70,25
797,52,2013,198,2013-07-28,22,19,0
798,52,2013,191,2013-07-28,3,70,15
805,52,2013,204,2013-07-28,6,70,8
807,52,2013,182,2013-07-28,11,69,0
812,52,2013,198,2013-07-28,18,66,0
814,52,2013,141,2013-07-28,10,69,1
815,52,2013,117,2013-07-28,9,69,2
816,52,2013,195,2013-07-28,13,69,0
817,52,2013,195,2013-07-28,12,69,0
818,52,2013,203,2013-07-28,15,68,0
819,52,2013,182,2013-07-28,21,28,0
820,52,2013,141,2013-07-28,20,42,0
821,52,2013,205,2013-07-28,16,67,0
822,52,2013,205,2013-07-28,17,67,0
823,52,2013,203,2013-07-28,14,68,0
759,5,2013,117,2013-08-25,6,44,8
762,5,2013,204,2013-08-25,21,25,0
763,5,2013,6,2013-08-25,2,44,18
768,5,2013,191,2013-08-25,5,44,10
770,5,2013,6,2013-08-25,7,44,6
789,5,2013,48,2013-08-25,4,44,12
795,5,2013,48,2013-08-25,3,44,15
797,5,2013,198,2013-08-25,9,44,2
798,5,2013,191,2013-08-25,1,44,25
805,5,2013,204,2013-08-25,8,44,4
807,5,2013,182,2013-08-25,13,44,0
812,5,2013,198,2013-08-25,20,26,0
814,5,2013,141,2013-08-25,17,43,0
815,5,2013,117,2013-08-25,11,44,0
816,5,2013,195,2013-08-25,10,44,1
817,5,2013,195,2013-08-25,12,44,0
818,5,2013,203,2013-08-25,22,8,0
819,5,2013,182,2013-08-25,14,44,0
820,5,2013,141,2013-08-25,15,44,0
821,5,2013,205,2013-08-25,18,43,0
822,5,2013,205,2013-08-25,19,42,0
823,5,2013,203,2013-08-25,16,43,0
759,7,2013,117,2013-09-08,10,53,1
762,7,2013,204,2013-09-08,11,53,0
763,7,2013,6,2013-09-08,2,53,18
768,7,2013,191,2013-09-08,3,53,15
770,7,2013,6,2013-09-08,4,53,12
789,7,2013,48,2013-09-08,6,53,8
795,7,2013,48,2013-09-08,9,53,2
797,7,2013,198,2013-09-08,16,52,0
798,7,2013,191,2013-09-08,1,53,25
805,7,2013,204,2013-09-08,8,53,4
807,7,2013,182,2013-09-08,5,53,10
812,7,2013,198,2013-09-08,22,0,0
814,7,2013,141,2013-09-08,14,53,0
815,7,2013,117,2013-09-08,12,53,0
816,7,2013,195,2013-09-08,7,53,6
817,7,2013,195,2013-09-08,21,14,0
818,7,2013,203,2013-09-08,17,52,0
819,7,2013,182,2013-09-08,13,53,0
820,7,2013,141,2013-09-08,15,53,0
821,7,2013,205,2013-09-08,19,52,0
822,7,2013,205,2013-09-08,20,52,0
823,7,2013,203,2013-09-08,18,52,0
759,65,2013,117,2013-09-22,7,61,6
762,65,2013,204,2013-09-22,3,61,15
763,65,2013,6,2013-09-22,2,61,18
768,65,2013,191,2013-09-22,15,60,0
770,65,2013,6,2013-09-22,6,61,8
789,65,2013,48,2013-09-22,4,61,12
795,65,2013,48,2013-09-22,5,61,10
797,65,2013,198,2013-09-22,10,61,1
798,65,2013,191,2013-09-22,1,61,25
805,65,2013,204,2013-09-22,21,37,0
807,65,2013,182,2013-09-22,9,61,2
812,65,2013,198,2013-09-22,20,54,0
814,65,2013,141,2013-09-22,11,61,0
815,65,2013,117,2013-09-22,8,61,4
816,65,2013,195,2013-09-22,22,23,0
817,65,2013,195,2013-09-22,14,61,0
818,65,2013,203,2013-09-22,19,60,0
819,65,2013,182,2013-09-22,12,61,0
820,65,2013,141,2013-09-22,13,61,0
821,65,2013,205,2013-09-22,18,60,0
822,65,2013,205,2013-09-22,17,60,0
823,65,2013,203,2013-09-22,16,60,0
759,67,2013,117,2013-10-06,8,55,4
762,67,2013,204,2013-10-06,2,55,18
763,67,2013,6,2013-10-06,6,55,8
768,67,2013,191,2013-10-06,21,36,0
770,67,2013,6,2013-10-06,9,55,2
789,67,2013,48,2013-10-06,7,55,6
795,67,2013,48,2013-10-06,5,55,10
797,67,2013,198,2013-10-06,20,50,0
798,67,2013,191,2013-10-06,1,55,25
805,67,2013,204,2013-10-06,3,55,15
807,67,2013,182,2013-10-06,4,55,12
812,67,2013,198,2013-10-06,22,24,0
814,67,2013,141,2013-10-06,13,55,0
815,67,2013,117,2013-10-06,10,55,1
816,67,2013,195,2013-10-06,19,52,0
817,67,2013,195,2013-10-06,18,53,0
818,67,2013,203,2013-10-06,14,55,0
819,67,2013,182,2013-10-06,11,55,0
820,67,2013,141,2013-10-06,12,55,0
821,67,2013,205,2013-10-06,16,55,0
822,67,2013,205,2013-10-06,17,55,0
823,67,2013,203,2013-10-06,15,55,0
759,53,2013,117,2013-10-13,9,53,2
762,53,2013,204,2013-10-13,5,53,10
763,53,2013,6,2013-10-13,4,53,12
768,53,2013,191,2013-10-13,2,53,18
770,53,2013,6,2013-10-13,10,53,1
789,53,2013,48,2013-10-13,8,53,4
795,53,2013,48,2013-10-13,20,7,0
797,53,2013,198,2013-10-13,14,52,0
798,53,2013,191,2013-10-13,1,53,25
805,53,2013,204,2013-10-13,3,53,15
807,53,2013,182,2013-10-13,6,53,8
812,53,2013,198,2013-10-13,11,53,0
814,53,2013,141,2013-10-13,16,52,0
815,53,2013,117,2013-10-13,15,52,0
816,53,2013,195,2013-10-13,13,52,0
817,53,2013,195,2013-10-13,12,52,0
818,53,2013,203,2013-10-13,18,52,0
819,53,2013,182,2013-10-13,7,53,6
820,53,2013,141,2013-10-13,17,52,0
821,53,2013,205,2013-10-13,22,0,0
822,53,2013,205,2013-10-13,19,52,0
823,53,2013,203,2013-10-13,21,0,0
759,68,2013,117,2013-10-27,14,59,0
762,68,2013,204,2013-10-27,7,60,6
763,68,2013,6,2013-10-27,11,60,0
768,68,2013,191,2013-10-27,20,39,0
770,68,2013,6,2013-10-27,4,60,12
789,68,2013,48,2013-10-27,2,60,18
795,68,2013,48,2013-10-27,6,60,8
797,68,2013,198,2013-10-27,9,60,2
798,68,2013,191,2013-10-27,1,60,25
805,68,2013,204,2013-10-27,3,60,15
807,68,2013,182,2013-10-27,19,54,0
812,68,2013,198,2013-10-27,8,60,4
814,68,2013,141,2013-10-27,12,60,0
815,68,2013,117,2013-10-27,5,60,10
816,68,2013,195,2013-10-27,10,60,1
817,68,2013,195,2013-10-27,13,59,0
818,68,2013,203,2013-10-27,21,35,0
819,68,2013,182,2013-10-27,15,59,0
820,68,2013,141,2013-10-27,16,59,0
821,68,2013,205,2013-10-27,18,58,0
822,68,2013,205,2013-10-27,17,58,0
823,68,2013,203,2013-10-27,22,1,0
759,66,2013,117,2013-11-03,12,55,0
762,66,2013,204,2013-11-03,22,0,0
763,66,2013,6,2013-11-03,5,55,10
768,66,2013,191,2013-11-03,2,55,18
770,66,2013,6,2013-11-03,8,55,4
789,66,2013,48,2013-11-03,3,55,15
795,66,2013,48,2013-11-03,7,55,6
797,66,2013,198,2013-11-03,10,55,1
798,66,2013,191,2013-11-03,1,55,25
805,66,2013,204,2013-11-03,4,55,12
807,66,2013,182,2013-11-03,14,54,0
812,66,2013,198,2013-11-03,6,55,8
814,66,2013,141,2013-11-03,11,55,0
815,66,2013,117,2013-11-03,9,55,2
816,66,2013,195,2013-11-03,16,54,0
817,66,2013,195,2013-11-03,17,54,0
818,66,2013,203,2013-11-03,19,54,0
819,66,2013,182,2013-11-03,13,55,0
820,66,2013,141,2013-11-03,15,54,0
821,66,2013,205,2013-11-03,20,53,0
822,66,2013,205,2013-11-03,21,53,0
823,66,2013,203,2013-11-03,18,54,0
759,69,2013,117,2013-11-17,10,56,1
763,69,2013,6,2013-11-17,5,56,10
768,69,2013,191,2013-11-17,3,56,15
770,69,2013,6,2013-11-17,13,56,0
789,69,2013,48,2013-11-17,9,56,2
795,69,2013,48,2013-11-17,4,56,12
796,69,2013,204,2013-11-17,15,56,0
797,69,2013,198,2013-11-17,22,0,0
798,69,2013,191,2013-11-17,1,56,25
805,69,2013,204,2013-11-17,2,56,18
807,69,2013,182,2013-11-17,6,56,8
812,69,2013,198,2013-11-17,16,56,0
814,69,2013,141,2013-11-17,17,55,0
815,69,2013,117,2013-11-17,7,56,6
816,69,2013,195,2013-11-17,11,56,0
817,69,2013,195,2013-11-17,12,56,0
818,69,2013,203,2013-11-17,20,55,0
819,69,2013,182,2013-11-17,14,56,0
820,69,2013,141,2013-11-17,8,56,4
821,69,2013,205,2013-11-17,18,55,0
822,69,2013,205,2013-11-17,21,54,0
823,69,2013,203,2013-11-17,19,55,0
759,37,2013,117,2013-11-24,4,71,12
763,37,2013,6,2013-11-24,3,71,15
768,37,2013,191,2013-11-24,2,71,18
770,37,2013,6,2013-11-24,7,71,6
789,37,2013,48,2013-11-24,5,71,10
795,37,2013,48,2013-11-24,9,71,2
796,37,2013,204,2013-11-24,14,70,0
797,37,2013,198,2013-11-24,13,70,0
798,37,2013,191,2013-11-24,1,71,25
805,37,2013,204,2013-11-24,22,2,0
807,37,2013,182,2013-11-24,8,71,4
812,37,2013,198,2013-11-24,11,70,0
814,37,2013,141,2013-11-24,16,70,0
815,37,2013,117,2013-11-24,6,71,8
816,37,2013,195,2013-11-24,10,70,1
817,37,2013,195,2013-11-24,15,70,0
818,37,2013,203,2013-11-24,20,58,0
819,37,2013,182,2013-11-24,12,70,0
820,37,2013,141,2013-11-24,21,45,0
821,37,2013,205,2013-11-24,17,69,0
822,37,2013,205,2013-11-24,19,69,0
823,37,2013,203,2013-11-24,18,69,0
759,59,2014,117,2014-03-16,3,57,15
762,59,2014,6,2014-03-16,7,57,6
763,59,2014,6,2014-03-16,4,57,12
770,59,2014,141,2014-03-16,20,0,0
789,59,2014,48,2014-03-16,1,57,25
795,59,2014,48,2014-03-16,19,2,0
797,59,2014,182,2014-03-16,11,56,0
798,59,2014,191,2014-03-16,18,3,0
805,59,2014,204,2014-03-16,15,43,0
806,59,2014,203,2014-03-16,21,0,0
807,59,2014,198,2014-03-16,6,57,8
814,59,2014,204,2014-03-16,16,29,0
815,59,2014,198,2014-03-16,10,57,1
816,59,2014,191,2014-03-16,22,57,0
817,59,2014,195,2014-03-16,8,57,4
819,59,2014,182,2014-03-16,12,56,0
820,59,2014,141,2014-03-16,5,57,10
821,59,2014,205,2014-03-16,14,49,0
822,59,2014,205,2014-03-16,13,55,0
824,59,2014,117,2014-03-16,2,57,18
825,59,2014,195,2014-03-16,9,57,2
826,59,2014,203,2014-03-16,17,27,0
759,60,2014,117,2014-03-30,6,56,8
762,60,2014,6,2014-03-30,12,55,0
763,60,2014,6,2014-03-30,4,56,12
770,60,2014,141,2014-03-30,7,56,6
789,60,2014,48,2014-03-30,2,56,18
795,60,2014,48,2014-03-30,1,56,25
797,60,2014,182,2014-03-30,18,32,0
798,60,2014,191,2014-03-30,3,56,15
805,60,2014,204,2014-03-30,11,55,0
806,60,2014,203,2014-03-30,13,55,0
807,60,2014,198,2014-03-30,5,56,10
814,60,2014,204,2014-03-30,21,7,0
815,60,2014,198,2014-03-30,22,0,0
816,60,2014,191,2014-03-30,16,49,0
817,60,2014,195,2014-03-30,19,18,0
819,60,2014,182,2014-03-30,17,35,0
820,60,2014,141,2014-03-30,8,56,4
821,60,2014,205,2014-03-30,20,8,0
822,60,2014,205,2014-03-30,15,54,0
824,60,2014,117,2014-03-30,9,55,2
825,60,2014,195,2014-03-30,10,55,1
826,60,2014,203,2014-03-30,14,54,0
759,61,2014,117,2014-04-06,17,55,0
762,61,2014,6,2014-04-06,10,57,1
763,61,2014,6,2014-04-06,9,57,2
770,61,2014,141,2014-04-06,7,57,6
789,61,2014,48,2014-04-06,2,57,18
795,61,2014,48,2014-04-06,1,57,25
797,61,2014,182,2014-04-06,22,17,0
798,61,2014,191,2014-04-06,6,57,8
805,61,2014,204,2014-04-06,12,57,0
806,61,2014,203,2014-04-06,15,57,0
807,61,2014,198,2014-04-06,5,57,10
814,61,2014,204,2014-04-06,14,57,0
815,61,2014,198,2014-04-06,3,57,15
816,61,2014,191,2014-04-06,4,57,12
817,61,2014,195,2014-04-06,21,18,0
819,61,2014,182,2014-04-06,19,39,0
820,61,2014,141,2014-04-06,8,57,4
821,61,2014,205,2014-04-06,16,56,0
822,61,2014,205,2014-04-06,13,57,0
824,61,2014,117,2014-04-06,18,40,0
825,61,2014,195,2014-04-06,11,57,0
826,61,2014,203,2014-04-06,20,33,0
759,62,2014,117,2014-04-20,11,53,0
762,62,2014,6,2014-04-20,8,54,4
763,62,2014,6,2014-04-20,3,54,15
770,62,2014,141,2014-04-20,15,53,0
789,62,2014,48,2014-04-20,2,54,18
795,62,2014,48,2014-04-20,1,54,25
797,62,2014,182,2014-04-20,22,5,0
798,62,2014,191,2014-04-20,5,54,10
805,62,2014,204,2014-04-20,21,28,0
806,62,2014,203,2014-04-20,18,53,0
807,62,2014,198,2014-04-20,6,54,8
814,62,2014,204,2014-04-20,14,53,0
815,62,2014,198,2014-04-20,9,54,2
816,62,2014,191,2014-04-20,4,54,12
817,62,2014,195,2014-04-20,12,53,0
819,62,2014,182,2014-04-20,16,53,0
820,62,2014,141,2014-04-20,7,54,6
821,62,2014,205,2014-04-20,17,53,0
822,62,2014,205,2014-04-20,19,52,0
824,62,2014,117,2014-04-20,13,53,0
825,62,2014,195,2014-04-20,10,53,1
826,62,2014,203,2014-04-20,20,52,0
759,56,2014,117,2014-05-11,11,65,0
762,56,2014,6,2014-05-11,7,65,6
763,56,2014,6,2014-05-11,6,66,8
770,56,2014,141,2014-05-11,13,65,0
789,56,2014,48,2014-05-11,2,66,18
795,56,2014,48,2014-05-11,1,66,25
797,56,2014,182,2014-05-11,17,65,0
798,56,2014,191,2014-05-11,4,66,12
805,56,2014,204,2014-05-11,8,65,4
806,56,2014,203,2014-05-11,21,34,0
807,56,2014,198,2014-05-11,10,65,1
814,56,2014,204,2014-05-11,15,65,0
815,56,2014,198,2014-05-11,9,65,2
816,56,2014,191,2014-05-11,3,66,15
817,56,2014,195,2014-05-11,22,24,0
819,56,2014,182,2014-05-11,16,65,0
820,56,2014,141,2014-05-11,5,66,10
821,56,2014,205,2014-05-11,18,64,0
822,56,2014,205,2014-05-11,19,64,0
824,56,2014,117,2014-05-11,12,65,0
825,56,2014,195,2014-05-11,14,65,0
826,56,2014,203,2014-05-11,20,64,0
759,2,2014,117,2014-05-25,6,77,8
762,2,2014,6,2014-05-25,12,77,0
763,2,2014,6,2014-05-25,4,78,12
770,2,2014,141,2014-05-25,7,77,6
789,2,2014,48,2014-05-25,1,78,25
795,2,2014,48,2014-05-25,2,78,18
797,2,2014,182,2014-05-25,18,23,0
798,2,2014,191,2014-05-25,20,5,0
805,2,2014,204,2014-05-25,8,77,4
806,2,2014,203,2014-05-25,13,75,0
807,2,2014,198,2014-05-25,5,77,10
814,2,2014,204,2014-05-25,22,0,0
815,2,2014,198,2014-05-25,21,0,0
816,2,2014,191,2014-05-25,3,78,15
817,2,2014,195,2014-05-25,17,50,0
819,2,2014,182,2014-05-25,15,59,0
820,2,2014,141,2014-05-25,16,55,0
821,2,2014,205,2014-05-25,9,77,2
822,2,2014,205,2014-05-25,14,75,0
824,2,2014,117,2014-05-25,10,77,1
825,2,2014,195,2014-05-25,19,10,0
826,2,2014,203,2014-05-25,11,77,0
759,44,2014,117,2014-06-08,4,70,12
762,44,2014,6,2014-06-08,10,70,1
763,44,2014,6,2014-06-08,6,70,8
770,44,2014,141,2014-06-08,12,69,0
789,44,2014,48,2014-06-08,2,70,18
795,44,2014,48,2014-06-08,17,46,0
797,44,2014,182,2014-06-08,13,69,0
798,44,2014,191,2014-06-08,3,70,15
805,44,2014,204,2014-06-08,15,59,0
806,44,2014,203,2014-06-08,18,23,0
807,44,2014,198,2014-06-08,5,70,10
814,44,2014,204,2014-06-08,19,21,0
815,44,2014,198,2014-06-08,11,69,0
816,44,2014,191,2014-06-08,1,70,25
817,44,2014,195,2014-06-08,8,70,4
819,44,2014,182,2014-06-08,14,64,0
820,44,2014,141,2014-06-08,7,70,6
821,44,2014,205,2014-06-08,22,0,0
822,44,2014,205,2014-06-08,21,0,0
824,44,2014,117,2014-06-08,9,70,2
825,44,2014,195,2014-06-08,16,47,0
826,44,2014,203,2014-06-08,20,7,0
759,34,2014,117,2014-06-22,11,71,0
762,34,2014,6,2014-06-22,10,71,1
763,34,2014,6,2014-06-22,5,71,10
770,34,2014,141,2014-06-22,4,71,12
789,34,2014,48,2014-06-22,1,71,25
795,34,2014,48,2014-06-22,2,71,18
797,34,2014,182,2014-06-22,13,70,0
798,34,2014,191,2014-06-22,21,34,0
805,34,2014,204,2014-06-22,14,70,0
806,34,2014,203,2014-06-22,16,69,0
807,34,2014,198,2014-06-22,9,71,2
814,34,2014,204,2014-06-22,12,70,0
815,34,2014,198,2014-06-22,6,71,8
816,34,2014,191,2014-06-22,8,71,4
817,34,2014,195,2014-06-22,20,59,0
819,34,2014,182,2014-06-22,19,69,0
820,34,2014,141,2014-06-22,3,71,15
821,34,2014,205,2014-06-22,15,69,0
822,34,2014,205,2014-06-22,17,69,0
824,34,2014,117,2014-06-22,7,71,6
825,34,2014,195,2014-06-22,22,24,0
826,34,2014,203,2014-06-22,18,69,0
759,1,2014,117,2014-07-06,4,52,12
762,1,2014,6,2014-07-06,22,0,0
763,1,2014,6,2014-07-06,6,52,8
770,1,2014,141,2014-07-06,21,0,0
789,1,2014,48,2014-07-06,18,28,0
795,1,2014,48,2014-07-06,1,52,25
797,1,2014,182,2014-07-06,13,51,0
798,1,2014,191,2014-07-06,5,52,10
805,1,2014,204,2014-07-06,12,51,0
806,1,2014,203,2014-07-06,15,50,0
807,1,2014,198,2014-07-06,8,52,4
814,1,2014,204,2014-07-06,17,49,0
815,1,2014,198,2014-07-06,11,51,0
816,1,2014,191,2014-07-06,3,52,15
817,1,2014,195,2014-07-06,10,51,1
819,1,2014,182,2014-07-06,20,9,0
820,1,2014,141,2014-07-06,2,52,18
821,1,2014,205,2014-07-06,14,51,0
822,1,2014,205,2014-07-06,16,50,0
824,1,2014,117,2014-07-06,7,52,6
825,1,2014,195,2014-07-06,9,52,2
826,1,2014,203,2014-07-06,19,11,0
759,33,2014,117,2014-07-20,8,67,4
762,33,2014,6,2014-07-20,11,66,0
763,33,2014,6,2014-07-20,5,67,10
770,33,2014,141,2014-07-20,22,0,0
789,33,2014,48,2014-07-20,1,67,25
795,33,2014,48,2014-07-20,3,67,15
797,33,2014,182,2014-07-20,19,47,0
798,33,2014,191,2014-07-20,4,67,12
805,33,2014,204,2014-07-20,21,26,0
806,33,2014,203,2014-07-20,16,65,0
807,33,2014,198,2014-07-20,7,67,6
814,33,2014,204,2014-07-20,12,66,0
815,33,2014,198,2014-07-20,10,66,1
816,33,2014,191,2014-07-20,6,67,8
817,33,2014,195,2014-07-20,13,66,0
819,33,2014,182,2014-07-20,14,66,0
820,33,2014,141,2014-07-20,2,67,18
821,33,2014,205,2014-07-20,15,66,0
822,33,2014,205,2014-07-20,17,65,0
824,33,2014,117,2014-07-20,9,66,2
825,33,2014,195,2014-07-20,20,44,0
826,33,2014,203,2014-07-20,18,65,0
759,52,2014,117,2014-07-27,10,70,1
762,52,2014,6,2014-07-27,6,70,8
763,52,2014,6,2014-07-27,2,70,18
770,52,2014,141,2014-07-27,5,70,10
789,52,2014,48,2014-07-27,4,70,12
795,52,2014,48,2014-07-27,3,70,15
797,52,2014,182,2014-07-27,11,70,0
798,52,2014,191,2014-07-27,7,70,6
805,52,2014,204,2014-07-27,21,11,0
806,52,2014,203,2014-07-27,18,26,0
807,52,2014,198,2014-07-27,20,16,0
814,52,2014,204,2014-07-27,13,70,0
815,52,2014,198,2014-07-27,19,23,0
816,52,2014,191,2014-07-27,1,70,25
817,52,2014,195,2014-07-27,9,70,2
819,52,2014,182,2014-07-27,17,33,0
820,52,2014,141,2014-07-27,8,70,4
821,52,2014,205,2014-07-27,15,69,0
822,52,2014,205,2014-07-27,16,69,0
824,52,2014,117,2014-07-27,12,70,0
825,52,2014,195,2014-07-27,14,69,0
826,52,2014,203,2014-07-27,22,8,0
759,5,2014,117,2014-08-24,6,44,8
762,5,2014,6,2014-08-24,4,44,12
763,5,2014,6,2014-08-24,7,44,6
770,5,2014,141,2014-08-24,13,44,0
789,5,2014,48,2014-08-24,2,44,18
795,5,2014,48,2014-08-24,19,38,0
797,5,2014,182,2014-08-24,14,44,0
798,5,2014,191,2014-08-24,5,44,10
805,5,2014,204,2014-08-24,20,33,0
807,5,2014,198,2014-08-24,10,44,1
814,5,2014,204,2014-08-24,21,1,0
815,5,2014,198,2014-08-24,8,44,4
816,5,2014,191,2014-08-24,1,44,25
817,5,2014,195,2014-08-24,11,44,0
819,5,2014,182,2014-08-24,15,44,0
820,5,2014,141,2014-08-24,3,44,15
821,5,2014,205,2014-08-24,18,39,0
822,5,2014,205,2014-08-24,16,43,0
824,5,2014,117,2014-08-24,12,44,0
825,5,2014,195,2014-08-24,9,44,2
826,5,2014,203,2014-08-24,17,43,0
827,5,2014,203,2014-08-24,22,1,0
759,7,2014,117,2014-09-07,8,53,4
762,7,2014,6,2014-09-07,9,53,2
763,7,2014,6,2014-09-07,21,28,0
770,7,2014,141,2014-09-07,3,53,15
789,7,2014,48,2014-09-07,2,53,18
795,7,2014,48,2014-09-07,1,53,25
797,7,2014,182,2014-09-07,15,52,0
798,7,2014,191,2014-09-07,6,53,8
805,7,2014,204,2014-09-07,16,52,0
806,7,2014,203,2014-09-07,17,52,0
807,7,2014,198,2014-09-07,12,53,0
814,7,2014,204,2014-09-07,14,52,0
815,7,2014,198,2014-09-07,7,53,6
816,7,2014,191,2014-09-07,5,53,10
817,7,2014,195,2014-09-07,13,53,0
819,7,2014,182,2014-09-07,19,51,0
820,7,2014,141,2014-09-07,4,53,12
821,7,2014,205,2014-09-07,18,52,0
822,7,2014,205,2014-09-07,22,5,0
824,7,2014,117,2014-09-07,10,53,1
825,7,2014,195,2014-09-07,11,53,0
826,7,2014,203,2014-09-07,20,51,0
759,65,2014,117,2014-09-21,18,52,0
762,65,2014,6,2014-09-21,8,60,4
763,65,2014,6,2014-09-21,4,60,12
770,65,2014,141,2014-09-21,5,60,10
789,65,2014,48,2014-09-21,21,13,0
795,65,2014,48,2014-09-21,1,60,25
797,65,2014,182,2014-09-21,19,40,0
798,65,2014,191,2014-09-21,2,60,18
805,65,2014,204,2014-09-21,13,60,0
806,65,2014,203,2014-09-21,22,0,0
807,65,2014,198,2014-09-21,9,60,2
814,65,2014,204,2014-09-21,12,60,0
815,65,2014,198,2014-09-21,7,60,6
816,65,2014,191,2014-09-21,3,60,15
817,65,2014,195,2014-09-21,6,60,8
819,65,2014,182,2014-09-21,20,17,0
820,65,2014,141,2014-09-21,11,60,0
821,65,2014,205,2014-09-21,16,60,0
822,65,2014,205,2014-09-21,17,59,0
824,65,2014,117,2014-09-21,10,60,1
825,65,2014,195,2014-09-21,14,60,0
826,65,2014,203,2014-09-21,15,60,0
759,53,2014,117,2014-10-05,5,44,10
762,53,2014,6,2014-10-05,12,43,0
763,53,2014,6,2014-10-05,22,2,0
770,53,2014,141,2014-10-05,7,44,6
789,53,2014,48,2014-10-05,2,44,18
795,53,2014,48,2014-10-05,1,44,25
797,53,2014,182,2014-10-05,21,40,0
798,53,2014,191,2014-10-05,3,44,15
805,53,2014,204,2014-10-05,15,43,0
806,53,2014,203,2014-10-05,19,43,0
807,53,2014,198,2014-10-05,8,44,4
814,53,2014,204,2014-10-05,16,43,0
815,53,2014,198,2014-10-05,10,43,1
816,53,2014,191,2014-10-05,4,44,12
817,53,2014,195,2014-10-05,9,44,2
819,53,2014,182,2014-10-05,13,43,0
820,53,2014,141,2014-10-05,6,44,8
821,53,2014,205,2014-10-05,20,41,0
822,53,2014,205,2014-10-05,18,43,0
824,53,2014,117,2014-10-05,14,43,0
825,53,2014,195,2014-10-05,11,43,0
826,53,2014,203,2014-10-05,17,43,0
759,70,2014,117,2014-10-12,4,53,12
762,70,2014,6,2014-10-12,9,53,2
763,70,2014,6,2014-10-12,6,53,8
770,70,2014,141,2014-10-12,11,53,0
789,70,2014,48,2014-10-12,2,53,18
795,70,2014,48,2014-10-12,1,53,25
797,70,2014,182,2014-10-12,16,52,0
798,70,2014,191,2014-10-12,8,53,4
805,70,2014,204,2014-10-12,17,52,0
806,70,2014,203,2014-10-12,20,21,0
807,70,2014,198,2014-10-12,12,53,0
814,70,2014,204,2014-10-12,18,52,0
815,70,2014,198,2014-10-12,10,53,1
816,70,2014,191,2014-10-12,7,53,6
817,70,2014,195,2014-10-12,13,53,0
819,70,2014,182,2014-10-12,15,52,0
820,70,2014,141,2014-10-12,3,53,15
822,70,2014,205,2014-10-12,21,9,0
824,70,2014,117,2014-10-12,5,53,10
825,70,2014,195,2014-10-12,14,52,0
826,70,2014,203,2014-10-12,19,51,0
759,69,2014,117,2014-11-02,12,55,0
762,69,2014,6,2014-11-02,13,55,0
763,69,2014,6,2014-11-02,6,56,8
770,69,2014,141,2014-11-02,4,56,12
789,69,2014,48,2014-11-02,2,56,18
795,69,2014,48,2014-11-02,1,56,25
797,69,2014,182,2014-11-02,18,0,0
798,69,2014,191,2014-11-02,7,56,6
805,69,2014,204,2014-11-02,11,55,0
807,69,2014,198,2014-11-02,16,16,0
814,69,2014,204,2014-11-02,9,56,2
815,69,2014,198,2014-11-02,17,1,0
816,69,2014,191,2014-11-02,3,56,15
817,69,2014,195,2014-11-02,10,56,1
819,69,2014,182,2014-11-02,14,55,0
820,69,2014,141,2014-11-02,5,56,10
824,69,2014,117,2014-11-02,8,56,4
825,69,2014,195,2014-11-02,15,55,0
759,37,2014,117,2014-11-09,4,71,12
762,37,2014,6,2014-11-09,7,71,6
763,37,2014,6,2014-11-09,6,71,8
770,37,2014,141,2014-11-09,3,71,15
789,37,2014,48,2014-11-09,1,71,25
795,37,2014,48,2014-11-09,2,71,18
797,37,2014,182,2014-11-09,16,70,0
798,37,2014,191,2014-11-09,5,71,10
805,37,2014,204,2014-11-09,17,63,0
807,37,2014,198,2014-11-09,8,71,4
814,37,2014,204,2014-11-09,12,70,0
815,37,2014,198,2014-11-09,15,70,0
816,37,2014,191,2014-11-09,18,39,0
817,37,2014,195,2014-11-09,13,70,0
819,37,2014,182,2014-11-09,14,70,0
820,37,2014,141,2014-11-09,10,70,1
824,37,2014,117,2014-11-09,9,71,2
825,37,2014,195,2014-11-09,11,70,0
759,66,2014,117,2014-11-23,5,55,20
762,66,2014,6,2014-11-23,10,55,2
763,66,2014,6,2014-11-23,9,55,4
770,66,2014,141,2014-11-23,2,55,36
789,66,2014,48,2014-11-23,14,54,0
795,66,2014,48,2014-11-23,1,55,50
797,66,2014,182,2014-11-23,16,54,0
798,66,2014,191,2014-11-23,8,55,8
805,66,2014,204,2014-11-23,13,54,0
806,66,2014,203,2014-11-23,18,42,0
807,66,2014,198,2014-11-23,6,55,16
814,66,2014,204,2014-11-23,19,26,0
815,66,2014,198,2014-11-23,7,55,12
816,66,2014,191,2014-11-23,4,55,24
817,66,2014,195,2014-11-23,12,55,0
819,66,2014,182,2014-11-23,15,54,0
820,66,2014,141,2014-11-23,3,55,30
824,66,2014,117,2014-11-23,11,55,0
825,66,2014,195,2014-11-23,20,14,0
828,66,2014,203,2014-11-23,17,54,0
759,59,2015,117,2015-03-15,11,56,0
762,59,2015,6,2015-03-15,12,40,0
770,59,2015,141,2015-03-15,4,58,12
789,59,2015,48,2015-03-15,2,58,18
795,59,2015,48,2015-03-15,1,58,25
798,59,2015,6,2015-03-15,3,58,15
805,59,2015,204,2015-03-15,14,0,0
807,59,2015,198,2015-03-15,7,57,6
814,59,2015,204,2015-03-15,15,0,0
815,59,2015,198,2015-03-15,10,57,1
816,59,2015,191,2015-03-15,6,57,8
820,59,2015,141,2015-03-15,18,0,0
824,59,2015,117,2015-03-15,17,0,0
825,59,2015,191,2015-03-15,16,0,0
826,59,2015,182,2015-03-15,8,57,4
829,59,2015,182,2015-03-15,5,58,10
830,59,2015,195,2015-03-15,9,57,2
831,59,2015,195,2015-03-15,13,32,0
759,60,2015,117,2015-03-29,17,41,0
762,60,2015,6,2015-03-29,4,56,12
763,60,2015,117,2015-03-29,18,21,0
770,60,2015,141,2015-03-29,6,56,8
789,60,2015,48,2015-03-29,3,56,15
795,60,2015,48,2015-03-29,2,56,18
798,60,2015,6,2015-03-29,1,56,25
805,60,2015,204,2015-03-29,11,55,0
807,60,2015,198,2015-03-29,14,55,0
814,60,2015,204,2015-03-29,16,47,0
815,60,2015,198,2015-03-29,13,55,0
816,60,2015,191,2015-03-29,10,55,1
820,60,2015,141,2015-03-29,5,56,10
825,60,2015,191,2015-03-29,9,55,2
826,60,2015,182,2015-03-29,19,3,0
828,60,2015,206,2015-03-29,20,0,0
829,60,2015,182,2015-03-29,12,55,0
830,60,2015,195,2015-03-29,8,55,4
831,60,2015,195,2015-03-29,7,56,6
832,60,2015,206,2015-03-29,15,53,0
759,62,2015,117,2015-04-12,14,55,0
762,62,2015,6,2015-04-12,4,56,12
763,62,2015,117,2015-04-12,12,55,0
770,62,2015,141,2015-04-12,5,56,10
789,62,2015,48,2015-04-12,2,56,18
795,62,2015,48,2015-04-12,1,56,25
798,62,2015,6,2015-04-12,3,56,15
805,62,2015,204,2015-04-12,7,56,6
807,62,2015,198,2015-04-12,20,9,0
814,62,2015,204,2015-04-12,18,49,0
815,62,2015,198,2015-04-12,11,55,0
816,62,2015,191,2015-04-12,9,56,2
820,62,2015,141,2015-04-12,6,56,8
825,62,2015,191,2015-04-12,19,15,0
826,62,2015,182,2015-04-12,10,55,1
828,62,2015,206,2015-04-12,15,54,0
829,62,2015,182,2015-04-12,8,56,4
830,62,2015,195,2015-04-12,13,55,0
831,62,2015,195,2015-04-12,17,52,0
832,62,2015,206,2015-04-12,16,54,0
759,61,2015,117,2015-04-19,20,0,0
762,61,2015,6,2015-04-19,2,57,18
763,61,2015,117,2015-04-19,11,56,0
770,61,2015,141,2015-04-19,10,56,1
789,61,2015,48,2015-04-19,3,57,15
795,61,2015,48,2015-04-19,1,57,25
798,61,2015,6,2015-04-19,5,57,10
805,61,2015,204,2015-04-19,7,57,6
807,61,2015,198,2015-04-19,13,56,0
814,61,2015,204,2015-04-19,15,56,0
815,61,2015,198,2015-04-19,8,56,4
816,61,2015,191,2015-04-19,6,57,8
820,61,2015,141,2015-04-19,4,57,12
825,61,2015,191,2015-04-19,9,56,2
826,61,2015,182,2015-04-19,14,56,0
828,61,2015,206,2015-04-19,16,55,0
829,61,2015,182,2015-04-19,12,56,0
830,61,2015,195,2015-04-19,19,29,0
831,61,2015,195,2015-04-19,18,34,0
832,61,2015,206,2015-04-19,17,54,0
759,56,2015,117,2015-05-10,16,65,0
762,56,2015,6,2015-05-10,5,66,10
763,56,2015,117,2015-05-10,20,26,0
770,56,2015,141,2015-05-10,6,66,8
789,56,2015,48,2015-05-10,1,66,25
795,56,2015,48,2015-05-10,2,66,18
798,56,2015,6,2015-05-10,3,66,15
805,56,2015,204,2015-05-10,8,65,4
807,56,2015,198,2015-05-10,15,65,0
814,56,2015,204,2015-05-10,19,45,0
815,56,2015,198,2015-05-10,13,65,0
816,56,2015,191,2015-05-10,7,65,6
820,56,2015,141,2015-05-10,4,66,12
825,56,2015,191,2015-05-10,10,65,1
826,56,2015,182,2015-05-10,14,65,0
828,56,2015,206,2015-05-10,17,63,0
829,56,2015,182,2015-05-10,12,65,0
830,56,2015,195,2015-05-10,9,65,2
831,56,2015,195,2015-05-10,11,65,0
832,56,2015,206,2015-05-10,18,62,0
759,2,2015,117,2015-05-24,8,78,4
762,2,2015,6,2015-05-24,6,78,8
763,2,2015,117,2015-05-24,19,41,0
770,2,2015,141,2015-05-24,15,77,0
789,2,2015,48,2015-05-24,1,78,25
795,2,2015,48,2015-05-24,3,78,15
798,2,2015,6,2015-05-24,2,78,18
805,2,2015,204,2015-05-24,12,78,0
807,2,2015,198,2015-05-24,11,78,0
814,2,2015,204,2015-05-24,20,5,0
815,2,2015,198,2015-05-24,7,78,6
816,2,2015,191,2015-05-24,5,78,10
820,2,2015,141,2015-05-24,14,78,0
825,2,2015,191,2015-05-24,4,78,12
826,2,2015,182,2015-05-24,13,78,0
828,2,2015,206,2015-05-24,17,76,0
829,2,2015,182,2015-05-24,9,78,2
830,2,2015,195,2015-05-24,10,78,1
831,2,2015,195,2015-05-24,18,62,0
832,2,2015,206,2015-05-24,16,76,0
759,44,2015,117,2015-06-07,19,54,0
762,44,2015,6,2015-06-07,4,70,12
763,44,2015,117,2015-06-07,20,44,0
770,44,2015,141,2015-06-07,6,70,8
789,44,2015,48,2015-06-07,2,70,18
795,44,2015,48,2015-06-07,1,70,25
798,44,2015,6,2015-06-07,5,70,10
805,44,2015,204,2015-06-07,10,69,1
807,44,2015,198,2015-06-07,8,69,4
814,44,2015,204,2015-06-07,7,70,6
815,44,2015,198,2015-06-07,11,69,0
816,44,2015,191,2015-06-07,13,69,0
820,44,2015,141,2015-06-07,3,70,15
825,44,2015,191,2015-06-07,9,69,2
826,44,2015,182,2015-06-07,14,69,0
828,44,2015,206,2015-06-07,17,66,0
829,44,2015,182,2015-06-07,16,68,0
830,44,2015,195,2015-06-07,12,69,0
831,44,2015,195,2015-06-07,15,69,0
832,44,2015,206,2015-06-07,18,57,0
759,34,2015,117,2015-06-21,17,8,0
762,34,2015,6,2015-06-21,19,0,0
763,34,2015,117,2015-06-21,20,0,0
770,34,2015,141,2015-06-21,3,71,15
789,34,2015,48,2015-06-21,1,71,25
795,34,2015,48,2015-06-21,2,71,18
798,34,2015,6,2015-06-21,4,71,12
805,34,2015,204,2015-06-21,15,35,0
807,34,2015,198,2015-06-21,6,71,8
814,34,2015,204,2015-06-21,7,70,6
815,34,2015,198,2015-06-21,9,70,2
816,34,2015,191,2015-06-21,10,70,1
820,34,2015,141,2015-06-21,5,71,10
825,34,2015,191,2015-06-21,12,70,0
826,34,2015,182,2015-06-21,13,69,0
828,34,2015,206,2015-06-21,18,1,0
829,34,2015,182,2015-06-21,11,70,0
830,34,2015,195,2015-06-21,16,35,0
831,34,2015,195,2015-06-21,8,70,4
832,34,2015,206,2015-06-21,14,68,0
759,1,2015,117,2015-07-05,19,0,0
762,1,2015,6,2015-07-05,8,51,4
763,1,2015,117,2015-07-05,10,51,1
770,1,2015,141,2015-07-05,4,52,12
789,1,2015,48,2015-07-05,2,52,18
795,1,2015,48,2015-07-05,1,52,25
798,1,2015,6,2015-07-05,3,52,15
805,1,2015,204,2015-07-05,17,0,0
807,1,2015,198,2015-07-05,7,52,6
814,1,2015,204,2015-07-05,18,0,0
815,1,2015,198,2015-07-05,9,51,2
816,1,2015,191,2015-07-05,15,21,0
820,1,2015,141,2015-07-05,5,52,10
825,1,2015,191,2015-07-05,6,52,8
826,1,2015,182,2015-07-05,11,51,0
828,1,2015,206,2015-07-05,13,49,0
829,1,2015,182,2015-07-05,20,0,0
830,1,2015,195,2015-07-05,14,31,0
831,1,2015,195,2015-07-05,16,3,0
832,1,2015,206,2015-07-05,12,49,0
759,52,2015,117,2015-07-26,9,69,2
762,52,2015,6,2015-07-26,18,55,0
763,52,2015,117,2015-07-26,5,69,10
770,52,2015,141,2015-07-26,12,69,0
789,52,2015,48,2015-07-26,8,69,4
795,52,2015,48,2015-07-26,6,69,8
798,52,2015,6,2015-07-26,1,69,25
805,52,2015,204,2015-07-26,7,69,6
807,52,2015,198,2015-07-26,20,41,0
814,52,2015,204,2015-07-26,14,69,0
815,52,2015,198,2015-07-26,19,53,0
816,52,2015,191,2015-07-26,3,69,15
820,52,2015,141,2015-07-26,13,69,0
825,52,2015,191,2015-07-26,2,69,18
826,52,2015,182,2015-07-26,10,69,1
828,52,2015,206,2015-07-26,16,65,0
829,52,2015,182,2015-07-26,11,69,0
830,52,2015,195,2015-07-26,17,60,0
831,52,2015,195,2015-07-26,4,69,12
832,52,2015,206,2015-07-26,15,67,0
759,5,2015,117,2015-08-23,14,42,0
762,5,2015,6,2015-08-23,7,43,6
763,5,2015,117,2015-08-23,13,42,0
770,5,2015,141,2015-08-23,6,43,8
789,5,2015,48,2015-08-23,2,43,18
795,5,2015,48,2015-08-23,1,43,25
798,5,2015,6,2015-08-23,12,42,0
805,5,2015,204,2015-08-23,3,43,15
807,5,2015,198,2015-08-23,20,0,0
814,5,2015,204,2015-08-23,19,2,0
815,5,2015,198,2015-08-23,5,43,10
816,5,2015,191,2015-08-23,18,19,0
820,5,2015,141,2015-08-23,9,43,2
825,5,2015,191,2015-08-23,4,43,12
826,5,2015,182,2015-08-23,10,43,1
828,5,2015,206,2015-08-23,16,42,0
829,5,2015,182,2015-08-23,11,43,0
830,5,2015,195,2015-08-23,17,32,0
831,5,2015,195,2015-08-23,8,43,4
832,5,2015,206,2015-08-23,15,42,0
759,7,2015,117,2015-09-06,14,52,0
762,7,2015,6,2015-09-06,5,53,10
763,7,2015,117,2015-09-06,18,47,0
770,7,2015,141,2015-09-06,3,53,15
789,7,2015,48,2015-09-06,17,50,0
795,7,2015,48,2015-09-06,1,53,25
798,7,2015,6,2015-09-06,2,53,18
805,7,2015,204,2015-09-06,19,1,0
807,7,2015,198,2015-09-06,7,52,6
814,7,2015,204,2015-09-06,20,1,0
815,7,2015,198,2015-09-06,6,53,8
816,7,2015,191,2015-09-06,8,52,4
820,7,2015,141,2015-09-06,4,53,12
825,7,2015,191,2015-09-06,10,52,1
826,7,2015,182,2015-09-06,9,52,2
828,7,2015,206,2015-09-06,15,51,0
829,7,2015,182,2015-09-06,13,52,0
830,7,2015,195,2015-09-06,11,52,0
831,7,2015,195,2015-09-06,12,52,0
832,7,2015,206,2015-09-06,16,51,0
759,65,2015,117,2015-09-20,16,52,0
762,65,2015,6,2015-09-20,3,61,15
763,65,2015,117,2015-09-20,17,33,0
770,65,2015,141,2015-09-20,19,30,0
789,65,2015,48,2015-09-20,4,61,12
795,65,2015,48,2015-09-20,18,32,0
798,65,2015,6,2015-09-20,1,61,25
805,65,2015,204,2015-09-20,13,59,0
807,65,2015,198,2015-09-20,20,12,0
814,65,2015,204,2015-09-20,12,61,0
815,65,2015,198,2015-09-20,7,61,6
816,65,2015,191,2015-09-20,2,61,18
820,65,2015,141,2015-09-20,5,61,10
825,65,2015,191,2015-09-20,6,61,8
826,65,2015,182,2015-09-20,11,61,0
828,65,2015,206,2015-09-20,15,59,0
829,65,2015,182,2015-09-20,10,61,1
830,65,2015,195,2015-09-20,9,61,2
831,65,2015,195,2015-09-20,8,61,4
833,65,2015,206,2015-09-20,14,59,0
759,53,2015,117,2015-09-27,16,52,0
762,53,2015,6,2015-09-27,4,53,12
763,53,2015,117,2015-09-27,11,52,0
770,53,2015,141,2015-09-27,17,51,0
789,53,2015,48,2015-09-27,2,53,18
795,53,2015,48,2015-09-27,1,53,25
798,53,2015,6,2015-09-27,3,53,15
805,53,2015,204,2015-09-27,7,53,6
807,53,2015,198,2015-09-27,6,53,8
814,53,2015,204,2015-09-27,8,53,4
815,53,2015,198,2015-09-27,12,52,0
816,53,2015,191,2015-09-27,15,52,0
820,53,2015,141,2015-09-27,5,53,10
825,53,2015,191,2015-09-27,13,52,0
826,53,2015,182,2015-09-27,14,52,0
828,53,2015,206,2015-09-27,19,50,0
829,53,2015,182,2015-09-27,20,49,0
830,53,2015,195,2015-09-27,10,52,1
831,53,2015,195,2015-09-27,9,53,2
833,53,2015,206,2015-09-27,18,51,0
759,70,2015,117,2015-10-11,9,53,2
762,70,2015,6,2015-10-11,8,53,4
763,70,2015,117,2015-10-11,11,53,0
770,70,2015,141,2015-10-11,4,53,12
789,70,2015,48,2015-10-11,18,7,0
795,70,2015,48,2015-10-11,1,53,25
798,70,2015,6,2015-10-11,2,53,18
805,70,2015,204,2015-10-11,17,11,0
807,70,2015,198,2015-10-11,19,0,0
814,70,2015,204,2015-10-11,7,53,6
815,70,2015,198,2015-10-11,3,53,15
816,70,2015,191,2015-10-11,15,47,0
820,70,2015,141,2015-10-11,12,52,0
825,70,2015,191,2015-10-11,5,53,10
826,70,2015,182,2015-10-11,20,0,0
828,70,2015,206,2015-10-11,14,51,0
829,70,2015,182,2015-10-11,6,53,8
830,70,2015,195,2015-10-11,16,45,0
831,70,2015,195,2015-10-11,10,53,1
832,70,2015,206,2015-10-11,13,52,0
759,69,2015,117,2015-10-25,6,56,8
762,69,2015,6,2015-10-25,16,25,0
763,69,2015,117,2015-10-25,11,56,0
770,69,2015,141,2015-10-25,17,23,0
789,69,2015,48,2015-10-25,2,56,18
795,69,2015,48,2015-10-25,1,56,25
798,69,2015,6,2015-10-25,3,56,15
805,69,2015,204,2015-10-25,18,10,0
807,69,2015,198,2015-10-25,14,35,0
814,69,2015,204,2015-10-25,8,56,4
815,69,2015,198,2015-10-25,5,56,10
816,69,2015,191,2015-10-25,10,56,1
820,69,2015,141,2015-10-25,19,5,0
825,69,2015,191,2015-10-25,13,41,0
826,69,2015,182,2015-10-25,15,25,0
828,69,2015,206,2015-10-25,20,1,0
829,69,2015,182,2015-10-25,9,56,2
830,69,2015,195,2015-10-25,7,56,6
831,69,2015,195,2015-10-25,4,56,12
833,69,2015,206,2015-10-25,12,56,0
759,23,2015,117,2015-11-01,14,71,0
762,23,2015,6,2015-11-01,19,21,0
763,23,2015,117,2015-11-01,20,1,0
770,23,2015,141,2015-11-01,6,71,8
789,23,2015,48,2015-11-01,1,71,25
795,23,2015,48,2015-11-01,2,71,18
798,23,2015,6,2015-11-01,18,50,0
805,23,2015,204,2015-11-01,10,71,1
807,23,2015,198,2015-11-01,7,71,6
814,23,2015,204,2015-11-01,11,71,0
815,23,2015,198,2015-11-01,8,71,4
816,23,2015,191,2015-11-01,5,71,10
820,23,2015,141,2015-11-01,3,71,15
825,23,2015,191,2015-11-01,4,71,12
826,23,2015,182,2015-11-01,12,71,0
828,23,2015,206,2015-11-01,16,69,0
829,23,2015,182,2015-11-01,17,57,0
830,23,2015,195,2015-11-01,13,71,0
831,23,2015,195,2015-11-01,9,71,2
833,23,2015,206,2015-11-01,15,69,0
759,37,2015,117,2015-11-15,14,70,0
762,37,2015,6,2015-11-15,4,71,12
763,37,2015,117,2015-11-15,15,70,0
770,37,2015,141,2015-11-15,20,70,0
789,37,2015,48,2015-11-15,1,71,25
795,37,2015,48,2015-11-15,2,71,18
798,37,2015,6,2015-11-15,3,71,15
805,37,2015,204,2015-11-15,8,70,4
807,37,2015,198,2015-11-15,6,70,8
814,37,2015,204,2015-11-15,10,70,1
815,37,2015,198,2015-11-15,12,70,0
816,37,2015,191,2015-11-15,11,70,0
820,37,2015,141,2015-11-15,5,70,10
825,37,2015,191,2015-11-15,7,70,6
826,37,2015,182,2015-11-15,16,69,0
828,37,2015,206,2015-11-15,17,67,0
829,37,2015,182,2015-11-15,13,70,0
830,37,2015,195,2015-11-15,19,0,0
831,37,2015,195,2015-11-15,9,70,2
833,37,2015,206,2015-11-15,18,67,0
759,66,2015,117,2015-11-29,12,54,0
762,66,2015,6,2015-11-29,3,55,15
763,66,2015,117,2015-11-29,17,53,0
770,66,2015,141,2015-11-29,8,55,4
789,66,2015,48,2015-11-29,1,55,25
795,66,2015,48,2015-11-29,2,55,18
798,66,2015,6,2015-11-29,4,55,12
805,66,2015,204,2015-11-29,9,55,2
807,66,2015,198,2015-11-29,7,55,6
814,66,2015,204,2015-11-29,20,0,0
815,66,2015,198,2015-11-29,5,55,10
816,66,2015,191,2015-11-29,6,55,8
820,66,2015,141,2015-11-29,13,54,0
825,66,2015,191,2015-11-29,10,55,1
826,66,2015,182,2015-11-29,14,54,0
828,66,2015,206,2015-11-29,18,53,0
829,66,2015,182,2015-11-29,15,54,0
830,66,2015,195,2015-11-29,11,55,0
831,66,2015,195,2015-11-29,16,54,0
832,66,2015,206,2015-11-29,19,52,0
759,59,2016,117,2016-03-20,14,56,0
762,59,2016,6,2016-03-20,18,21,0
763,59,2016,117,2016-03-20,21,16,0
770,59,2016,141,2016-03-20,5,57,10
789,59,2016,48,2016-03-20,1,57,25
795,59,2016,48,2016-03-20,2,57,18
798,59,2016,6,2016-03-20,3,57,15
805,59,2016,207,2016-03-20,6,57,8
807,59,2016,198,2016-03-20,7,57,6
815,59,2016,198,2016-03-20,13,57,0
816,59,2016,191,2016-03-20,4,57,12
819,59,2016,207,2016-03-20,20,16,0
820,59,2016,141,2016-03-20,8,57,4
824,59,2016,152,2016-03-20,12,57,0
825,59,2016,191,2016-03-20,22,0,0
826,59,2016,182,2016-03-20,17,38,0
829,59,2016,182,2016-03-20,15,56,0
830,59,2016,195,2016-03-20,9,57,2
831,59,2016,195,2016-03-20,10,57,1
834,59,2016,152,2016-03-20,11,57,0
835,59,2016,206,2016-03-20,16,56,0
836,59,2016,206,2016-03-20,19,17,0
759,61,2016,117,2016-04-03,20,6,0
762,61,2016,6,2016-04-03,2,57,18
770,61,2016,141,2016-04-03,8,56,4
789,61,2016,48,2016-04-03,1,57,25
795,61,2016,48,2016-04-03,3,57,15
798,61,2016,6,2016-04-03,21,0,0
805,61,2016,207,2016-04-03,5,57,10
807,61,2016,198,2016-04-03,15,56,0
815,61,2016,198,2016-04-03,16,56,0
816,61,2016,191,2016-04-03,4,57,12
819,61,2016,207,2016-04-03,19,9,0
820,61,2016,141,2016-04-03,9,56,2
824,61,2016,152,2016-04-03,11,56,0
825,61,2016,191,2016-04-03,7,56,6
826,61,2016,182,2016-04-03,12,56,0
829,61,2016,182,2016-04-03,14,56,0
830,61,2016,195,2016-04-03,18,29,0
831,61,2016,195,2016-04-03,6,57,8
834,61,2016,152,2016-04-03,22,0,0
835,61,2016,206,2016-04-03,13,56,0
836,61,2016,206,2016-04-03,17,56,0
837,61,2016,117,2016-04-03,10,56,1
759,62,2016,117,2016-04-17,13,56,0
762,62,2016,6,2016-04-17,5,56,10
763,62,2016,117,2016-04-17,12,56,0
770,62,2016,141,2016-04-17,6,56,8
789,62,2016,48,2016-04-17,1,56,25
795,62,2016,48,2016-04-17,7,56,6
798,62,2016,6,2016-04-17,2,56,18
805,62,2016,207,2016-04-17,19,55,0
807,62,2016,198,2016-04-17,15,55,0
815,62,2016,198,2016-04-17,11,56,0
816,62,2016,191,2016-04-17,4,56,12
819,62,2016,207,2016-04-17,14,55,0
820,62,2016,141,2016-04-17,10,56,1
824,62,2016,152,2016-04-17,17,55,0
825,62,2016,191,2016-04-17,3,56,15
826,62,2016,182,2016-04-17,16,55,0
829,62,2016,182,2016-04-17,20,55,0
830,62,2016,195,2016-04-17,9,56,2
831,62,2016,195,2016-04-17,8,56,4
834,62,2016,152,2016-04-17,22,55,0
835,62,2016,206,2016-04-17,18,55,0
836,62,2016,206,2016-04-17,21,55,0
759,70,2016,117,2016-05-01,10,52,1
762,70,2016,6,2016-05-01,3,53,15
763,70,2016,117,2016-05-01,6,52,8
770,70,2016,141,2016-05-01,5,53,10
789,70,2016,48,2016-05-01,1,53,25
795,70,2016,48,2016-05-01,2,53,18
798,70,2016,6,2016-05-01,20,0,0
805,70,2016,207,2016-05-01,8,52,4
807,70,2016,198,2016-05-01,21,0,0
815,70,2016,198,2016-05-01,9,52,2
816,70,2016,191,2016-05-01,11,52,0
819,70,2016,207,2016-05-01,17,52,0
820,70,2016,141,2016-05-01,4,53,12
824,70,2016,152,2016-05-01,7,52,6
825,70,2016,191,2016-05-01,15,52,0
826,70,2016,182,2016-05-01,14,52,0
829,70,2016,182,2016-05-01,16,52,0
830,70,2016,195,2016-05-01,12,52,0
831,70,2016,195,2016-05-01,19,33,0
834,70,2016,152,2016-05-01,13,52,0
835,70,2016,206,2016-05-01,18,51,0
836,70,2016,206,2016-05-01,22,0,0
759,56,2016,117,2016-05-15,9,65,2
762,56,2016,6,2016-05-15,2,66,18
763,56,2016,117,2016-05-15,19,45,0
770,56,2016,141,2016-05-15,8,66,4
789,56,2016,48,2016-05-15,22,0,0
795,56,2016,48,2016-05-15,21,0,0
798,56,2016,6,2016-05-15,3,66,15
805,56,2016,207,2016-05-15,18,56,0
807,56,2016,198,2016-05-15,20,20,0
815,56,2016,198,2016-05-15,7,66,6
816,56,2016,191,2016-05-15,4,66,12
819,56,2016,207,2016-05-15,11,65,0
820,56,2016,141,2016-05-15,5,66,10
824,56,2016,152,2016-05-15,14,65,0
825,56,2016,195,2016-05-15,10,65,1
826,56,2016,182,2016-05-15,12,65,0
829,56,2016,182,2016-05-15,15,65,0
830,56,2016,195,2016-05-15,6,66,8
831,56,2016,191,2016-05-15,1,66,25
834,56,2016,152,2016-05-15,13,65,0
835,56,2016,206,2016-05-15,16,65,0
836,56,2016,206,2016-05-15,17,65,0
759,2,2016,117,2016-05-29,9,77,2
762,2,2016,6,2016-05-29,21,10,0
763,2,2016,117,2016-05-29,5,78,10
770,2,2016,141,2016-05-29,10,77,1
789,2,2016,48,2016-05-29,7,78,6
795,2,2016,48,2016-05-29,1,78,25
798,2,2016,6,2016-05-29,4,78,12
805,2,2016,207,2016-05-29,13,76,0
807,2,2016,198,2016-05-29,6,78,8
815,2,2016,198,2016-05-29,3,78,15
816,2,2016,191,2016-05-29,2,78,18
819,2,2016,207,2016-05-29,11,77,0
820,2,2016,141,2016-05-29,12,77,0
824,2,2016,152,2016-05-29,19,32,0
825,2,2016,195,2016-05-29,20,18,0
826,2,2016,182,2016-05-29,16,51,0
829,2,2016,182,2016-05-29,17,48,0
830,2,2016,195,2016-05-29,8,77,4
831,2,2016,191,2016-05-29,18,34,0
834,2,2016,152,2016-05-29,22,7,0
835,2,2016,206,2016-05-29,14,76,0
836,2,2016,206,2016-05-29,15,74,0
759,44,2016,117,2016-06-12,22,9,0
762,44,2016,6,2016-06-12,6,70,8
763,44,2016,117,2016-06-12,11,69,0
770,44,2016,141,2016-06-12,20,35,0
789,44,2016,48,2016-06-12,5,70,10
795,44,2016,48,2016-06-12,1,70,25
798,44,2016,6,2016-06-12,2,70,18
805,44,2016,207,2016-06-12,14,68,0
807,44,2016,198,2016-06-12,8,69,4
815,44,2016,198,2016-06-12,10,69,1
816,44,2016,191,2016-06-12,7,70,6
819,44,2016,207,2016-06-12,13,68,0
820,44,2016,141,2016-06-12,3,70,15
824,44,2016,152,2016-06-12,16,68,0
825,44,2016,195,2016-06-12,12,69,0
826,44,2016,182,2016-06-12,15,68,0
829,44,2016,182,2016-06-12,18,68,0
830,44,2016,195,2016-06-12,9,69,2
831,44,2016,191,2016-06-12,4,70,12
834,44,2016,152,2016-06-12,21,16,0
835,44,2016,206,2016-06-12,17,68,0
836,44,2016,206,2016-06-12,19,68,0
759,71,2016,117,2016-06-19,11,51,0
762,71,2016,6,2016-06-19,4,51,12
763,71,2016,117,2016-06-19,19,42,0
770,71,2016,141,2016-06-19,10,51,1
789,71,2016,48,2016-06-19,1,51,25
795,71,2016,48,2016-06-19,5,51,10
798,71,2016,6,2016-06-19,2,51,18
805,71,2016,207,2016-06-19,13,50,0
807,71,2016,198,2016-06-19,9,51,2
815,71,2016,198,2016-06-19,3,51,15
816,71,2016,191,2016-06-19,7,51,6
819,71,2016,207,2016-06-19,16,50,0
820,71,2016,141,2016-06-19,6,51,8
824,71,2016,152,2016-06-19,14,50,0
825,71,2016,195,2016-06-19,22,6,0
826,71,2016,182,2016-06-19,17,50,0
829,71,2016,182,2016-06-19,12,50,0
830,71,2016,195,2016-06-19,21,31,0
831,71,2016,191,2016-06-19,8,51,4
834,71,2016,152,2016-06-19,15,50,0
835,71,2016,206,2016-06-19,20,39,0
836,71,2016,206,2016-06-19,18,49,0
759,34,2016,117,2016-07-03,6,71,8
762,34,2016,6,2016-07-03,3,71,15
763,34,2016,117,2016-07-03,18,64,0
770,34,2016,141,2016-07-03,20,63,0
789,34,2016,48,2016-07-03,4,71,12
795,34,2016,48,2016-07-03,1,71,25
798,34,2016,6,2016-07-03,21,26,0
805,34,2016,207,2016-07-03,7,71,6
807,34,2016,198,2016-07-03,19,64,0
815,34,2016,198,2016-07-03,17,69,0
816,34,2016,191,2016-07-03,5,71,10
819,34,2016,207,2016-07-03,11,70,0
820,34,2016,141,2016-07-03,9,70,2
824,34,2016,152,2016-07-03,14,70,0
825,34,2016,195,2016-07-03,22,2,0
826,34,2016,182,2016-07-03,15,70,0
829,34,2016,182,2016-07-03,13,70,0
830,34,2016,195,2016-07-03,8,71,4
831,34,2016,191,2016-07-03,2,71,18
834,34,2016,152,2016-07-03,12,70,0
835,34,2016,206,2016-07-03,10,70,1
836,34,2016,206,2016-07-03,16,70,0
759,1,2016,117,2016-07-10,12,51,0
762,1,2016,6,2016-07-10,5,52,10
763,1,2016,117,2016-07-10,13,51,0
770,1,2016,141,2016-07-10,11,51,0
789,1,2016,48,2016-07-10,3,52,15
795,1,2016,48,2016-07-10,1,52,25
798,1,2016,6,2016-07-10,9,52,2
805,1,2016,207,2016-07-10,20,17,0
807,1,2016,198,2016-07-10,7,52,6
815,1,2016,198,2016-07-10,6,52,8
816,1,2016,191,2016-07-10,4,52,12
819,1,2016,207,2016-07-10,16,51,0
820,1,2016,141,2016-07-10,14,51,0
824,1,2016,152,2016-07-10,17,49,0
825,1,2016,195,2016-07-10,10,52,1
826,1,2016,182,2016-07-10,21,11,0
829,1,2016,182,2016-07-10,15,51,0
830,1,2016,195,2016-07-10,8,52,4
831,1,2016,191,2016-07-10,2,52,18
834,1,2016,152,2016-07-10,18,37,0
835,1,2016,206,2016-07-10,22,6,0
836,1,2016,206,2016-07-10,19,24,0
759,52,2016,117,2016-07-24,22,60,0
762,52,2016,6,2016-07-24,6,70,8
763,52,2016,117,2016-07-24,7,69,6
770,52,2016,141,2016-07-24,18,68,0
789,52,2016,48,2016-07-24,2,70,18
795,52,2016,48,2016-07-24,1,70,25
798,52,2016,6,2016-07-24,4,70,12
805,52,2016,207,2016-07-24,14,69,0
807,52,2016,198,2016-07-24,10,69,1
815,52,2016,198,2016-07-24,11,69,0
816,52,2016,191,2016-07-24,3,70,15
819,52,2016,207,2016-07-24,13,69,0
820,52,2016,141,2016-07-24,9,69,2
824,52,2016,152,2016-07-24,15,69,0
825,52,2016,195,2016-07-24,16,69,0
826,52,2016,182,2016-07-24,20,68,0
829,52,2016,182,2016-07-24,17,69,0
830,52,2016,195,2016-07-24,8,69,4
831,52,2016,191,2016-07-24,5,70,10
834,52,2016,152,2016-07-24,12,69,0
835,52,2016,206,2016-07-24,19,68,0
836,52,2016,206,2016-07-24,21,68,0
759,33,2016,117,2016-07-31,8,66,4
762,33,2016,6,2016-07-31,6,67,8
763,33,2016,117,2016-07-31,12,66,0
770,33,2016,141,2016-07-31,22,36,0
789,33,2016,48,2016-07-31,4,67,12
795,33,2016,48,2016-07-31,1,67,25
798,33,2016,6,2016-07-31,5,67,10
805,33,2016,207,2016-07-31,13,66,0
807,33,2016,198,2016-07-31,7,67,6
815,33,2016,198,2016-07-31,10,66,1
816,33,2016,191,2016-07-31,2,67,18
819,33,2016,207,2016-07-31,11,66,0
820,33,2016,141,2016-07-31,9,66,2
824,33,2016,152,2016-07-31,16,66,0
825,33,2016,195,2016-07-31,15,66,0
826,33,2016,182,2016-07-31,18,65,0
829,33,2016,182,2016-07-31,21,57,0
830,33,2016,195,2016-07-31,14,66,0
831,33,2016,191,2016-07-31,3,67,15
834,33,2016,152,2016-07-31,19,65,0
835,33,2016,206,2016-07-31,17,65,0
836,33,2016,206,2016-07-31,20,65,0
759,5,2016,117,2016-08-28,21,1,0
762,5,2016,6,2016-08-28,9,44,2
763,5,2016,117,2016-08-28,7,44,6
770,5,2016,141,2016-08-28,10,44,1
789,5,2016,48,2016-08-28,1,44,25
795,5,2016,48,2016-08-28,3,44,15
798,5,2016,6,2016-08-28,6,44,8
805,5,2016,207,2016-08-28,13,44,0
807,5,2016,198,2016-08-28,4,44,12
815,5,2016,198,2016-08-28,5,44,10
816,5,2016,191,2016-08-28,2,44,18
819,5,2016,207,2016-08-28,12,44,0
820,5,2016,141,2016-08-28,8,44,4
824,5,2016,152,2016-08-28,18,5,0
825,5,2016,195,2016-08-28,14,44,0
826,5,2016,182,2016-08-28,19,3,0
829,5,2016,182,2016-08-28,17,43,0
830,5,2016,195,2016-08-28,20,1,0
831,5,2016,191,2016-08-28,11,44,0
834,5,2016,152,2016-08-28,15,44,0
835,5,2016,206,2016-08-28,22,0,0
838,5,2016,206,2016-08-28,16,43,0
759,7,2016,117,2016-09-04,12,52,0
762,7,2016,6,2016-09-04,4,53,12
763,7,2016,117,2016-09-04,14,52,0
770,7,2016,141,2016-09-04,9,53,2
789,7,2016,48,2016-09-04,1,53,25
795,7,2016,48,2016-09-04,2,53,18
798,7,2016,6,2016-09-04,3,53,15
805,7,2016,207,2016-09-04,11,52,0
807,7,2016,198,2016-09-04,10,53,1
815,7,2016,198,2016-09-04,8,53,4
816,7,2016,191,2016-09-04,5,53,10
819,7,2016,207,2016-09-04,13,52,0
820,7,2016,141,2016-09-04,6,53,8
824,7,2016,152,2016-09-04,17,52,0
825,7,2016,195,2016-09-04,19,36,0
826,7,2016,182,2016-09-04,16,52,0
829,7,2016,182,2016-09-04,22,6,0
830,7,2016,195,2016-09-04,15,52,0
831,7,2016,191,2016-09-04,7,53,6
834,7,2016,152,2016-09-04,21,7,0
835,7,2016,206,2016-09-04,20,26,0
838,7,2016,206,2016-09-04,18,51,0
759,65,2016,117,2016-09-18,19,43,0
762,65,2016,6,2016-09-18,4,61,12
763,65,2016,117,2016-09-18,7,61,6
770,65,2016,141,2016-09-18,12,60,0
789,65,2016,48,2016-09-18,1,61,25
795,65,2016,48,2016-09-18,3,61,15
798,65,2016,6,2016-09-18,5,61,10
805,65,2016,207,2016-09-18,22,0,0
807,65,2016,198,2016-09-18,21,0,0
815,65,2016,198,2016-09-18,8,61,4
816,65,2016,191,2016-09-18,2,61,18
819,65,2016,207,2016-09-18,11,60,0
820,65,2016,141,2016-09-18,20,35,0
824,65,2016,152,2016-09-18,10,61,1
825,65,2016,195,2016-09-18,9,61,2
826,65,2016,182,2016-09-18,17,60,0
829,65,2016,182,2016-09-18,13,60,0
830,65,2016,195,2016-09-18,14,60,0
831,65,2016,191,2016-09-18,6,61,8
834,65,2016,152,2016-09-18,15,60,0
835,65,2016,206,2016-09-18,16,60,0
838,65,2016,206,2016-09-18,18,59,0
759,60,2016,117,2016-10-02,9,56,2
762,60,2016,6,2016-10-02,4,56,12
763,60,2016,117,2016-10-02,7,56,6
770,60,2016,141,2016-10-02,13,55,0
789,60,2016,48,2016-10-02,3,56,15
795,60,2016,48,2016-10-02,18,40,0
798,60,2016,6,2016-10-02,22,0,0
805,60,2016,207,2016-10-02,21,7,0
807,60,2016,198,2016-10-02,8,56,4
815,60,2016,198,2016-10-02,6,56,8
816,60,2016,191,2016-10-02,1,56,25
819,60,2016,207,2016-10-02,19,39,0
820,60,2016,141,2016-10-02,5,56,10
824,60,2016,152,2016-10-02,20,17,0
825,60,2016,195,2016-10-02,14,55,0
826,60,2016,182,2016-10-02,12,55,0
829,60,2016,182,2016-10-02,17,46,0
830,60,2016,195,2016-10-02,11,56,0
831,60,2016,191,2016-10-02,2,56,18
834,60,2016,152,2016-10-02,10,56,1
835,60,2016,206,2016-10-02,15,55,0
838,60,2016,206,2016-10-02,16,55,0
759,53,2016,117,2016-10-09,18,52,0
762,53,2016,6,2016-10-09,5,53,10
763,53,2016,117,2016-10-09,16,52,0
770,53,2016,141,2016-10-09,9,53,2
789,53,2016,48,2016-10-09,1,53,25
795,53,2016,48,2016-10-09,3,53,15
798,53,2016,6,2016-10-09,4,53,12
805,53,2016,207,2016-10-09,11,53,0
807,53,2016,198,2016-10-09,8,53,4
815,53,2016,198,2016-10-09,7,53,6
816,53,2016,191,2016-10-09,6,53,8
819,53,2016,207,2016-10-09,20,52,0
820,53,2016,141,2016-10-09,10,53,1
824,53,2016,152,2016-10-09,14,52,0
825,53,2016,195,2016-10-09,13,52,0
826,53,2016,182,2016-10-09,15,52,0
829,53,2016,182,2016-10-09,19,52,0
830,53,2016,195,2016-10-09,17,52,0
831,53,2016,191,2016-10-09,2,53,18
834,53,2016,152,2016-10-09,12,52,0
835,53,2016,206,2016-10-09,22,52,0
838,53,2016,206,2016-10-09,21,52,0
759,69,2016,117,2016-10-23,9,55,2
762,69,2016,6,2016-10-23,19,38,0
763,69,2016,117,2016-10-23,5,56,10
770,69,2016,141,2016-10-23,7,55,6
789,69,2016,48,2016-10-23,2,56,18
795,69,2016,48,2016-10-23,1,56,25
798,69,2016,6,2016-10-23,4,56,12
805,69,2016,207,2016-10-23,10,55,1
807,69,2016,198,2016-10-23,22,1,0
815,69,2016,198,2016-10-23,8,55,4
816,69,2016,191,2016-10-23,3,56,15
819,69,2016,207,2016-10-23,21,16,0
820,69,2016,141,2016-10-23,16,55,0
824,69,2016,152,2016-10-23,12,55,0
825,69,2016,195,2016-10-23,11,55,0
826,69,2016,182,2016-10-23,14,55,0
829,69,2016,182,2016-10-23,15,55,0
830,69,2016,195,2016-10-23,6,56,8
831,69,2016,191,2016-10-23,20,28,0
834,69,2016,152,2016-10-23,13,55,0
835,69,2016,206,2016-10-23,17,55,0
838,69,2016,206,2016-10-23,18,54,0
759,23,2016,117,2016-10-30,12,70,0
762,23,2016,6,2016-10-30,6,71,8
763,23,2016,117,2016-10-30,13,70,0
770,23,2016,141,2016-10-30,9,71,2
789,23,2016,48,2016-10-30,2,71,18
795,23,2016,48,2016-10-30,1,71,25
798,23,2016,6,2016-10-30,5,71,10
805,23,2016,207,2016-10-30,20,70,0
807,23,2016,198,2016-10-30,7,71,6
815,23,2016,198,2016-10-30,10,71,1
816,23,2016,191,2016-10-30,3,71,15
819,23,2016,207,2016-10-30,19,70,0
820,23,2016,141,2016-10-30,8,71,4
824,23,2016,152,2016-10-30,17,70,0
825,23,2016,195,2016-10-30,18,70,0
826,23,2016,182,2016-10-30,11,70,0
829,23,2016,182,2016-10-30,15,70,0
830,23,2016,195,2016-10-30,16,70,0
831,23,2016,191,2016-10-30,4,71,12
834,23,2016,152,2016-10-30,14,70,0
835,23,2016,206,2016-10-30,22,0,0
838,23,2016,206,2016-10-30,21,69,0
759,37,2016,117,2016-11-13,16,71,0
762,37,2016,6,2016-11-13,20,19,0
763,37,2016,117,2016-11-13,10,71,1
770,37,2016,141,2016-11-13,18,46,0
789,37,2016,48,2016-11-13,2,71,18
795,37,2016,48,2016-11-13,1,71,25
798,37,2016,6,2016-11-13,5,71,10
805,37,2016,207,2016-11-13,22,0,0
807,37,2016,198,2016-11-13,7,71,6
815,37,2016,198,2016-11-13,4,71,12
816,37,2016,191,2016-11-13,8,71,4
819,37,2016,207,2016-11-13,17,60,0
820,37,2016,141,2016-11-13,11,71,0
824,37,2016,152,2016-11-13,14,71,0
825,37,2016,195,2016-11-13,13,71,0
826,37,2016,182,2016-11-13,21,11,0
829,37,2016,182,2016-11-13,9,71,2
830,37,2016,195,2016-11-13,6,71,8
831,37,2016,191,2016-11-13,3,71,15
834,37,2016,152,2016-11-13,19,20,0
835,37,2016,206,2016-11-13,15,71,0
838,37,2016,206,2016-11-13,12,71,0
759,66,2016,117,2016-11-27,20,12,0
762,66,2016,6,2016-11-27,6,55,8
763,66,2016,117,2016-11-27,10,55,1
770,66,2016,141,2016-11-27,9,55,2
789,66,2016,48,2016-11-27,2,55,18
795,66,2016,48,2016-11-27,1,55,25
798,66,2016,6,2016-11-27,3,55,15
805,66,2016,207,2016-11-27,11,55,0
807,66,2016,198,2016-11-27,7,55,6
815,66,2016,198,2016-11-27,8,55,4
816,66,2016,191,2016-11-27,5,55,10
819,66,2016,207,2016-11-27,12,55,0
820,66,2016,141,2016-11-27,21,6,0
824,66,2016,152,2016-11-27,22,5,0
825,66,2016,195,2016-11-27,19,14,0
826,66,2016,182,2016-11-27,15,54,0
829,66,2016,182,2016-11-27,16,54,0
830,66,2016,195,2016-11-27,18,41,0
831,66,2016,191,2016-11-27,4,55,12
834,66,2016,152,2016-11-27,17,54,0
835,66,2016,206,2016-11-27,14,54,0
838,66,2016,206,2016-11-27,13,54,0
762,59,2017,6,2017-03-26,4,57,12
763,59,2017,117,2017-03-26,14,50,0
770,59,2017,141,2017-03-26,6,57,8
795,59,2017,48,2017-03-26,2,57,18
798,59,2017,6,2017-03-26,1,57,25
805,59,2017,207,2017-03-26,20,13,0
807,59,2017,152,2017-03-26,11,56,0
815,59,2017,198,2017-03-26,7,56,6
816,59,2017,191,2017-03-26,17,25,0
820,59,2017,48,2017-03-26,3,57,15
824,59,2017,207,2017-03-26,15,46,0
825,59,2017,195,2017-03-26,9,56,2
826,59,2017,182,2017-03-26,18,21,0
830,59,2017,195,2017-03-26,8,56,4
831,59,2017,191,2017-03-26,5,57,10
834,59,2017,152,2017-03-26,19,15,0
837,59,2017,117,2017-03-26,13,55,0
838,59,2017,198,2017-03-26,10,56,1
839,59,2017,182,2017-03-26,12,55,0
840,59,2017,141,2017-03-26,16,40,0
762,62,2017,6,2017-04-09,5,56,10
763,62,2017,117,2017-04-09,16,33,0
770,62,2017,141,2017-04-09,14,55,0
795,62,2017,48,2017-04-09,1,56,25
798,62,2017,6,2017-04-09,2,56,18
805,62,2017,207,2017-04-09,11,55,0
807,62,2017,152,2017-04-09,12,55,0
815,62,2017,198,2017-04-09,9,55,2
816,62,2017,191,2017-04-09,4,56,12
820,62,2017,48,2017-04-09,6,56,8
824,62,2017,207,2017-04-09,8,55,4
825,62,2017,195,2017-04-09,17,18,0
826,62,2017,182,2017-04-09,15,55,0
830,62,2017,195,2017-04-09,7,56,6
831,62,2017,191,2017-04-09,3,56,15
834,62,2017,152,2017-04-09,13,55,0
837,62,2017,117,2017-04-09,18,17,0
838,62,2017,198,2017-04-09,10,55,1
839,62,2017,182,2017-04-09,19,3,0
840,62,2017,141,2017-04-09,20,0,0
762,61,2017,6,2017-04-16,4,57,12
763,61,2017,117,2017-04-16,14,54,0
770,61,2017,141,2017-04-16,6,57,8
795,61,2017,48,2017-04-16,2,57,18
798,61,2017,6,2017-04-16,1,57,25
805,61,2017,207,2017-04-16,8,57,4
807,61,2017,152,2017-04-16,9,57,2
815,61,2017,198,2017-04-16,7,57,6
816,61,2017,191,2017-04-16,5,57,10
820,61,2017,48,2017-04-16,3,57,15
824,61,2017,207,2017-04-16,19,8,0
825,61,2017,195,2017-04-16,12,56,0
826,61,2017,182,2017-04-16,15,50,0
830,61,2017,195,2017-04-16,16,12,0
831,61,2017,191,2017-04-16,18,11,0
834,61,2017,152,2017-04-16,13,56,0
835,61,2017,182,2017-04-16,11,56,0
837,61,2017,117,2017-04-16,20,0,0
838,61,2017,198,2017-04-16,10,57,1
840,61,2017,141,2017-04-16,17,12,0
762,70,2017,6,2017-04-30,3,52,15
763,70,2017,117,2017-04-30,20,0,0
770,70,2017,141,2017-04-30,9,51,2
795,70,2017,48,2017-04-30,4,52,12
798,70,2017,6,2017-04-30,2,52,18
805,70,2017,207,2017-04-30,19,0,0
807,70,2017,152,2017-04-30,8,52,4
815,70,2017,198,2017-04-30,6,52,8
816,70,2017,191,2017-04-30,17,5,0
820,70,2017,48,2017-04-30,1,52,25
824,70,2017,207,2017-04-30,13,51,0
825,70,2017,195,2017-04-30,12,51,0
826,70,2017,182,2017-04-30,15,51,0
830,70,2017,195,2017-04-30,10,51,1
831,70,2017,191,2017-04-30,5,52,10
834,70,2017,152,2017-04-30,18,0,0
835,70,2017,182,2017-04-30,16,50,0
837,70,2017,117,2017-04-30,14,51,0
838,70,2017,198,2017-04-30,7,52,6
840,70,2017,141,2017-04-30,11,51,0
762,56,2017,6,2017-05-14,20,0,0
763,56,2017,117,2017-05-14,12,64,0
770,56,2017,141,2017-05-14,13,64,0
795,56,2017,48,2017-05-14,1,66,25
798,56,2017,6,2017-05-14,2,66,18
805,56,2017,207,2017-05-14,10,65,1
807,56,2017,152,2017-05-14,6,65,8
815,56,2017,198,2017-05-14,4,65,12
816,56,2017,191,2017-05-14,3,66,15
820,56,2017,48,2017-05-14,17,38,0
824,56,2017,207,2017-05-14,14,64,0
825,56,2017,195,2017-05-14,9,65,2
826,56,2017,182,2017-05-14,11,64,0
830,56,2017,195,2017-05-14,7,65,6
831,56,2017,191,2017-05-14,19,1,0
834,56,2017,152,2017-05-14,15,64,0
835,56,2017,182,2017-05-14,8,65,4
837,56,2017,117,2017-05-14,18,32,0
838,56,2017,198,2017-05-14,5,65,10
840,56,2017,141,2017-05-14,16,64,0
759,2,2017,117,2017-05-28,18,57,0
762,2,2017,6,2017-05-28,2,78,18
770,2,2017,141,2017-05-28,9,78,2
795,2,2017,48,2017-05-28,7,78,6
798,2,2017,6,2017-05-28,1,78,25
805,2,2017,207,2017-05-28,8,78,4
807,2,2017,152,2017-05-28,20,15,0
815,2,2017,198,2017-05-28,13,78,0
816,2,2017,191,2017-05-28,3,78,15
820,2,2017,48,2017-05-28,4,78,12
824,2,2017,207,2017-05-28,10,78,1
825,2,2017,195,2017-05-28,14,71,0
826,2,2017,182,2017-05-28,17,63,0
830,2,2017,195,2017-05-28,6,78,8
831,2,2017,191,2017-05-28,5,78,10
834,2,2017,152,2017-05-28,11,78,0
835,2,2017,182,2017-05-28,19,57,0
837,2,2017,117,2017-05-28,16,66,0
838,2,2017,198,2017-05-28,12,78,0
840,2,2017,141,2017-05-28,15,71,0
762,44,2017,6,2017-06-11,7,70,6
763,44,2017,117,2017-06-11,16,66,0
770,44,2017,141,2017-06-11,19,0,0
795,44,2017,48,2017-06-11,1,70,25
798,44,2017,6,2017-06-11,4,70,12
805,44,2017,207,2017-06-11,10,69,1
807,44,2017,152,2017-06-11,8,70,4
815,44,2017,198,2017-06-11,5,70,10
816,44,2017,191,2017-06-11,3,70,15
820,44,2017,48,2017-06-11,2,70,18
824,44,2017,207,2017-06-11,12,69,0
825,44,2017,195,2017-06-11,17,54,0
826,44,2017,182,2017-06-11,13,69,0
830,44,2017,195,2017-06-11,20,0,0
831,44,2017,191,2017-06-11,18,10,0
834,44,2017,152,2017-06-11,11,69,0
835,44,2017,182,2017-06-11,15,68,0
837,44,2017,117,2017-06-11,14,69,0
838,44,2017,198,2017-06-11,6,70,8
840,44,2017,141,2017-06-11,9,69,2
762,71,2017,6,2017-06-25,14,46,0
763,71,2017,117,2017-06-25,9,51,2
770,71,2017,141,2017-06-25,16,25,0
795,71,2017,48,2017-06-25,5,51,10
798,71,2017,6,2017-06-25,4,51,12
805,71,2017,207,2017-06-25,13,50,0
807,71,2017,152,2017-06-25,17,24,0
815,71,2017,198,2017-06-25,15,39,0
816,71,2017,191,2017-06-25,1,51,25
820,71,2017,48,2017-06-25,2,51,18
824,71,2017,207,2017-06-25,7,51,6
825,71,2017,195,2017-06-25,19,9,0
826,71,2017,182,2017-06-25,11,51,0
830,71,2017,195,2017-06-25,8,51,4
831,71,2017,191,2017-06-25,18,12,0
834,71,2017,152,2017-06-25,20,7,0
835,71,2017,182,2017-06-25,10,51,1
837,71,2017,117,2017-06-25,12,51,0
838,71,2017,198,2017-06-25,6,51,8
840,71,2017,141,2017-06-25,3,51,15
762,34,2017,6,2017-07-09,5,71,10
763,34,2017,117,2017-07-09,19,1,0
770,34,2017,141,2017-07-09,9,70,2
795,34,2017,48,2017-07-09,4,71,12
798,34,2017,6,2017-07-09,2,71,18
805,34,2017,207,2017-07-09,6,71,8
807,34,2017,152,2017-07-09,13,70,0
815,34,2017,198,2017-07-09,7,70,6
816,34,2017,191,2017-07-09,3,71,15
820,34,2017,48,2017-07-09,1,71,25
824,34,2017,207,2017-07-09,18,29,0
825,34,2017,195,2017-07-09,16,68,0
826,34,2017,182,2017-07-09,15,69,0
830,34,2017,195,2017-07-09,17,44,0
831,34,2017,191,2017-07-09,20,0,0
834,34,2017,152,2017-07-09,11,70,0
835,34,2017,182,2017-07-09,14,70,0
837,34,2017,117,2017-07-09,12,70,0
838,34,2017,198,2017-07-09,8,70,4
840,34,2017,141,2017-07-09,10,70,1
762,1,2017,6,2017-07-16,3,51,15
763,1,2017,117,2017-07-16,18,32,0
770,1,2017,141,2017-07-16,10,50,1
795,1,2017,48,2017-07-16,1,51,25
798,1,2017,6,2017-07-16,7,51,6
805,1,2017,207,2017-07-16,13,50,0
807,1,2017,152,2017-07-16,6,51,8
815,1,2017,198,2017-07-16,9,50,2
816,1,2017,191,2017-07-16,5,51,10
820,1,2017,48,2017-07-16,2,51,18
824,1,2017,207,2017-07-16,12,50,0
825,1,2017,195,2017-07-16,15,50,0
826,1,2017,182,2017-07-16,14,50,0
830,1,2017,195,2017-07-16,19,0,0
831,1,2017,191,2017-07-16,4,51,12
834,1,2017,152,2017-07-16,20,0,0
835,1,2017,182,2017-07-16,17,50,0
837,1,2017,117,2017-07-16,11,50,0
838,1,2017,198,2017-07-16,8,50,4
840,1,2017,141,2017-07-16,16,50,0
762,52,2017,6,2017-07-30,2,70,18
763,52,2017,117,2017-07-30,6,70,8
795,52,2017,48,2017-07-30,4,70,12
798,52,2017,6,2017-07-30,1,70,25
805,52,2017,207,2017-07-30,19,20,0
807,52,2017,152,2017-07-30,17,67,0
812,52,2017,141,2017-07-30,18,60,0
815,52,2017,198,2017-07-30,8,69,4
816,52,2017,191,2017-07-30,20,0,0
820,52,2017,48,2017-07-30,3,70,15
824,52,2017,207,2017-07-30,13,69,0
825,52,2017,195,2017-07-30,11,69,0
826,52,2017,182,2017-07-30,16,68,0
830,52,2017,195,2017-07-30,7,69,6
831,52,2017,191,2017-07-30,5,70,10
834,52,2017,152,2017-07-30,12,69,0
835,52,2017,182,2017-07-30,15,68,0
837,52,2017,117,2017-07-30,10,69,1
838,52,2017,198,2017-07-30,9,69,2
840,52,2017,141,2017-07-30,14,69,0
762,5,2017,6,2017-08-27,4,44,12
763,5,2017,117,2017-08-27,18,25,0
770,5,2017,141,2017-08-27,8,44,4
795,5,2017,48,2017-08-27,1,44,25
798,5,2017,6,2017-08-27,2,44,18
805,5,2017,207,2017-08-27,7,44,6
807,5,2017,152,2017-08-27,6,44,8
815,5,2017,198,2017-08-27,17,42,0
816,5,2017,191,2017-08-27,3,44,15
820,5,2017,48,2017-08-27,5,44,10
824,5,2017,207,2017-08-27,15,44,0
825,5,2017,195,2017-08-27,12,44,0
826,5,2017,182,2017-08-27,16,44,0
830,5,2017,195,2017-08-27,10,44,1
831,5,2017,191,2017-08-27,19,7,0
834,5,2017,152,2017-08-27,13,44,0
835,5,2017,182,2017-08-27,20,2,0
837,5,2017,117,2017-08-27,14,44,0
838,5,2017,198,2017-08-27,9,44,2
840,5,2017,141,2017-08-27,11,44,0
762,7,2017,6,2017-09-03,5,53,10
763,7,2017,117,2017-09-03,17,50,0
770,7,2017,141,2017-09-03,8,53,4
795,7,2017,48,2017-09-03,1,53,25
798,7,2017,6,2017-09-03,3,53,15
805,7,2017,207,2017-09-03,15,52,0
807,7,2017,152,2017-09-03,13,52,0
815,7,2017,198,2017-09-03,9,53,2
816,7,2017,191,2017-09-03,4,53,12
820,7,2017,48,2017-09-03,2,53,18
824,7,2017,207,2017-09-03,11,52,0
825,7,2017,195,2017-09-03,12,52,0
826,7,2017,182,2017-09-03,18,49,0
830,7,2017,195,2017-09-03,14,52,0
831,7,2017,191,2017-09-03,10,52,1
834,7,2017,152,2017-09-03,20,29,0
835,7,2017,182,2017-09-03,16,51,0
837,7,2017,117,2017-09-03,19,33,0
838,7,2017,198,2017-09-03,6,53,8
840,7,2017,141,2017-09-03,7,53,6
762,65,2017,6,2017-09-17,20,0,0
763,65,2017,117,2017-09-17,17,8,0
770,65,2017,141,2017-09-17,11,58,0
795,65,2017,48,2017-09-17,1,58,25
798,65,2017,6,2017-09-17,18,0,0
805,65,2017,207,2017-09-17,9,58,2
807,65,2017,152,2017-09-17,14,48,0
815,65,2017,198,2017-09-17,5,58,10
816,65,2017,191,2017-09-17,2,58,18
820,65,2017,48,2017-09-17,3,58,15
824,65,2017,207,2017-09-17,13,50,0
825,65,2017,195,2017-09-17,16,10,0
826,65,2017,182,2017-09-17,15,35,0
830,65,2017,195,2017-09-17,4,58,12
831,65,2017,191,2017-09-17,19,0,0
834,65,2017,152,2017-09-17,6,58,8
835,65,2017,182,2017-09-17,12,56,0
837,65,2017,117,2017-09-17,7,58,6
838,65,2017,198,2017-09-17,10,58,1
840,65,2017,141,2017-09-17,8,58,4
762,60,2017,6,2017-10-01,20,0,0
763,60,2017,117,2017-10-01,11,55,0
770,60,2017,141,2017-10-01,9,55,2
795,60,2017,48,2017-10-01,2,56,18
798,60,2017,6,2017-10-01,4,56,12
805,60,2017,207,2017-10-01,13,55,0
807,60,2017,152,2017-10-01,16,55,0
815,60,2017,198,2017-10-01,6,56,8
816,60,2017,191,2017-10-01,3,56,15
820,60,2017,48,2017-10-01,5,56,10
824,60,2017,207,2017-10-01,12,55,0
826,60,2017,182,2017-10-01,18,54,0
830,60,2017,195,2017-10-01,19,29,0
831,60,2017,191,2017-10-01,1,56,25
834,60,2017,152,2017-10-01,15,55,0
835,60,2017,182,2017-10-01,17,55,0
837,60,2017,117,2017-10-01,7,55,6
838,60,2017,198,2017-10-01,10,55,1
840,60,2017,141,2017-10-01,8,55,4
841,60,2017,195,2017-10-01,14,55,0
762,53,2017,6,2017-10-08,5,53,10
763,53,2017,117,2017-10-08,11,52,0
770,53,2017,141,2017-10-08,10,52,1
795,53,2017,48,2017-10-08,1,53,25
798,53,2017,6,2017-10-08,19,4,0
805,53,2017,207,2017-10-08,9,53,2
807,53,2017,152,2017-10-08,17,40,0
815,53,2017,198,2017-10-08,7,53,6
816,53,2017,191,2017-10-08,3,53,15
820,53,2017,48,2017-10-08,4,53,12
824,53,2017,207,2017-10-08,8,53,4
826,53,2017,182,2017-10-08,18,7,0
830,53,2017,195,2017-10-08,20,0,0
831,53,2017,191,2017-10-08,2,53,18
834,53,2017,152,2017-10-08,12,52,0
835,53,2017,182,2017-10-08,15,51,0
837,53,2017,117,2017-10-08,14,52,0
838,53,2017,198,2017-10-08,6,53,8
840,53,2017,141,2017-10-08,16,45,0
841,53,2017,195,2017-10-08,13,52,0
762,69,2017,6,2017-10-22,3,56,15
763,69,2017,117,2017-10-22,17,24,0
770,69,2017,141,2017-10-22,9,55,2
795,69,2017,48,2017-10-22,1,56,25
798,69,2017,6,2017-10-22,2,56,18
805,69,2017,207,2017-10-22,14,55,0
807,69,2017,152,2017-10-22,20,3,0
815,69,2017,198,2017-10-22,8,55,4
816,69,2017,191,2017-10-22,18,14,0
820,69,2017,48,2017-10-22,5,56,10
824,69,2017,207,2017-10-22,16,55,0
825,69,2017,195,2017-10-22,10,55,1
826,69,2017,182,2017-10-22,15,55,0
830,69,2017,152,2017-10-22,7,56,6
831,69,2017,191,2017-10-22,4,56,12
835,69,2017,182,2017-10-22,19,5,0
837,69,2017,117,2017-10-22,12,55,0
838,69,2017,198,2017-10-22,6,56,8
840,69,2017,141,2017-10-22,11,55,0
842,69,2017,195,2017-10-22,13,55,0
762,23,2017,6,2017-10-29,3,71,15
763,23,2017,117,2017-10-29,10,70,1
770,23,2017,141,2017-10-29,11,70,0
795,23,2017,48,2017-10-29,9,70,2
798,23,2017,6,2017-10-29,4,71,12
805,23,2017,207,2017-10-29,15,69,0
807,23,2017,152,2017-10-29,19,24,0
815,23,2017,198,2017-10-29,7,70,6
816,23,2017,191,2017-10-29,20,5,0
820,23,2017,48,2017-10-29,2,71,18
824,23,2017,207,2017-10-29,8,70,4
826,23,2017,182,2017-10-29,17,55,0
830,23,2017,152,2017-10-29,16,59,0
831,23,2017,191,2017-10-29,1,71,25
835,23,2017,182,2017-10-29,14,69,0
837,23,2017,117,2017-10-29,12,70,0
838,23,2017,198,2017-10-29,5,70,10
840,23,2017,141,2017-10-29,6,70,8
841,23,2017,195,2017-10-29,13,70,0
842,23,2017,195,2017-10-29,18,30,0
762,37,2017,6,2017-11-12,3,71,15
763,37,2017,117,2017-11-12,8,71,4
770,37,2017,141,2017-11-12,7,71,6
795,37,2017,48,2017-11-12,4,71,12
798,37,2017,6,2017-11-12,1,71,25
805,37,2017,207,2017-11-12,15,69,0
807,37,2017,152,2017-11-12,10,70,1
815,37,2017,198,2017-11-12,9,71,2
816,37,2017,191,2017-11-12,6,71,8
820,37,2017,48,2017-11-12,2,71,18
824,37,2017,207,2017-11-12,20,0,0
826,37,2017,182,2017-11-12,13,70,0
830,37,2017,152,2017-11-12,11,70,0
831,37,2017,191,2017-11-12,5,71,10
835,37,2017,182,2017-11-12,14,70,0
837,37,2017,117,2017-11-12,19,0,0
838,37,2017,198,2017-11-12,18,0,0
840,37,2017,141,2017-11-12,16,69,0
841,37,2017,195,2017-11-12,12,70,0
842,37,2017,195,2017-11-12,17,40,0
762,66,2017,6,2017-11-26,4,55,12
763,66,2017,117,2017-11-26,9,54,2
770,66,2017,141,2017-11-26,10,54,1
795,66,2017,48,2017-11-26,2,55,18
798,66,2017,6,2017-11-26,3,55,15
805,66,2017,207,2017-11-26,11,54,0
807,66,2017,152,2017-11-26,6,55,8
815,66,2017,198,2017-11-26,7,55,6
816,66,2017,191,2017-11-26,20,20,0
820,66,2017,48,2017-11-26,1,55,25
824,66,2017,207,2017-11-26,13,54,0
826,66,2017,182,2017-11-26,17,54,0
830,66,2017,152,2017-11-26,19,31,0
831,66,2017,191,2017-11-26,5,55,10
835,66,2017,182,2017-11-26,14,54,0
837,66,2017,117,2017-11-26,12,54,0
838,66,2017,198,2017-11-26,8,55,4
840,66,2017,141,2017-11-26,18,54,0
841,66,2017,195,2017-11-26,16,54,0
842,66,2017,195,2017-11-26,15,54,0
762,59,2018,6,2018-03-25,3,58,15
763,59,2018,117,2018-03-25,5,58,10
795,59,2018,48,2018-03-25,2,58,18
798,59,2018,6,2018-03-25,1,58,25
805,59,2018,207,2018-03-25,16,24,0
807,59,2018,152,2018-03-25,7,58,6
815,59,2018,198,2018-03-25,11,58,0
816,59,2018,191,2018-03-25,4,58,12
820,59,2018,48,2018-03-25,8,58,4
824,59,2018,207,2018-03-25,17,22,0
826,59,2018,182,2018-03-25,19,5,0
830,59,2018,152,2018-03-25,10,58,1
831,59,2018,191,2018-03-25,6,58,8
837,59,2018,117,2018-03-25,9,58,2
838,59,2018,198,2018-03-25,12,58,0
840,59,2018,141,2018-03-25,14,58,0
841,59,2018,195,2018-03-25,18,13,0
842,59,2018,195,2018-03-25,15,57,0
843,59,2018,182,2018-03-25,13,58,0
844,59,2018,141,2018-03-25,20,4,0
762,61,2018,6,2018-04-08,18,35,0
763,61,2018,117,2018-04-08,7,56,6
795,61,2018,48,2018-04-08,3,57,15
798,61,2018,6,2018-04-08,1,57,25
805,61,2018,207,2018-04-08,13,56,0
807,61,2018,152,2018-04-08,6,57,8
815,61,2018,198,2018-04-08,16,56,0
816,61,2018,191,2018-04-08,20,1,0
820,61,2018,48,2018-04-08,2,57,18
824,61,2018,207,2018-04-08,5,57,10
826,61,2018,182,2018-04-08,9,56,2
830,61,2018,152,2018-04-08,11,56,0
831,61,2018,191,2018-04-08,19,3,0
837,61,2018,117,2018-04-08,8,56,4
838,61,2018,198,2018-04-08,10,56,1
840,61,2018,141,2018-04-08,14,56,0
841,61,2018,195,2018-04-08,4,57,12
842,61,2018,195,2018-04-08,17,56,0
843,61,2018,182,2018-04-08,12,56,0
844,61,2018,141,2018-04-08,15,56,0
762,62,2018,6,2018-04-15,3,56,15
763,62,2018,117,2018-04-15,7,56,6
795,62,2018,48,2018-04-15,4,56,12
798,62,2018,6,2018-04-15,8,56,4
805,62,2018,207,2018-04-15,17,56,0
807,62,2018,152,2018-04-15,6,56,8
815,62,2018,198,2018-04-15,12,56,0
816,62,2018,191,2018-04-15,1,56,25
820,62,2018,48,2018-04-15,2,56,18
824,62,2018,207,2018-04-15,10,56,1
826,62,2018,182,2018-04-15,16,56,0
830,62,2018,152,2018-04-15,9,56,2
831,62,2018,191,2018-04-15,5,56,10
837,62,2018,117,2018-04-15,13,56,0
838,62,2018,198,2018-04-15,11,56,0
840,62,2018,141,2018-04-15,14,56,0
841,62,2018,195,2018-04-15,18,56,0
842,62,2018,195,2018-04-15,20,51,0
843,62,2018,182,2018-04-15,19,56,0
844,62,2018,141,2018-04-15,15,56,0
762,71,2018,6,2018-04-29,2,51,18
763,71,2018,117,2018-04-29,7,51,6
795,71,2018,48,2018-04-29,1,51,25
798,71,2018,6,2018-04-29,4,51,12
805,71,2018,207,2018-04-29,15,42,0
807,71,2018,152,2018-04-29,18,10,0
815,71,2018,198,2018-04-29,3,51,15
816,71,2018,191,2018-04-29,17,39,0
820,71,2018,48,2018-04-29,14,48,0
824,71,2018,207,2018-04-29,13,51,0
826,71,2018,182,2018-04-29,11,51,0
830,71,2018,152,2018-04-29,5,51,10
831,71,2018,191,2018-04-29,16,39,0
837,71,2018,117,2018-04-29,9,51,2
838,71,2018,198,2018-04-29,19,0,0
840,71,2018,141,2018-04-29,8,51,4
841,71,2018,195,2018-04-29,12,51,0
842,71,2018,195,2018-04-29,10,51,1
843,71,2018,182,2018-04-29,6,51,8
844,71,2018,141,2018-04-29,20,0,0
762,56,2018,6,2018-05-13,17,25,0
763,56,2018,117,2018-05-13,8,65,4
795,56,2018,48,2018-05-13,1,66,25
798,56,2018,6,2018-05-13,4,66,12
805,56,2018,207,2018-05-13,18,0,0
807,56,2018,152,2018-05-13,20,0,0
815,56,2018,198,2018-05-13,9,64,2
816,56,2018,191,2018-05-13,5,66,10
820,56,2018,48,2018-05-13,2,66,18
824,56,2018,207,2018-05-13,6,65,8
826,56,2018,182,2018-05-13,13,64,0
830,56,2018,152,2018-05-13,7,65,6
831,56,2018,191,2018-05-13,3,66,15
837,56,2018,117,2018-05-13,15,45,0
838,56,2018,198,2018-05-13,16,38,0
840,56,2018,141,2018-05-13,11,64,0
841,56,2018,195,2018-05-13,19,0,0
842,56,2018,195,2018-05-13,12,64,0
843,56,2018,182,2018-05-13,10,64,1
844,56,2018,141,2018-05-13,14,63,0
762,2,2018,6,2018-05-27,4,78,12
763,2,2018,117,2018-05-27,20,52,0
795,2,2018,48,2018-05-27,3,78,15
798,2,2018,6,2018-05-27,2,78,18
805,2,2018,207,2018-05-27,15,77,0
807,2,2018,152,2018-05-27,8,78,4
815,2,2018,198,2018-05-27,12,78,0
816,2,2018,191,2018-05-27,1,78,25
820,2,2018,48,2018-05-27,5,78,10
824,2,2018,207,2018-05-27,13,78,0
826,2,2018,182,2018-05-27,11,78,0
830,2,2018,152,2018-05-27,10,78,1
831,2,2018,191,2018-05-27,9,78,2
837,2,2018,117,2018-05-27,14,77,0
838,2,2018,198,2018-05-27,6,78,8
840,2,2018,141,2018-05-27,17,76,0
841,2,2018,195,2018-05-27,7,78,6
842,2,2018,195,2018-05-27,19,70,0
843,2,2018,182,2018-05-27,18,70,0
844,2,2018,141,2018-05-27,16,77,0
762,44,2018,6,2018-06-10,6,68,8
763,44,2018,117,2018-06-10,18,40,0
795,44,2018,48,2018-06-10,5,68,10
798,44,2018,6,2018-06-10,1,68,25
805,44,2018,207,2018-06-10,12,67,0
807,44,2018,152,2018-06-10,7,67,6
815,44,2018,198,2018-06-10,14,67,0
816,44,2018,191,2018-06-10,4,68,12
820,44,2018,48,2018-06-10,2,68,18
824,44,2018,207,2018-06-10,13,67,0
826,44,2018,182,2018-06-10,15,66,0
830,44,2018,152,2018-06-10,8,67,4
831,44,2018,191,2018-06-10,3,68,15
837,44,2018,117,2018-06-10,16,66,0
838,44,2018,198,2018-06-10,9,67,2
840,44,2018,141,2018-06-10,20,0,0
841,44,2018,195,2018-06-10,11,67,0
842,44,2018,195,2018-06-10,19,0,0
843,44,2018,182,2018-06-10,10,67,1
844,44,2018,141,2018-06-10,17,66,0
762,35,2018,6,2018-06-24,3,53,15
763,35,2018,117,2018-06-24,16,50,0
795,35,2018,48,2018-06-24,1,53,25
798,35,2018,6,2018-06-24,5,53,10
805,35,2018,207,2018-06-24,11,52,0
807,35,2018,152,2018-06-24,9,53,2
815,35,2018,198,2018-06-24,18,27,0
816,35,2018,191,2018-06-24,4,53,12
820,35,2018,48,2018-06-24,7,53,6
824,35,2018,207,2018-06-24,6,53,8
826,35,2018,182,2018-06-24,13,52,0
830,35,2018,152,2018-06-24,8,53,4
831,35,2018,191,2018-06-24,2,53,18
837,35,2018,117,2018-06-24,12,52,0
838,35,2018,198,2018-06-24,19,0,0
840,35,2018,141,2018-06-24,17,48,0
841,35,2018,195,2018-06-24,20,0,0
842,35,2018,195,2018-06-24,14,52,0
843,35,2018,182,2018-06-24,10,53,1
844,35,2018,141,2018-06-24,15,52,0
762,34,2018,6,2018-07-01,2,71,18
763,34,2018,117,2018-07-01,8,70,4
795,34,2018,48,2018-07-01,16,62,0
798,34,2018,6,2018-07-01,3,71,15
805,34,2018,207,2018-07-01,4,70,12
807,34,2018,152,2018-07-01,20,11,0
815,34,2018,198,2018-07-01,7,70,6
816,34,2018,191,2018-07-01,18,53,0
820,34,2018,48,2018-07-01,19,13,0
824,34,2018,207,2018-07-01,5,70,10
826,34,2018,182,2018-07-01,10,70,1
830,34,2018,152,2018-07-01,12,70,0
831,34,2018,191,2018-07-01,1,71,25
837,34,2018,117,2018-07-01,15,65,0
838,34,2018,198,2018-07-01,6,70,8
840,34,2018,141,2018-07-01,14,69,0
841,34,2018,195,2018-07-01,11,70,0
842,34,2018,195,2018-07-01,17,54,0
843,34,2018,182,2018-07-01,9,70,2
844,34,2018,141,2018-07-01,13,69,0
762,1,2018,6,2018-07-08,3,52,15
763,1,2018,117,2018-07-08,8,52,4
795,1,2018,48,2018-07-08,2,52,18
798,1,2018,6,2018-07-08,1,52,25
805,1,2018,207,2018-07-08,16,37,0
807,1,2018,152,2018-07-08,6,52,8
815,1,2018,198,2018-07-08,10,52,1
816,1,2018,191,2018-07-08,5,52,10
820,1,2018,48,2018-07-08,4,52,12
824,1,2018,207,2018-07-08,9,52,2
826,1,2018,182,2018-07-08,18,31,0
830,1,2018,152,2018-07-08,17,37,0
831,1,2018,191,2018-07-08,15,46,0
837,1,2018,117,2018-07-08,11,52,0
838,1,2018,198,2018-07-08,7,52,6
840,1,2018,141,2018-07-08,12,52,0
841,1,2018,195,2018-07-08,13,52,0
842,1,2018,195,2018-07-08,20,1,0
843,1,2018,182,2018-07-08,19,18,0
844,1,2018,141,2018-07-08,14,52,0
762,33,2018,6,2018-07-22,3,67,15
763,33,2018,117,2018-07-22,16,65,0
795,33,2018,48,2018-07-22,1,67,25
798,33,2018,6,2018-07-22,18,51,0
805,33,2018,207,2018-07-22,6,67,8
807,33,2018,152,2018-07-22,5,67,10
815,33,2018,198,2018-07-22,7,67,6
816,33,2018,191,2018-07-22,20,27,0
820,33,2018,48,2018-07-22,2,67,18
824,33,2018,207,2018-07-22,11,67,0
826,33,2018,182,2018-07-22,9,67,2
830,33,2018,152,2018-07-22,12,67,0
831,33,2018,191,2018-07-22,4,67,12
837,33,2018,117,2018-07-22,13,67,0
838,33,2018,198,2018-07-22,8,67,4
840,33,2018,141,2018-07-22,17,53,0
841,33,2018,195,2018-07-22,14,66,0
842,33,2018,195,2018-07-22,10,67,1
843,33,2018,182,2018-07-22,15,66,0
844,33,2018,141,2018-07-22,19,51,0
762,52,2018,6,2018-07-29,3,70,15
763,52,2018,117,2018-07-29,8,69,4
795,52,2018,48,2018-07-29,1,70,25
798,52,2018,6,2018-07-29,2,70,18
805,52,2018,207,2018-07-29,10,69,1
807,52,2018,152,2018-07-29,12,69,0
815,52,2018,198,2018-07-29,14,69,0
816,52,2018,191,2018-07-29,4,70,12
820,52,2018,48,2018-07-29,5,70,10
824,52,2018,207,2018-07-29,7,69,6
826,52,2018,182,2018-07-29,15,68,0
830,52,2018,152,2018-07-29,9,69,2
831,52,2018,191,2018-07-29,19,5,0
837,52,2018,117,2018-07-29,18,49,0
838,52,2018,198,2018-07-29,13,69,0
840,52,2018,141,2018-07-29,17,68,0
841,52,2018,195,2018-07-29,6,70,8
842,52,2018,195,2018-07-29,11,69,0
843,52,2018,182,2018-07-29,20,0,0
844,52,2018,141,2018-07-29,16,68,0
762,5,2018,6,2018-08-26,17,8,0
763,5,2018,117,2018-08-26,19,0,0
795,5,2018,48,2018-08-26,2,44,18
798,5,2018,6,2018-08-26,1,44,25
805,5,2018,207,2018-08-26,7,44,6
807,5,2018,152,2018-08-26,20,0,0
815,5,2018,198,2018-08-26,5,44,10
816,5,2018,191,2018-08-26,16,28,0
820,5,2018,48,2018-08-26,4,44,12
824,5,2018,207,2018-08-26,8,44,4
826,5,2018,182,2018-08-26,10,43,1
830,5,2018,152,2018-08-26,11,43,0
831,5,2018,191,2018-08-26,3,44,15
837,5,2018,117,2018-08-26,15,43,0
838,5,2018,198,2018-08-26,6,44,8
840,5,2018,141,2018-08-26,13,43,0
841,5,2018,195,2018-08-26,9,44,2
842,5,2018,195,2018-08-26,14,43,0
843,5,2018,182,2018-08-26,18,0,0
844,5,2018,141,2018-08-26,12,43,0
762,7,2018,6,2018-09-02,2,53,18
763,7,2018,117,2018-09-02,18,9,0
795,7,2018,48,2018-09-02,1,53,25
798,7,2018,6,2018-09-02,4,53,12
805,7,2018,207,2018-09-02,20,53,0
807,7,2018,152,2018-09-02,13,52,0
815,7,2018,198,2018-09-02,7,53,6
816,7,2018,191,2018-09-02,17,23,0
820,7,2018,48,2018-09-02,3,53,15
824,7,2018,207,2018-09-02,16,52,0
826,7,2018,182,2018-09-02,15,52,0
830,7,2018,152,2018-09-02,8,53,4
831,7,2018,191,2018-09-02,5,53,10
837,7,2018,117,2018-09-02,12,52,0
838,7,2018,198,2018-09-02,6,53,8
840,7,2018,141,2018-09-02,9,52,2
841,7,2018,195,2018-09-02,14,52,0
842,7,2018,195,2018-09-02,19,0,0
843,7,2018,182,2018-09-02,11,52,0
844,7,2018,141,2018-09-02,10,52,1
762,65,2018,6,2018-09-16,5,61,10
763,65,2018,117,2018-09-16,7,61,6
795,65,2018,48,2018-09-16,1,61,25
798,65,2018,6,2018-09-16,3,61,15
805,65,2018,207,2018-09-16,15,60,0
807,65,2018,152,2018-09-16,10,60,1
815,65,2018,198,2018-09-16,16,60,0
816,65,2018,191,2018-09-16,6,61,8
820,65,2018,48,2018-09-16,4,61,12
824,65,2018,207,2018-09-16,18,59,0
826,65,2018,182,2018-09-16,11,60,0
830,65,2018,152,2018-09-16,8,60,4
831,65,2018,191,2018-09-16,2,61,18
837,65,2018,117,2018-09-16,12,60,0
838,65,2018,198,2018-09-16,20,0,0
840,65,2018,141,2018-09-16,14,60,0
841,65,2018,195,2018-09-16,13,60,0
842,65,2018,195,2018-09-16,17,60,0
843,65,2018,182,2018-09-16,9,60,2
844,65,2018,141,2018-09-16,19,59,0
762,70,2018,6,2018-09-30,4,53,12
763,70,2018,117,2018-09-30,14,52,0
795,70,2018,48,2018-09-30,1,53,25
798,70,2018,6,2018-09-30,3,53,15
805,70,2018,207,2018-09-30,11,52,0
807,70,2018,152,2018-09-30,12,52,0
815,70,2018,198,2018-09-30,10,52,1
816,70,2018,191,2018-09-30,6,53,8
820,70,2018,48,2018-09-30,2,53,18
824,70,2018,207,2018-09-30,8,52,4
826,70,2018,182,2018-09-30,13,52,0
830,70,2018,152,2018-09-30,17,51,0
831,70,2018,191,2018-09-30,5,53,10
837,70,2018,117,2018-09-30,16,51,0
838,70,2018,198,2018-09-30,9,52,2
840,70,2018,141,2018-09-30,15,52,0
841,70,2018,195,2018-09-30,19,4,0
842,70,2018,195,2018-09-30,20,4,0
843,70,2018,182,2018-09-30,7,53,6
844,70,2018,141,2018-09-30,18,51,0
762,53,2018,6,2018-10-07,5,53,10
763,53,2018,117,2018-10-07,14,52,0
795,53,2018,48,2018-10-07,1,53,25
798,53,2018,6,2018-10-07,6,53,8
805,53,2018,207,2018-10-07,8,53,4
807,53,2018,152,2018-10-07,19,37,0
815,53,2018,198,2018-10-07,7,53,6
816,53,2018,191,2018-10-07,4,53,12
820,53,2018,48,2018-10-07,2,53,18
824,53,2018,207,2018-10-07,20,8,0
826,53,2018,182,2018-10-07,12,52,0
830,53,2018,152,2018-10-07,10,52,1
831,53,2018,191,2018-10-07,3,53,15
837,53,2018,117,2018-10-07,15,52,0
838,53,2018,198,2018-10-07,9,53,2
840,53,2018,141,2018-10-07,17,52,0
841,53,2018,195,2018-10-07,11,52,0
842,53,2018,195,2018-10-07,13,52,0
843,53,2018,182,2018-10-07,18,38,0
844,53,2018,141,2018-10-07,16,52,0
762,69,2018,6,2018-10-21,1,56,25
763,69,2018,117,2018-10-21,18,1,0
795,69,2018,48,2018-10-21,3,56,15
798,69,2018,6,2018-10-21,4,56,12
805,69,2018,207,2018-10-21,17,2,0
807,69,2018,152,2018-10-21,6,56,8
815,69,2018,198,2018-10-21,8,56,4
816,69,2018,191,2018-10-21,16,8,0
820,69,2018,48,2018-10-21,5,56,10
824,69,2018,207,2018-10-21,20,56,0
826,69,2018,182,2018-10-21,10,55,1
830,69,2018,152,2018-10-21,7,56,6
831,69,2018,191,2018-10-21,2,56,18
837,69,2018,117,2018-10-21,11,55,0
838,69,2018,198,2018-10-21,19,56,0
840,69,2018,141,2018-10-21,14,54,0
841,69,2018,195,2018-10-21,12,55,0
842,69,2018,195,2018-10-21,9,55,2
843,69,2018,182,2018-10-21,15,31,0
844,69,2018,141,2018-10-21,13,55,0
762,23,2018,6,2018-10-28,3,71,15
763,23,2018,117,2018-10-28,20,3,0
795,23,2018,48,2018-10-28,4,71,12
798,23,2018,6,2018-10-28,2,71,18
805,23,2018,207,2018-10-28,16,68,0
807,23,2018,152,2018-10-28,6,69,8
815,23,2018,198,2018-10-28,18,38,0
816,23,2018,191,2018-10-28,17,61,0
820,23,2018,48,2018-10-28,5,70,10
824,23,2018,207,2018-10-28,15,69,0
826,23,2018,182,2018-10-28,9,69,2
830,23,2018,152,2018-10-28,19,28,0
831,23,2018,191,2018-10-28,1,71,25
837,23,2018,117,2018-10-28,8,69,4
838,23,2018,198,2018-10-28,11,69,0
840,23,2018,141,2018-10-28,12,69,0
841,23,2018,195,2018-10-28,10,69,1
842,23,2018,195,2018-10-28,14,69,0
843,23,2018,182,2018-10-28,7,69,6
844,23,2018,141,2018-10-28,13,69,0
762,37,2018,6,2018-11-11,3,71,15
763,37,2018,117,2018-11-11,17,69,0
795,37,2018,48,2018-11-11,1,71,25
798,37,2018,6,2018-11-11,6,71,8
805,37,2018,207,2018-11-11,8,71,4
807,37,2018,152,2018-11-11,19,32,0
815,37,2018,198,2018-11-11,10,70,1
816,37,2018,191,2018-11-11,4,71,12
820,37,2018,48,2018-11-11,5,71,10
824,37,2018,207,2018-11-11,9,71,2
826,37,2018,182,2018-11-11,20,20,0
830,37,2018,152,2018-11-11,12,70,0
831,37,2018,191,2018-11-11,2,71,18
837,37,2018,117,2018-11-11,14,70,0
838,37,2018,198,2018-11-11,15,70,0
840,37,2018,141,2018-11-11,18,69,0
841,37,2018,195,2018-11-11,13,70,0
842,37,2018,195,2018-11-11,11,70,0
843,37,2018,182,2018-11-11,7,71,6
844,37,2018,141,2018-11-11,16,69,0
762,66,2018,6,2018-11-25,19,6,0
763,66,2018,117,2018-11-25,11,54,0
795,66,2018,48,2018-11-25,1,55,25
798,66,2018,6,2018-11-25,2,55,18
805,66,2018,207,2018-11-25,9,54,2
807,66,2018,152,2018-11-25,20,0,0
815,66,2018,198,2018-11-25,8,55,4
816,66,2018,191,2018-11-25,4,55,12
820,66,2018,48,2018-11-25,5,55,10
824,66,2018,207,2018-11-25,10,54,1
826,66,2018,182,2018-11-25,18,24,0
830,66,2018,152,2018-11-25,6,55,8
831,66,2018,191,2018-11-25,3,55,15
837,66,2018,117,2018-11-25,14,54,0
838,66,2018,198,2018-11-25,17,44,0
840,66,2018,141,2018-11-25,13,54,0
841,66,2018,195,2018-11-25,16,46,0
842,66,2018,195,2018-11-25,12,54,0
843,66,2018,182,2018-11-25,7,55,6
844,66,2018,141,2018-11-25,15,54,0
762,59,2019,1,2019-03-17,8,57,4
794,59,2019,141,2019-03-17,17,55,0
795,59,2019,48,2019-03-17,2,58,18
798,59,2019,6,2019-03-17,4,58,12
805,59,2019,207,2019-03-17,18,29,0
807,59,2019,152,2019-03-17,7,57,6
815,59,2019,208,2019-03-17,13,57,0
816,59,2019,152,2019-03-17,19,28,0
820,59,2019,48,2019-03-17,1,58,26
824,59,2019,207,2019-03-17,6,58,8
825,59,2019,195,2019-03-17,10,57,1
830,59,2019,117,2019-03-17,20,9,0
831,59,2019,191,2019-03-17,3,58,15
839,59,2019,1,2019-03-17,15,57,0
840,59,2019,208,2019-03-17,9,57,2
841,59,2019,191,2019-03-17,11,57,0
843,59,2019,6,2019-03-17,5,58,10
845,59,2019,117,2019-03-17,12,57,0
846,59,2019,195,2019-03-17,14,57,0
847,59,2019,141,2019-03-17,16,56,0
762,61,2019,1,2019-03-31,7,57,6
794,61,2019,141,2019-03-31,16,55,0
795,61,2019,48,2019-03-31,1,57,25
798,61,2019,6,2019-03-31,5,57,10
805,61,2019,207,2019-03-31,20,16,0
807,61,2019,152,2019-03-31,17,53,0
815,61,2019,208,2019-03-31,10,57,1
816,61,2019,152,2019-03-31,18,53,0
820,61,2019,48,2019-03-31,2,57,18
824,61,2019,207,2019-03-31,13,56,0
825,61,2019,195,2019-03-31,12,56,0
830,61,2019,117,2019-03-31,19,53,0
831,61,2019,191,2019-03-31,4,57,12
839,61,2019,1,2019-03-31,11,57,0
840,61,2019,208,2019-03-31,14,56,0
841,61,2019,191,2019-03-31,8,57,4
843,61,2019,6,2019-03-31,3,57,16
845,61,2019,117,2019-03-31,6,57,8
846,61,2019,195,2019-03-31,9,57,2
847,61,2019,141,2019-03-31,15,56,0
762,62,2019,1,2019-04-14,9,55,2
794,62,2019,141,2019-04-14,17,54,0
795,62,2019,48,2019-04-14,1,56,25
798,62,2019,6,2019-04-14,3,56,15
805,62,2019,207,2019-04-14,11,55,0
807,62,2019,152,2019-04-14,20,16,0
815,62,2019,208,2019-04-14,8,55,4
816,62,2019,152,2019-04-14,7,55,6
820,62,2019,48,2019-04-14,2,56,18
824,62,2019,207,2019-04-14,13,55,0
825,62,2019,195,2019-04-14,19,41,0
830,62,2019,117,2019-04-14,14,55,0
831,62,2019,191,2019-04-14,4,56,12
839,62,2019,1,2019-04-14,15,55,0
840,62,2019,208,2019-04-14,12,55,0
841,62,2019,191,2019-04-14,6,56,9
843,62,2019,6,2019-04-14,5,56,10
845,62,2019,117,2019-04-14,18,50,0
846,62,2019,195,2019-04-14,10,55,1
847,62,2019,141,2019-04-14,16,54,0
762,71,2019,1,2019-04-28,10,50,1
794,71,2019,141,2019-04-28,16,49,0
795,71,2019,48,2019-04-28,2,51,18
798,71,2019,6,2019-04-28,3,51,15
805,71,2019,207,2019-04-28,18,38,0
807,71,2019,152,2019-04-28,14,50,0
815,71,2019,208,2019-04-28,6,51,8
816,71,2019,152,2019-04-28,20,31,0
820,71,2019,48,2019-04-28,1,51,25
824,71,2019,207,2019-04-28,13,50,0
825,71,2019,195,2019-04-28,19,33,0
830,71,2019,117,2019-04-28,7,51,6
831,71,2019,191,2019-04-28,4,51,12
839,71,2019,1,2019-04-28,12,50,0
840,71,2019,208,2019-04-28,9,51,2
841,71,2019,191,2019-04-28,17,38,0
843,71,2019,6,2019-04-28,5,51,11
845,71,2019,117,2019-04-28,8,51,4
846,71,2019,195,2019-04-28,11,50,0
847,71,2019,141,2019-04-28,15,49,0
762,56,2019,1,2019-05-12,14,66,0
794,56,2019,141,2019-05-12,18,65,0
795,56,2019,48,2019-05-12,1,66,26
798,56,2019,6,2019-05-12,4,66,12
805,56,2019,207,2019-05-12,10,66,1
807,56,2019,152,2019-05-12,13,66,0
815,56,2019,208,2019-05-12,15,66,0
816,56,2019,152,2019-05-12,12,66,0
820,56,2019,48,2019-05-12,2,66,18
824,56,2019,207,2019-05-12,7,66,6
825,56,2019,195,2019-05-12,9,66,2
830,56,2019,117,2019-05-12,8,66,4
831,56,2019,191,2019-05-12,3,66,15
839,56,2019,1,2019-05-12,16,66,0
840,56,2019,208,2019-05-12,19,44,0
841,56,2019,191,2019-05-12,6,66,8
843,56,2019,6,2019-05-12,5,66,10
845,56,2019,117,2019-05-12,20,44,0
846,56,2019,195,2019-05-12,11,66,0
847,56,2019,141,2019-05-12,17,65,0
762,2,2019,1,2019-05-26,17,77,0
794,2,2019,141,2019-05-26,18,77,0
795,2,2019,48,2019-05-26,1,78,25
798,2,2019,6,2019-05-26,2,78,18
805,2,2019,207,2019-05-26,10,78,1
807,2,2019,152,2019-05-26,13,77,0
815,2,2019,208,2019-05-26,12,77,0
816,2,2019,152,2019-05-26,9,78,2
820,2,2019,48,2019-05-26,3,78,15
824,2,2019,207,2019-05-26,14,77,0
825,2,2019,195,2019-05-26,7,78,6
830,2,2019,117,2019-05-26,6,78,8
831,2,2019,191,2019-05-26,4,78,12
839,2,2019,1,2019-05-26,19,76,0
840,2,2019,208,2019-05-26,16,77,0
841,2,2019,191,2019-05-26,5,78,11
843,2,2019,6,2019-05-26,20,16,0
845,2,2019,117,2019-05-26,11,78,0
846,2,2019,195,2019-05-26,8,78,4
847,2,2019,141,2019-05-26,15,77,0
762,44,2019,1,2019-06-09,15,69,0
794,44,2019,141,2019-06-09,18,67,0
795,44,2019,48,2019-06-09,1,70,25
798,44,2019,6,2019-06-09,2,70,18
805,44,2019,207,2019-06-09,14,69,0
807,44,2019,152,2019-06-09,7,69,6
815,44,2019,208,2019-06-09,12,69,0
816,44,2019,152,2019-06-09,6,69,8
820,44,2019,48,2019-06-09,4,70,13
824,44,2019,207,2019-06-09,17,68,0
825,44,2019,195,2019-06-09,10,69,1
830,44,2019,117,2019-06-09,11,69,0
831,44,2019,191,2019-06-09,5,70,10
839,44,2019,1,2019-06-09,13,69,0
840,44,2019,208,2019-06-09,9,69,2
841,44,2019,191,2019-06-09,8,69,4
843,44,2019,6,2019-06-09,3,70,15
845,44,2019,117,2019-06-09,20,8,0
846,44,2019,195,2019-06-09,19,59,0
847,44,2019,141,2019-06-09,16,68,0
762,35,2019,1,2019-06-23,7,52,6
794,35,2019,141,2019-06-23,18,51,0
795,35,2019,48,2019-06-23,1,53,25
798,35,2019,6,2019-06-23,5,53,11
805,35,2019,207,2019-06-23,20,44,0
807,35,2019,152,2019-06-23,8,52,4
815,35,2019,208,2019-06-23,12,52,0
816,35,2019,152,2019-06-23,11,52,0
820,35,2019,48,2019-06-23,2,53,18
824,35,2019,207,2019-06-23,17,52,0
825,35,2019,195,2019-06-23,14,52,0
830,35,2019,117,2019-06-23,6,53,8
831,35,2019,191,2019-06-23,4,53,12
839,35,2019,1,2019-06-23,16,52,0
840,35,2019,208,2019-06-23,13,52,0
841,35,2019,191,2019-06-23,10,52,1
843,35,2019,6,2019-06-23,3,53,15
845,35,2019,117,2019-06-23,9,52,2
846,35,2019,195,2019-06-23,15,52,0
847,35,2019,141,2019-06-23,19,51,0
762,34,2019,1,2019-06-30,9,70,2
794,34,2019,141,2019-06-30,20,68,0
795,34,2019,48,2019-06-30,5,71,10
798,34,2019,6,2019-06-30,4,71,12
805,34,2019,207,2019-06-30,16,70,0
807,34,2019,152,2019-06-30,13,70,0
815,34,2019,208,2019-06-30,11,70,0
816,34,2019,152,2019-06-30,12,70,0
820,34,2019,48,2019-06-30,3,71,15
824,34,2019,207,2019-06-30,19,69,0
825,34,2019,195,2019-06-30,17,70,0
830,34,2019,117,2019-06-30,8,70,4
831,34,2019,191,2019-06-30,1,71,26
839,34,2019,1,2019-06-30,10,70,1
840,34,2019,208,2019-06-30,14,70,0
841,34,2019,191,2019-06-30,7,70,6
843,34,2019,6,2019-06-30,2,71,18
845,34,2019,117,2019-06-30,6,70,8
846,34,2019,195,2019-06-30,15,70,0
847,34,2019,141,2019-06-30,18,69,0
762,1,2019,1,2019-07-14,8,52,4
794,1,2019,141,2019-07-14,15,51,0
795,1,2019,48,2019-07-14,1,52,26
798,1,2019,6,2019-07-14,16,51,0
805,1,2019,207,2019-07-14,19,9,0
807,1,2019,152,2019-07-14,10,52,1
815,1,2019,208,2019-07-14,17,51,0
816,1,2019,152,2019-07-14,7,52,6
820,1,2019,48,2019-07-14,2,52,18
824,1,2019,207,2019-07-14,20,6,0
825,1,2019,195,2019-07-14,9,52,2
830,1,2019,117,2019-07-14,6,52,8
831,1,2019,191,2019-07-14,5,52,10
839,1,2019,1,2019-07-14,18,18,0
840,1,2019,208,2019-07-14,13,52,0
841,1,2019,191,2019-07-14,4,52,12
843,1,2019,6,2019-07-14,3,52,15
845,1,2019,117,2019-07-14,11,52,0
846,1,2019,195,2019-07-14,12,52,0
847,1,2019,141,2019-07-14,14,51,0
762,33,2019,1,2019-07-28,12,64,0
794,33,2019,141,2019-07-28,10,64,1
795,33,2019,48,2019-07-28,9,64,2
798,33,2019,6,2019-07-28,2,64,18
805,33,2019,207,2019-07-28,7,64,6
807,33,2019,152,2019-07-28,16,39,0
815,33,2019,208,2019-07-28,20,1,0
816,33,2019,152,2019-07-28,19,13,0
820,33,2019,48,2019-07-28,15,56,0
824,33,2019,207,2019-07-28,8,64,4
825,33,2019,195,2019-07-28,3,64,15
830,33,2019,117,2019-07-28,5,64,10
831,33,2019,191,2019-07-28,1,64,26
839,33,2019,1,2019-07-28,13,64,0
840,33,2019,208,2019-07-28,4,64,12
841,33,2019,191,2019-07-28,14,61,0
843,33,2019,6,2019-07-28,17,27,0
845,33,2019,117,2019-07-28,18,25,0
846,33,2019,195,2019-07-28,6,64,8
847,33,2019,141,2019-07-28,11,64,0
762,52,2019,1,2019-08-04,7,69,6
794,52,2019,141,2019-08-04,19,67,0
795,52,2019,48,2019-08-04,1,70,25
798,52,2019,6,2019-08-04,3,70,15
805,52,2019,207,2019-08-04,20,49,0
807,52,2019,152,2019-08-04,12,69,0
815,52,2019,208,2019-08-04,11,69,0
816,52,2019,152,2019-08-04,14,69,0
820,52,2019,48,2019-08-04,8,69,4
824,52,2019,207,2019-08-04,13,69,0
825,52,2019,195,2019-08-04,15,68,0
830,52,2019,117,2019-08-04,5,69,10
831,52,2019,191,2019-08-04,2,70,19
839,52,2019,1,2019-08-04,18,68,0
840,52,2019,208,2019-08-04,17,68,0
841,52,2019,191,2019-08-04,6,69,8
843,52,2019,6,2019-08-04,4,70,12
845,52,2019,117,2019-08-04,9,69,2
846,52,2019,195,2019-08-04,10,69,1
847,52,2019,141,2019-08-04,16,68,0
762,5,2019,1,2019-09-01,16,43,0
794,5,2019,141,2019-09-01,17,43,0
795,5,2019,48,2019-09-01,2,44,18
798,5,2019,6,2019-09-01,4,44,13
805,5,2019,207,2019-09-01,13,43,0
807,5,2019,152,2019-09-01,8,44,4
815,5,2019,208,2019-09-01,6,44,8
816,5,2019,152,2019-09-01,14,43,0
820,5,2019,48,2019-09-01,3,44,15
824,5,2019,207,2019-09-01,12,43,0
825,5,2019,195,2019-09-01,7,44,6
830,5,2019,117,2019-09-01,19,1,0
831,5,2019,191,2019-09-01,20,0,0
839,5,2019,1,2019-09-01,18,42,0
840,5,2019,208,2019-09-01,10,44,1
841,5,2019,195,2019-09-01,9,44,2
843,5,2019,6,2019-09-01,1,44,25
845,5,2019,117,2019-09-01,11,43,0
846,5,2019,191,2019-09-01,5,44,10
847,5,2019,141,2019-09-01,15,43,0
762,7,2019,1,2019-09-08,15,52,0
794,7,2019,141,2019-09-08,17,51,0
795,7,2019,48,2019-09-08,3,53,16
798,7,2019,6,2019-09-08,13,52,0
805,7,2019,207,2019-09-08,16,52,0
807,7,2019,152,2019-09-08,5,53,10
815,7,2019,208,2019-09-08,7,53,6
816,7,2019,152,2019-09-08,4,53,12
820,7,2019,48,2019-09-08,2,53,18
824,7,2019,207,2019-09-08,18,43,0
825,7,2019,195,2019-09-08,19,29,0
830,7,2019,117,2019-09-08,20,27,0
831,7,2019,191,2019-09-08,8,53,4
839,7,2019,1,2019-09-08,9,52,2
840,7,2019,208,2019-09-08,12,52,0
841,7,2019,195,2019-09-08,11,52,0
843,7,2019,6,2019-09-08,1,53,25
845,7,2019,117,2019-09-08,10,52,1
846,7,2019,191,2019-09-08,6,53,8
847,7,2019,141,2019-09-08,14,52,0
762,65,2019,1,2019-09-22,18,49,0
794,65,2019,141,2019-09-22,16,61,0
795,65,2019,48,2019-09-22,4,61,12
798,65,2019,6,2019-09-22,1,61,25
805,65,2019,207,2019-09-22,11,61,0
807,65,2019,152,2019-09-22,9,61,2
815,65,2019,208,2019-09-22,19,42,0
816,65,2019,152,2019-09-22,14,61,0
820,65,2019,48,2019-09-22,5,61,10
824,65,2019,207,2019-09-22,17,61,0
825,65,2019,195,2019-09-22,15,61,0
830,65,2019,117,2019-09-22,12,61,0
831,65,2019,191,2019-09-22,3,61,15
839,65,2019,1,2019-09-22,10,61,1
840,65,2019,208,2019-09-22,13,61,0
841,65,2019,195,2019-09-22,8,61,4
843,65,2019,6,2019-09-22,2,61,18
845,65,2019,117,2019-09-22,7,61,6
846,65,2019,191,2019-09-22,6,61,8
847,65,2019,141,2019-09-22,20,34,0
762,70,2019,1,2019-09-29,13,53,0
794,70,2019,141,2019-09-29,16,28,0
795,70,2019,48,2019-09-29,1,53,26
798,70,2019,6,2019-09-29,18,26,0
805,70,2019,207,2019-09-29,20,0,0
807,70,2019,152,2019-09-29,10,53,1
815,70,2019,208,2019-09-29,7,53,6
816,70,2019,152,2019-09-29,19,24,0
820,70,2019,48,2019-09-29,2,53,18
824,70,2019,207,2019-09-29,9,53,2
825,70,2019,195,2019-09-29,12,53,0
830,70,2019,117,2019-09-29,6,53,8
831,70,2019,191,2019-09-29,4,53,12
839,70,2019,1,2019-09-29,15,53,0
840,70,2019,208,2019-09-29,11,53,0
841,70,2019,195,2019-09-29,14,53,0
843,70,2019,6,2019-09-29,3,53,15
845,70,2019,117,2019-09-29,8,53,4
846,70,2019,191,2019-09-29,5,53,10
847,70,2019,141,2019-09-29,17,27,0
762,53,2019,1,2019-10-13,12,51,0
794,53,2019,141,2019-10-13,17,50,0
795,53,2019,48,2019-10-13,3,52,16
798,53,2019,6,2019-10-13,2,52,18
805,53,2019,207,2019-10-13,13,51,0
807,53,2019,152,2019-10-13,20,51,0
815,53,2019,208,2019-10-13,8,51,4
816,53,2019,152,2019-10-13,19,51,0
820,53,2019,48,2019-10-13,1,52,25
824,53,2019,207,2019-10-13,15,51,0
825,53,2019,195,2019-10-13,10,51,1
830,53,2019,117,2019-10-13,5,52,10
831,53,2019,191,2019-10-13,18,14,0
839,53,2019,1,2019-10-13,14,51,0
840,53,2019,208,2019-10-13,9,51,2
841,53,2019,195,2019-10-13,7,51,6
843,53,2019,6,2019-10-13,6,51,8
845,53,2019,117,2019-10-13,11,51,0
846,53,2019,191,2019-10-13,4,52,12
847,53,2019,141,2019-10-13,16,50,0
762,23,2019,1,2019-10-27,19,58,0
794,23,2019,141,2019-10-27,18,69,0
795,23,2019,48,2019-10-27,1,71,25
798,23,2019,6,2019-10-27,2,71,18
805,23,2019,207,2019-10-27,17,69,0
807,23,2019,152,2019-10-27,10,70,1
815,23,2019,208,2019-10-27,7,71,6
816,23,2019,152,2019-10-27,8,71,4
820,23,2019,48,2019-10-27,3,71,15
824,23,2019,207,2019-10-27,15,69,0
825,23,2019,195,2019-10-27,11,70,0
830,23,2019,117,2019-10-27,13,70,0
831,23,2019,191,2019-10-27,6,71,8
839,23,2019,1,2019-10-27,14,70,0
840,23,2019,208,2019-10-27,12,70,0
841,23,2019,195,2019-10-27,9,70,2
843,23,2019,6,2019-10-27,4,71,13
845,23,2019,117,2019-10-27,20,48,0
846,23,2019,191,2019-10-27,5,71,10
847,23,2019,141,2019-10-27,16,69,0
762,69,2019,1,2019-11-03,11,55,0
794,69,2019,141,2019-11-03,19,31,0
795,69,2019,48,2019-11-03,2,56,18
798,69,2019,6,2019-11-03,20,7,0
805,69,2019,207,2019-11-03,15,55,0
807,69,2019,152,2019-11-03,9,55,2
815,69,2019,208,2019-11-03,10,55,1
816,69,2019,152,2019-11-03,6,56,8
820,69,2019,48,2019-11-03,1,56,25
824,69,2019,207,2019-11-03,18,52,0
825,69,2019,195,2019-11-03,12,55,0
830,69,2019,117,2019-11-03,8,55,4
831,69,2019,191,2019-11-03,3,56,15
839,69,2019,1,2019-11-03,14,55,0
840,69,2019,208,2019-11-03,13,55,0
841,69,2019,195,2019-11-03,16,54,0
843,69,2019,6,2019-11-03,4,56,13
845,69,2019,117,2019-11-03,7,56,6
846,69,2019,191,2019-11-03,5,56,10
847,69,2019,141,2019-11-03,17,54,0
762,37,2019,1,2019-11-17,4,71,12
794,37,2019,141,2019-11-17,16,70,0
795,37,2019,48,2019-11-17,7,71,6
798,37,2019,6,2019-11-17,17,65,0
805,37,2019,207,2019-11-17,13,71,0
807,37,2019,152,2019-11-17,15,71,0
815,37,2019,208,2019-11-17,9,71,2
816,37,2019,152,2019-11-17,6,71,8
820,37,2019,48,2019-11-17,20,51,0
824,37,2019,207,2019-11-17,11,71,0
825,37,2019,195,2019-11-17,10,71,1
830,37,2019,117,2019-11-17,3,71,15
831,37,2019,191,2019-11-17,1,71,25
839,37,2019,1,2019-11-17,5,71,10
840,37,2019,208,2019-11-17,19,65,0
841,37,2019,195,2019-11-17,2,71,18
843,37,2019,6,2019-11-17,18,65,0
845,37,2019,117,2019-11-17,8,71,4
846,37,2019,191,2019-11-17,14,71,0
847,37,2019,141,2019-11-17,12,71,0
762,66,2019,1,2019-12-01,13,54,0
794,66,2019,141,2019-12-01,19,53,0
795,66,2019,48,2019-12-01,1,55,26
798,66,2019,6,2019-12-01,5,55,10
805,66,2019,207,2019-12-01,15,54,0
807,66,2019,152,2019-12-01,12,54,0
815,66,2019,208,2019-12-01,7,54,6
816,66,2019,152,2019-12-01,11,54,0
820,66,2019,48,2019-12-01,4,55,12
824,66,2019,207,2019-12-01,14,54,0
825,66,2019,195,2019-12-01,9,54,2
830,66,2019,117,2019-12-01,10,54,1
831,66,2019,191,2019-12-01,2,55,18
839,66,2019,1,2019-12-01,16,54,0
840,66,2019,208,2019-12-01,20,45,0
841,66,2019,195,2019-12-01,18,53,0
843,66,2019,6,2019-12-01,3,55,15
845,66,2019,117,2019-12-01,8,54,4
846,66,2019,191,2019-12-01,6,55,8
847,66,2019,141,2019-12-01,17,54,0
762,34,2020,1,2020-07-05,14,53,0
795,34,2020,48,2020-07-05,4,71,12
798,34,2020,6,2020-07-05,10,71,1
805,34,2020,207,2020-07-05,16,49,0
815,34,2020,208,2020-07-05,6,71,8
816,34,2020,152,2020-07-05,19,17,0
820,34,2020,48,2020-07-05,1,71,25
824,34,2020,207,2020-07-05,17,24,0
825,34,2020,209,2020-07-05,12,69,0
830,34,2020,117,2020-07-05,5,71,10
831,34,2020,191,2020-07-05,20,11,0
838,34,2020,152,2020-07-05,8,71,4
839,34,2020,1,2020-07-05,9,71,2
840,34,2020,208,2020-07-05,18,20,0
841,34,2020,209,2020-07-05,7,71,6
843,34,2020,6,2020-07-05,2,71,18
845,34,2020,117,2020-07-05,3,71,16
846,34,2020,191,2020-07-05,13,67,0
847,34,2020,141,2020-07-05,15,49,0
848,34,2020,141,2020-07-05,11,71,0
762,34,2020,1,2020-07-12,11,70,0
795,34,2020,48,2020-07-12,1,71,25
798,34,2020,6,2020-07-12,20,1,0
805,34,2020,207,2020-07-12,13,70,0
815,34,2020,208,2020-07-12,6,71,8
816,34,2020,152,2020-07-12,8,71,4
820,34,2020,48,2020-07-12,2,71,18
824,34,2020,207,2020-07-12,12,70,0
825,34,2020,209,2020-07-12,10,70,1
830,34,2020,117,2020-07-12,9,70,3
831,34,2020,191,2020-07-12,3,71,15
838,34,2020,152,2020-07-12,18,25,0
839,34,2020,1,2020-07-12,14,70,0
840,34,2020,208,2020-07-12,7,71,6
841,34,2020,209,2020-07-12,15,70,0
843,34,2020,6,2020-07-12,19,4,0
845,34,2020,117,2020-07-12,5,71,10
846,34,2020,191,2020-07-12,4,71,12
847,34,2020,141,2020-07-12,16,69,0
848,34,2020,141,2020-07-12,17,69,0
762,52,2020,1,2020-07-19,15,69,0
795,52,2020,48,2020-07-19,1,70,26
798,52,2020,6,2020-07-19,6,69,8
805,52,2020,207,2020-07-19,16,69,0
815,52,2020,208,2020-07-19,7,69,6
816,52,2020,152,2020-07-19,8,69,4
820,52,2020,48,2020-07-19,3,70,15
824,52,2020,207,2020-07-19,10,69,1
825,52,2020,209,2020-07-19,12,69,0
830,52,2020,117,2020-07-19,9,69,2
831,52,2020,191,2020-07-19,2,70,18
838,52,2020,152,2020-07-19,14,69,0
839,52,2020,1,2020-07-19,17,69,0
840,52,2020,208,2020-07-19,4,70,12
841,52,2020,209,2020-07-19,20,15,0
843,52,2020,6,2020-07-19,11,69,0
845,52,2020,117,2020-07-19,13,69,0
846,52,2020,191,2020-07-19,5,70,10
847,52,2020,141,2020-07-19,18,69,0
848,52,2020,141,2020-07-19,19,65,0
762,1,2020,1,2020-08-02,17,51,0
795,1,2020,48,2020-08-02,1,52,25
798,1,2020,6,2020-08-02,10,52,1
805,1,2020,207,2020-08-02,16,52,0
807,1,2020,208,2020-08-02,20,0,0
816,1,2020,152,2020-08-02,4,52,12
820,1,2020,48,2020-08-02,11,52,0
824,1,2020,207,2020-08-02,19,1,0
825,1,2020,209,2020-08-02,18,11,0
830,1,2020,117,2020-08-02,13,52,0
831,1,2020,191,2020-08-02,2,52,19
838,1,2020,152,2020-08-02,6,52,8
839,1,2020,1,2020-08-02,14,52,0
840,1,2020,208,2020-08-02,9,52,2
841,1,2020,209,2020-08-02,7,52,6
843,1,2020,6,2020-08-02,3,52,15
845,1,2020,117,2020-08-02,5,52,10
846,1,2020,191,2020-08-02,8,52,4
847,1,2020,141,2020-08-02,12,52,0
848,1,2020,141,2020-08-02,15,52,0
762,1,2020,1,2020-08-09,15,51,0
795,1,2020,48,2020-08-09,2,52,19
798,1,2020,6,2020-08-09,12,52,0
805,1,2020,207,2020-08-09,16,51,0
807,1,2020,208,2020-08-09,7,52,6
816,1,2020,152,2020-08-09,14,51,0
820,1,2020,48,2020-08-09,3,52,15
824,1,2020,207,2020-08-09,20,43,0
825,1,2020,209,2020-08-09,10,52,1
830,1,2020,117,2020-08-09,13,52,0
831,1,2020,191,2020-08-09,1,52,25
838,1,2020,152,2020-08-09,8,52,4
839,1,2020,1,2020-08-09,17,51,0
840,1,2020,208,2020-08-09,6,52,8
841,1,2020,209,2020-08-09,11,52,0
843,1,2020,6,2020-08-09,4,52,12
845,1,2020,117,2020-08-09,9,52,2
846,1,2020,191,2020-08-09,5,52,10
847,1,2020,141,2020-08-09,18,51,0
848,1,2020,141,2020-08-09,19,51,0
762,56,2020,1,2020-08-16,14,65,0
795,56,2020,48,2020-08-16,1,66,25
798,56,2020,6,2020-08-16,7,65,6
805,56,2020,207,2020-08-16,19,64,0
815,56,2020,208,2020-08-16,5,65,10
816,56,2020,152,2020-08-16,11,65,0
820,56,2020,48,2020-08-16,3,66,16
824,56,2020,207,2020-08-16,15,65,0
825,56,2020,209,2020-08-16,12,65,0
830,56,2020,117,2020-08-16,6,65,8
831,56,2020,191,2020-08-16,2,66,18
838,56,2020,152,2020-08-16,13,65,0
839,56,2020,1,2020-08-16,16,65,0
840,56,2020,208,2020-08-16,4,65,12
841,56,2020,209,2020-08-16,9,65,2
843,56,2020,6,2020-08-16,20,38,0
845,56,2020,117,2020-08-16,10,65,1
846,56,2020,191,2020-08-16,8,65,4
847,56,2020,141,2020-08-16,17,65,0
848,56,2020,141,2020-08-16,18,64,0
762,5,2020,1,2020-08-30,12,44,0
795,5,2020,48,2020-08-30,1,44,25
798,5,2020,6,2020-08-30,13,44,0
805,5,2020,207,2020-08-30,15,44,0
815,5,2020,208,2020-08-30,10,44,1
816,5,2020,152,2020-08-30,4,44,13
820,5,2020,48,2020-08-30,2,44,18
824,5,2020,207,2020-08-30,17,44,0
825,5,2020,209,2020-08-30,11,44,0
830,5,2020,117,2020-08-30,20,0,0
831,5,2020,191,2020-08-30,3,44,15
838,5,2020,152,2020-08-30,5,44,10
839,5,2020,1,2020-08-30,18,9,0
840,5,2020,208,2020-08-30,9,44,2
841,5,2020,209,2020-08-30,8,44,4
843,5,2020,6,2020-08-30,14,44,0
845,5,2020,117,2020-08-30,7,44,6
846,5,2020,191,2020-08-30,6,44,8
847,5,2020,141,2020-08-30,19,9,0
848,5,2020,141,2020-08-30,16,44,0
762,7,2020,1,2020-09-06,13,53,0
795,7,2020,48,2020-09-06,7,53,7
798,7,2020,6,2020-09-06,20,6,0
805,7,2020,207,2020-09-06,12,53,0
815,7,2020,208,2020-09-06,10,53,1
816,7,2020,152,2020-09-06,6,53,8
820,7,2020,48,2020-09-06,5,53,10
824,7,2020,207,2020-09-06,19,17,0
825,7,2020,209,2020-09-06,9,53,2
830,7,2020,117,2020-09-06,2,53,18
831,7,2020,191,2020-09-06,17,30,0
838,7,2020,152,2020-09-06,8,53,4
839,7,2020,1,2020-09-06,16,53,0
840,7,2020,208,2020-09-06,3,53,15
841,7,2020,209,2020-09-06,1,53,25
843,7,2020,6,2020-09-06,18,23,0
845,7,2020,117,2020-09-06,4,53,12
846,7,2020,191,2020-09-06,15,53,0
847,7,2020,141,2020-09-06,14,53,0
848,7,2020,141,2020-09-06,11,53,0
762,72,2020,1,2020-09-13,9,59,2
795,72,2020,48,2020-09-13,1,59,26
798,72,2020,6,2020-09-13,10,59,1
805,72,2020,207,2020-09-13,12,59,0
815,72,2020,208,2020-09-13,5,59,10
816,72,2020,152,2020-09-13,4,59,12
820,72,2020,48,2020-09-13,2,59,18
824,72,2020,207,2020-09-13,16,5,0
825,72,2020,209,2020-09-13,7,59,6
830,72,2020,117,2020-09-13,18,5,0
831,72,2020,191,2020-09-13,19,0,0
838,72,2020,152,2020-09-13,14,7,0
839,72,2020,1,2020-09-13,17,5,0
840,72,2020,208,2020-09-13,13,42,0
841,72,2020,209,2020-09-13,20,0,0
843,72,2020,6,2020-09-13,8,59,4
845,72,2020,117,2020-09-13,6,59,8
846,72,2020,191,2020-09-13,3,59,15
847,72,2020,141,2020-09-13,11,59,0
848,72,2020,141,2020-09-13,15,6,0
762,70,2020,1,2020-09-27,14,52,0
795,70,2020,48,2020-09-27,3,53,15
798,70,2020,6,2020-09-27,13,52,0
805,70,2020,207,2020-09-27,17,52,0
815,70,2020,208,2020-09-27,4,53,12
816,70,2020,152,2020-09-27,5,53,10
820,70,2020,48,2020-09-27,1,53,26
824,70,2020,207,2020-09-27,12,52,0
825,70,2020,209,2020-09-27,8,53,4
830,70,2020,117,2020-09-27,19,0,0
831,70,2020,191,2020-09-27,2,53,18
838,70,2020,152,2020-09-27,7,53,6
839,70,2020,1,2020-09-27,11,52,0
840,70,2020,208,2020-09-27,20,0,0
841,70,2020,209,2020-09-27,9,53,2
843,70,2020,6,2020-09-27,6,53,8
845,70,2020,117,2020-09-27,15,52,0
846,70,2020,191,2020-09-27,10,53,1
847,70,2020,141,2020-09-27,18,52,0
848,70,2020,141,2020-09-27,16,52,0
762,8,2020,1,2020-10-11,12,60,0
795,8,2020,48,2020-10-11,1,60,25
798,8,2020,6,2020-10-11,11,60,0
805,8,2020,207,2020-10-11,9,60,2
807,8,2020,208,2020-10-11,8,60,4
815,8,2020,208,2020-10-11,4,60,12
816,8,2020,152,2020-10-11,3,60,15
820,8,2020,48,2020-10-11,19,18,0
824,8,2020,207,2020-10-11,13,60,0
825,8,2020,209,2020-10-11,15,60,0
830,8,2020,117,2020-10-11,5,60,10
831,8,2020,191,2020-10-11,2,60,19
838,8,2020,152,2020-10-11,18,22,0
839,8,2020,1,2020-10-11,10,60,1
841,8,2020,209,2020-10-11,6,60,8
843,8,2020,6,2020-10-11,7,60,6
845,8,2020,117,2020-10-11,16,42,0
846,8,2020,191,2020-10-11,17,23,0
847,8,2020,141,2020-10-11,20,12,0
848,8,2020,141,2020-10-11,14,60,0
762,73,2020,1,2020-10-25,11,65,0
795,73,2020,48,2020-10-25,1,66,26
798,73,2020,6,2020-10-25,10,65,1
805,73,2020,207,2020-10-25,17,65,0
815,73,2020,208,2020-10-25,7,65,6
816,73,2020,152,2020-10-25,9,65,2
820,73,2020,48,2020-10-25,2,66,18
824,73,2020,207,2020-10-25,16,65,0
825,73,2020,209,2020-10-25,19,64,0
830,73,2020,117,2020-10-25,6,65,8
831,73,2020,191,2020-10-25,3,66,15
838,73,2020,152,2020-10-25,8,65,4
839,73,2020,1,2020-10-25,15,65,0
840,73,2020,208,2020-10-25,20,51,0
841,73,2020,209,2020-10-25,5,65,10
843,73,2020,6,2020-10-25,4,66,12
845,73,2020,117,2020-10-25,13,65,0
846,73,2020,191,2020-10-25,12,65,0
847,73,2020,141,2020-10-25,14,65,0
848,73,2020,141,2020-10-25,18,64,0
762,45,2020,1,2020-11-01,9,63,2
795,45,2020,48,2020-11-01,1,63,26
798,45,2020,6,2020-11-01,12,63,0
805,45,2020,207,2020-11-01,14,63,0
815,45,2020,208,2020-11-01,6,63,8
816,45,2020,152,2020-11-01,3,63,15
820,45,2020,48,2020-11-01,2,63,18
824,45,2020,207,2020-11-01,18,47,0
825,45,2020,209,2020-11-01,4,63,12
830,45,2020,117,2020-11-01,7,63,6
831,45,2020,191,2020-11-01,17,50,0
838,45,2020,152,2020-11-01,19,27,0
839,45,2020,1,2020-11-01,10,63,1
840,45,2020,208,2020-11-01,13,63,0
841,45,2020,209,2020-11-01,20,8,0
843,45,2020,6,2020-11-01,5,63,10
845,45,2020,117,2020-11-01,8,63,4
846,45,2020,191,2020-11-01,15,63,0
847,45,2020,141,2020-11-01,16,51,0
848,45,2020,141,2020-11-01,11,63,0
762,63,2020,1,2020-11-15,15,57,0
795,63,2020,48,2020-11-15,1,58,25
798,63,2020,6,2020-11-15,3,58,15
805,63,2020,207,2020-11-15,18,49,0
815,63,2020,208,2020-11-15,2,58,18
816,63,2020,152,2020-11-15,10,58,1
820,63,2020,48,2020-11-15,14,57,0
824,63,2020,207,2020-11-15,17,55,0
825,63,2020,209,2020-11-15,12,57,0
830,63,2020,117,2020-11-15,5,58,10
831,63,2020,191,2020-11-15,6,58,8
838,63,2020,152,2020-11-15,11,57,0
839,63,2020,1,2020-11-15,20,11,0
840,63,2020,208,2020-11-15,9,58,2
841,63,2020,209,2020-11-15,13,57,0
843,63,2020,6,2020-11-15,4,58,12
845,63,2020,117,2020-11-15,8,58,5
846,63,2020,191,2020-11-15,7,58,6
847,63,2020,141,2020-11-15,16,57,0
848,63,2020,141,2020-11-15,19,39,0
762,61,2020,1,2020-11-29,15,56,0
795,61,2020,48,2020-11-29,1,57,25
798,61,2020,6,2020-11-29,13,56,0
805,61,2020,207,2020-11-29,20,0,0
815,61,2020,208,2020-11-29,18,53,0
816,61,2020,152,2020-11-29,7,57,6
820,61,2020,48,2020-11-29,8,57,4
824,61,2020,207,2020-11-29,17,56,0
825,61,2020,209,2020-11-29,11,56,0
830,61,2020,117,2020-11-29,5,57,10
831,61,2020,191,2020-11-29,2,57,19
838,61,2020,152,2020-11-29,9,57,2
839,61,2020,1,2020-11-29,16,56,0
840,61,2020,208,2020-11-29,19,2,0
841,61,2020,209,2020-11-29,6,57,8
843,61,2020,6,2020-11-29,10,56,1
845,61,2020,117,2020-11-29,4,57,12
846,61,2020,191,2020-11-29,3,57,15
847,61,2020,141,2020-11-29,12,56,0
848,61,2020,141,2020-11-29,14,56,0
762,61,2020,1,2020-12-06,14,87,0
798,61,2020,6,2020-12-06,12,87,0
815,61,2020,208,2020-12-06,1,87,25
816,61,2020,152,2020-12-06,5,87,10
820,61,2020,48,2020-12-06,8,87,4
824,61,2020,207,2020-12-06,15,87,0
825,61,2020,209,2020-12-06,7,87,6
830,61,2020,117,2020-12-06,4,87,12
831,61,2020,191,2020-12-06,19,0,0
838,61,2020,152,2020-12-06,2,87,18
839,61,2020,1,2020-12-06,13,87,0
840,61,2020,208,2020-12-06,3,87,15
841,61,2020,209,2020-12-06,11,87,0
843,61,2020,6,2020-12-06,20,0,0
845,61,2020,117,2020-12-06,10,87,1
846,61,2020,191,2020-12-06,6,87,8
847,61,2020,48,2020-12-06,9,87,3
848,61,2020,141,2020-12-06,18,52,0
849,61,2020,141,2020-12-06,16,87,0
850,61,2020,207,2020-12-06,17,87,0
762,66,2020,1,2020-12-13,12,54,0
795,66,2020,48,2020-12-13,3,55,15
798,66,2020,6,2020-12-13,14,54,0
815,66,2020,208,2020-12-13,20,8,0
816,66,2020,152,2020-12-13,7,55,7
820,66,2020,48,2020-12-13,2,55,18
824,66,2020,207,2020-12-13,18,54,0
825,66,2020,209,2020-12-13,11,54,0
830,66,2020,117,2020-12-13,6,55,8
831,66,2020,191,2020-12-13,1,55,25
838,66,2020,152,2020-12-13,9,55,2
839,66,2020,1,2020-12-13,16,54,0
840,66,2020,208,2020-12-13,10,55,1
841,66,2020,209,2020-12-13,8,55,4
843,66,2020,6,2020-12-13,13,54,0
845,66,2020,117,2020-12-13,5,55,10
846,66,2020,191,2020-12-13,4,55,12
847,66,2020,141,2020-12-13,15,54,0
848,66,2020,141,2020-12-13,17,54,0
850,66,2020,207,2020-12-13,19,53,0
762,61,2021,1,2021-03-28,11,56,0
763,61,2021,210,2021-03-28,19,32,0
795,61,2021,48,2021-03-28,1,56,25
798,61,2021,64,2021-03-28,15,55,0
815,61,2021,191,2021-03-28,5,56,10
816,61,2021,117,2021-03-28,7,56,6
820,61,2021,48,2021-03-28,3,56,16
830,61,2021,6,2021-03-28,8,56,4
831,61,2021,191,2021-03-28,2,56,18
838,61,2021,210,2021-03-28,13,55,0
839,61,2021,1,2021-03-28,12,55,0
840,61,2021,64,2021-03-28,10,56,1
841,61,2021,209,2021-03-28,17,52,0
843,61,2021,6,2021-03-28,6,56,8
845,61,2021,117,2021-03-28,4,56,12
847,61,2021,141,2021-03-28,14,55,0
848,61,2021,141,2021-03-28,18,51,0
851,61,2021,209,2021-03-28,9,56,2
852,61,2021,207,2021-03-28,16,55,0
853,61,2021,207,2021-03-28,20,0,0
762,45,2021,1,2021-04-18,13,63,0
763,45,2021,210,2021-04-18,10,63,1
795,45,2021,48,2021-04-18,2,63,19
798,45,2021,64,2021-04-18,15,61,0
815,45,2021,191,2021-04-18,11,63,0
816,45,2021,117,2021-04-18,6,63,8
820,45,2021,48,2021-04-18,18,30,0
830,45,2021,6,2021-04-18,5,63,10
831,45,2021,191,2021-04-18,1,63,25
838,45,2021,210,2021-04-18,9,63,2
839,45,2021,1,2021-04-18,14,62,0
840,45,2021,64,2021-04-18,8,63,4
841,45,2021,209,2021-04-18,7,63,6
843,45,2021,6,2021-04-18,4,63,12
845,45,2021,117,2021-04-18,3,63,15
847,45,2021,141,2021-04-18,19,30,0
848,45,2021,141,2021-04-18,20,0,0
851,45,2021,209,2021-04-18,12,63,0
852,45,2021,207,2021-04-18,16,61,0
853,45,2021,207,2021-04-18,17,61,0
762,73,2021,1,2021-05-02,20,1,0
763,73,2021,210,2021-05-02,8,66,4
795,73,2021,48,2021-05-02,1,66,25
798,73,2021,64,2021-05-02,13,65,0
815,73,2021,191,2021-05-02,4,66,12
816,73,2021,117,2021-05-02,9,66,2
820,73,2021,48,2021-05-02,3,66,16
830,73,2021,6,2021-05-02,11,66,0
831,73,2021,191,2021-05-02,2,66,18
838,73,2021,210,2021-05-02,7,66,6
839,73,2021,1,2021-05-02,12,65,0
840,73,2021,64,2021-05-02,14,65,0
841,73,2021,209,2021-05-02,10,66,1
843,73,2021,6,2021-05-02,6,66,8
845,73,2021,117,2021-05-02,5,66,10
847,73,2021,141,2021-05-02,16,65,0
848,73,2021,141,2021-05-02,18,64,0
851,73,2021,209,2021-05-02,15,65,0
852,73,2021,207,2021-05-02,17,64,0
853,73,2021,207,2021-05-02,19,64,0
762,56,2021,1,2021-05-09,12,65,0
763,56,2021,210,2021-05-09,17,65,0
795,56,2021,48,2021-05-09,1,66,25
798,56,2021,64,2021-05-09,13,65,0
815,56,2021,191,2021-05-09,5,66,10
816,56,2021,117,2021-05-09,6,66,8
820,56,2021,48,2021-05-09,3,66,15
830,56,2021,6,2021-05-09,7,66,6
831,56,2021,191,2021-05-09,2,66,19
838,56,2021,210,2021-05-09,9,65,2
839,56,2021,1,2021-05-09,15,65,0
840,56,2021,64,2021-05-09,11,65,0
841,56,2021,209,2021-05-09,10,65,1
843,56,2021,6,2021-05-09,4,66,12
845,56,2021,117,2021-05-09,8,65,4
847,56,2021,141,2021-05-09,14,65,0
848,56,2021,141,2021-05-09,16,65,0
851,56,2021,209,2021-05-09,20,6,0
852,56,2021,207,2021-05-09,18,64,0
853,56,2021,207,2021-05-09,19,64,0
762,2,2021,1,2021-05-23,11,77,0
763,2,2021,210,2021-05-23,13,77,0
795,2,2021,48,2021-05-23,7,78,7
798,2,2021,64,2021-05-23,5,78,10
815,2,2021,191,2021-05-23,4,78,12
816,2,2021,117,2021-05-23,12,77,0
820,2,2021,48,2021-05-23,19,29,0
830,2,2021,6,2021-05-23,2,78,18
831,2,2021,191,2021-05-23,1,78,25
838,2,2021,210,2021-05-23,9,77,2
839,2,2021,1,2021-05-23,10,77,1
840,2,2021,64,2021-05-23,8,77,4
841,2,2021,209,2021-05-23,6,78,8
843,2,2021,6,2021-05-23,20,0,0
845,2,2021,117,2021-05-23,3,78,15
847,2,2021,141,2021-05-23,14,77,0
848,2,2021,141,2021-05-23,15,77,0
851,2,2021,209,2021-05-23,16,77,0
852,2,2021,207,2021-05-23,18,75,0
853,2,2021,207,2021-05-23,17,75,0
762,71,2021,1,2021-06-06,10,51,1
763,71,2021,210,2021-06-06,6,51,8
795,71,2021,48,2021-06-06,15,51,0
798,71,2021,64,2021-06-06,2,51,18
815,71,2021,191,2021-06-06,1,51,25
816,71,2021,117,2021-06-06,9,51,2
820,71,2021,48,2021-06-06,12,51,0
830,71,2021,6,2021-06-06,8,51,4
831,71,2021,191,2021-06-06,18,45,0
838,71,2021,210,2021-06-06,20,3,0
839,71,2021,1,2021-06-06,11,51,0
840,71,2021,64,2021-06-06,19,29,0
841,71,2021,209,2021-06-06,3,51,15
843,71,2021,6,2021-06-06,4,51,12
845,71,2021,117,2021-06-06,5,51,10
847,71,2021,141,2021-06-06,17,48,0
848,71,2021,141,2021-06-06,16,51,0
851,71,2021,209,2021-06-06,7,51,6
852,71,2021,207,2021-06-06,13,51,0
853,71,2021,207,2021-06-06,14,51,0
762,35,2021,1,2021-06-20,17,52,0
763,35,2021,210,2021-06-20,8,53,4
795,35,2021,48,2021-06-20,2,53,18
798,35,2021,64,2021-06-20,9,53,2
815,35,2021,191,2021-06-20,3,53,15
816,35,2021,117,2021-06-20,6,53,8
820,35,2021,48,2021-06-20,4,53,12
830,35,2021,6,2021-06-20,11,53,0
831,35,2021,191,2021-06-20,1,53,26
838,35,2021,210,2021-06-20,14,52,0
839,35,2021,1,2021-06-20,15,52,0
840,35,2021,64,2021-06-20,10,53,1
841,35,2021,209,2021-06-20,7,53,6
843,35,2021,6,2021-06-20,16,52,0
845,35,2021,117,2021-06-20,5,53,10
847,35,2021,141,2021-06-20,12,52,0
848,35,2021,141,2021-06-20,18,52,0
851,35,2021,209,2021-06-20,13,52,0
852,35,2021,207,2021-06-20,19,52,0
853,35,2021,207,2021-06-20,20,52,0
762,34,2021,1,2021-06-27,11,70,0
763,34,2021,210,2021-06-27,9,70,2
795,34,2021,48,2021-06-27,2,71,19
798,34,2021,64,2021-06-27,12,70,0
815,34,2021,191,2021-06-27,4,71,12
816,34,2021,117,2021-06-27,13,70,0
820,34,2021,48,2021-06-27,3,71,15
830,34,2021,6,2021-06-27,6,70,8
831,34,2021,191,2021-06-27,1,71,25
838,34,2021,210,2021-06-27,14,70,0
839,34,2021,1,2021-06-27,15,70,0
840,34,2021,64,2021-06-27,8,70,4
841,34,2021,209,2021-06-27,20,1,0
843,34,2021,6,2021-06-27,7,70,6
845,34,2021,117,2021-06-27,5,70,10
847,34,2021,141,2021-06-27,19,36,0
848,34,2021,141,2021-06-27,17,68,0
851,34,2021,209,2021-06-27,10,70,1
852,34,2021,207,2021-06-27,16,69,0
853,34,2021,207,2021-06-27,18,68,0
762,34,2021,1,2021-07-04,15,70,0
763,34,2021,210,2021-07-04,10,70,1
795,34,2021,48,2021-07-04,4,71,12
798,34,2021,64,2021-07-04,17,69,0
815,34,2021,191,2021-07-04,6,71,8
816,34,2021,117,2021-07-04,7,71,6
820,34,2021,48,2021-07-04,2,71,18
830,34,2021,6,2021-07-04,5,71,10
831,34,2021,191,2021-07-04,1,71,26
838,34,2021,210,2021-07-04,20,0,0
839,34,2021,1,2021-07-04,14,70,0
840,34,2021,64,2021-07-04,13,70,0
841,34,2021,209,2021-07-04,9,71,2
843,34,2021,6,2021-07-04,8,71,4
845,34,2021,117,2021-07-04,3,71,15
847,34,2021,141,2021-07-04,11,70,0
848,34,2021,141,2021-07-04,16,70,0
851,34,2021,209,2021-07-04,12,70,0
852,34,2021,207,2021-07-04,18,69,0
853,34,2021,207,2021-07-04,19,69,0
762,1,2021,1,2021-07-18,15,51,0
763,1,2021,210,2021-07-18,7,52,6
795,1,2021,48,2021-07-18,1,52,25
798,1,2021,64,2021-07-18,19,40,0
815,1,2021,191,2021-07-18,16,51,0
816,1,2021,117,2021-07-18,5,52,10
820,1,2021,48,2021-07-18,3,52,15
830,1,2021,6,2021-07-18,6,52,8
831,1,2021,191,2021-07-18,20,0,0
838,1,2021,210,2021-07-18,9,52,2
839,1,2021,1,2021-07-18,13,51,0
840,1,2021,64,2021-07-18,8,52,4
841,1,2021,209,2021-07-18,11,52,0
843,1,2021,6,2021-07-18,2,52,18
845,1,2021,117,2021-07-18,4,52,12
847,1,2021,141,2021-07-18,12,51,0
848,1,2021,141,2021-07-18,14,51,0
851,1,2021,209,2021-07-18,10,52,1
852,1,2021,207,2021-07-18,18,51,0
853,1,2021,207,2021-07-18,17,51,0
762,52,2021,1,2021-08-01,10,69,1
763,52,2021,210,2021-08-01,4,70,12
795,52,2021,48,2021-08-01,2,70,18
798,52,2021,64,2021-08-01,20,70,0
815,52,2021,191,2021-08-01,17,0,0
816,52,2021,117,2021-08-01,11,69,0
820,52,2021,48,2021-08-01,16,0,0
830,52,2021,6,2021-08-01,3,70,15
831,52,2021,191,2021-08-01,9,70,2
838,52,2021,210,2021-08-01,1,70,25
839,52,2021,1,2021-08-01,13,69,0
840,52,2021,64,2021-08-01,19,0,0
841,52,2021,209,2021-08-01,5,70,11
843,52,2021,6,2021-08-01,18,0,0
845,52,2021,117,2021-08-01,15,2,0
847,52,2021,141,2021-08-01,8,70,4
848,52,2021,141,2021-08-01,7,70,6
851,52,2021,209,2021-08-01,6,70,8
852,52,2021,207,2021-08-01,12,69,0
853,52,2021,207,2021-08-01,14,3,0
762,5,2021,1,2021-08-29,18,1,0
763,5,2021,210,2021-08-29,11,1,0
795,5,2021,48,2021-08-29,3,1,7.5
798,5,2021,64,2021-08-29,5,1,5
815,5,2021,191,2021-08-29,19,1,0
816,5,2021,117,2021-08-29,4,1,6
820,5,2021,48,2021-08-29,12,1,0
830,5,2021,6,2021-08-29,10,1,0.5
831,5,2021,191,2021-08-29,1,1,12.5
838,5,2021,210,2021-08-29,7,1,3
839,5,2021,1,2021-08-29,13,1,0
840,5,2021,64,2021-08-29,20,1,0
841,5,2021,209,2021-08-29,6,1,4
843,5,2021,6,2021-08-29,8,1,2
845,5,2021,117,2021-08-29,14,1,0
847,5,2021,141,2021-08-29,2,1,9
848,5,2021,141,2021-08-29,9,1,1
851,5,2021,209,2021-08-29,15,1,0
852,5,2021,207,2021-08-29,16,1,0
853,5,2021,207,2021-08-29,17,1,0
763,11,2021,210,2021-09-05,6,71,8
794,11,2021,1,2021-09-05,15,70,0
795,11,2021,48,2021-09-05,2,72,19
798,11,2021,64,2021-09-05,13,70,0
815,11,2021,191,2021-09-05,8,71,4
816,11,2021,117,2021-09-05,11,71,0
820,11,2021,48,2021-09-05,3,72,15
830,11,2021,6,2021-09-05,7,71,6
831,11,2021,191,2021-09-05,1,72,25
838,11,2021,210,2021-09-05,9,71,2
839,11,2021,1,2021-09-05,14,70,0
840,11,2021,64,2021-09-05,12,70,0
841,11,2021,209,2021-09-05,4,71,12
843,11,2021,6,2021-09-05,5,71,10
845,11,2021,117,2021-09-05,10,71,1
847,11,2021,141,2021-09-05,17,69,0
848,11,2021,141,2021-09-05,16,70,0
851,11,2021,209,2021-09-05,19,48,0
852,11,2021,207,2021-09-05,18,69,0
853,11,2021,207,2021-09-05,20,41,0
763,7,2021,210,2021-09-12,8,53,4
794,7,2021,1,2021-09-12,14,53,0
795,7,2021,48,2021-09-12,17,25,0
798,7,2021,64,2021-09-12,12,53,0
815,7,2021,191,2021-09-12,5,53,10
816,7,2021,117,2021-09-12,1,53,26
820,7,2021,48,2021-09-12,3,53,15
830,7,2021,6,2021-09-12,6,53,8
831,7,2021,191,2021-09-12,18,25,0
838,7,2021,210,2021-09-12,10,53,1
839,7,2021,1,2021-09-12,13,53,0
840,7,2021,64,2021-09-12,7,53,6
841,7,2021,209,2021-09-12,19,3,0
843,7,2021,6,2021-09-12,4,53,12
845,7,2021,117,2021-09-12,2,53,18
847,7,2021,141,2021-09-12,9,53,2
848,7,2021,141,2021-09-12,11,53,0
851,7,2021,209,2021-09-12,20,0,0
852,7,2021,207,2021-09-12,15,53,0
853,7,2021,207,2021-09-12,16,41,0
762,70,2021,1,2021-09-26,8,53,4
763,70,2021,210,2021-09-26,6,53,8
795,70,2021,48,2021-09-26,1,53,25
798,70,2021,64,2021-09-26,12,52,0
815,70,2021,191,2021-09-26,9,53,2
816,70,2021,117,2021-09-26,4,53,12
820,70,2021,48,2021-09-26,5,53,10
830,70,2021,6,2021-09-26,3,53,15
831,70,2021,191,2021-09-26,2,53,18
838,70,2021,210,2021-09-26,14,52,0
839,70,2021,1,2021-09-26,16,52,0
840,70,2021,64,2021-09-26,11,53,0
841,70,2021,209,2021-09-26,13,52,0
843,70,2021,6,2021-09-26,15,52,0
845,70,2021,117,2021-09-26,7,53,7
847,70,2021,141,2021-09-26,10,53,1
848,70,2021,141,2021-09-26,19,47,0
851,70,2021,209,2021-09-26,17,52,0
852,70,2021,207,2021-09-26,20,32,0
853,70,2021,207,2021-09-26,18,51,0
762,63,2021,1,2021-10-10,12,57,0
763,63,2021,210,2021-10-10,16,57,0
795,63,2021,48,2021-10-10,5,58,10
798,63,2021,64,2021-10-10,18,57,0
815,63,2021,191,2021-10-10,3,58,15
816,63,2021,117,2021-10-10,13,57,0
820,63,2021,48,2021-10-10,1,58,26
830,63,2021,6,2021-10-10,8,58,4
831,63,2021,191,2021-10-10,2,58,18
838,63,2021,210,2021-10-10,10,57,1
839,63,2021,1,2021-10-10,11,57,0
840,63,2021,64,2021-10-10,9,58,2
841,63,2021,209,2021-10-10,6,58,8
843,63,2021,6,2021-10-10,4,58,12
845,63,2021,117,2021-10-10,7,58,6
847,63,2021,141,2021-10-10,15,57,0
848,63,2021,141,2021-10-10,17,57,0
851,63,2021,209,2021-10-10,14,57,0
852,63,2021,207,2021-10-10,19,56,0
853,63,2021,207,2021-10-10,20,56,0
762,69,2021,1,2021-10-24,13,55,0
763,69,2021,210,2021-10-24,18,49,0
795,69,2021,48,2021-10-24,2,56,19
798,69,2021,64,2021-10-24,10,55,1
815,69,2021,191,2021-10-24,3,56,15
816,69,2021,117,2021-10-24,5,56,10
820,69,2021,48,2021-10-24,6,56,8
830,69,2021,6,2021-10-24,7,56,6
831,69,2021,191,2021-10-24,1,56,25
838,69,2021,210,2021-10-24,19,40,0
839,69,2021,1,2021-10-24,11,55,0
840,69,2021,64,2021-10-24,12,55,0
841,69,2021,209,2021-10-24,20,14,0
843,69,2021,6,2021-10-24,4,56,12
845,69,2021,117,2021-10-24,8,56,4
847,69,2021,141,2021-10-24,14,55,0
848,69,2021,141,2021-10-24,15,55,0
851,69,2021,209,2021-10-24,9,55,2
852,69,2021,207,2021-10-24,16,54,0
853,69,2021,207,2021-10-24,17,54,0
762,23,2021,1,2021-11-07,8,70,4
763,23,2021,210,2021-11-07,9,70,2
795,23,2021,48,2021-11-07,2,71,18
798,23,2021,64,2021-11-07,7,70,6
815,23,2021,191,2021-11-07,3,71,15
816,23,2021,117,2021-11-07,12,70,0
820,23,2021,48,2021-11-07,15,69,0
830,23,2021,6,2021-11-07,6,70,8
831,23,2021,191,2021-11-07,1,71,25
838,23,2021,210,2021-11-07,13,70,0
839,23,2021,1,2021-11-07,11,70,0
840,23,2021,64,2021-11-07,14,69,0
841,23,2021,209,2021-11-07,4,71,12
843,23,2021,6,2021-11-07,5,71,10
845,23,2021,117,2021-11-07,10,70,1
847,23,2021,141,2021-11-07,16,69,0
848,23,2021,141,2021-11-07,17,69,0
851,23,2021,209,2021-11-07,20,0,0
852,23,2021,207,2021-11-07,19,0,0
853,23,2021,207,2021-11-07,18,68,0
762,37,2021,1,2021-11-14,12,70,0
763,37,2021,210,2021-11-14,9,70,2
795,37,2021,48,2021-11-14,1,71,25
798,37,2021,64,2021-11-14,11,70,0
815,37,2021,191,2021-11-14,4,71,13
816,37,2021,117,2021-11-14,19,49,0
820,37,2021,48,2021-11-14,3,71,15
830,37,2021,6,2021-11-14,6,71,8
831,37,2021,191,2021-11-14,2,71,18
838,37,2021,210,2021-11-14,8,70,4
839,37,2021,1,2021-11-14,14,70,0
840,37,2021,64,2021-11-14,20,47,0
841,37,2021,209,2021-11-14,7,70,6
843,37,2021,6,2021-11-14,5,71,10
845,37,2021,117,2021-11-14,10,70,1
847,37,2021,141,2021-11-14,13,70,0
848,37,2021,141,2021-11-14,16,70,0
851,37,2021,209,2021-11-14,15,70,0
852,37,2021,207,2021-11-14,18,69,0
853,37,2021,207,2021-11-14,17,69,0
762,74,2021,1,2021-11-21,14,56,0
763,74,2021,210,2021-11-21,3,57,15
795,74,2021,48,2021-11-21,1,57,25
798,74,2021,64,2021-11-21,10,56,1
815,74,2021,191,2021-11-21,4,57,12
816,74,2021,117,2021-11-21,12,56,0
820,74,2021,48,2021-11-21,20,48,0
830,74,2021,6,2021-11-21,7,57,6
831,74,2021,191,2021-11-21,2,57,19
838,74,2021,210,2021-11-21,5,57,10
839,74,2021,1,2021-11-21,15,56,0
840,74,2021,64,2021-11-21,6,57,8
841,74,2021,209,2021-11-21,11,56,0
843,74,2021,6,2021-11-21,8,57,4
845,74,2021,117,2021-11-21,9,56,2
847,74,2021,141,2021-11-21,17,55,0
848,74,2021,141,2021-11-21,19,50,0
851,74,2021,209,2021-11-21,13,56,0
852,74,2021,207,2021-11-21,16,56,0
853,74,2021,207,2021-11-21,18,55,0
762,75,2021,1,2021-12-05,15,49,0
763,75,2021,210,2021-12-05,13,49,0
795,75,2021,48,2021-12-05,1,50,26
798,75,2021,64,2021-12-05,16,44,0
815,75,2021,191,2021-12-05,17,14,0
816,75,2021,117,2021-12-05,5,50,10
820,75,2021,48,2021-12-05,3,50,15
830,75,2021,6,2021-12-05,8,50,4
831,75,2021,191,2021-12-05,2,50,18
838,75,2021,210,2021-12-05,4,50,12
839,75,2021,1,2021-12-05,9,50,2
840,75,2021,64,2021-12-05,11,50,0
841,75,2021,209,2021-12-05,6,50,8
843,75,2021,6,2021-12-05,7,50,6
845,75,2021,117,2021-12-05,10,50,1
847,75,2021,141,2021-12-05,19,14,0
848,75,2021,141,2021-12-05,12,50,0
851,75,2021,209,2021-12-05,14,49,0
852,75,2021,207,2021-12-05,20,8,0
853,75,2021,207,2021-12-05,18,14,0
762,66,2021,1,2021-12-12,19,25,0
763,66,2021,210,2021-12-12,8,58,4
795,66,2021,48,2021-12-12,2,58,18
798,66,2021,64,2021-12-12,11,58,0
815,66,2021,191,2021-12-12,15,55,0
816,66,2021,117,2021-12-12,12,57,0
820,66,2021,48,2021-12-12,6,58,8
830,66,2021,6,2021-12-12,3,58,15
831,66,2021,191,2021-12-12,1,58,26
838,66,2021,210,2021-12-12,9,58,2
839,66,2021,1,2021-12-12,17,33,0
840,66,2021,64,2021-12-12,13,57,0
841,66,2021,209,2021-12-12,5,58,10
843,66,2021,6,2021-12-12,10,58,1
845,66,2021,117,2021-12-12,7,58,6
847,66,2021,141,2021-12-12,18,26,0
848,66,2021,141,2021-12-12,16,50,0
851,66,2021,209,2021-12-12,4,58,12
852,66,2021,207,2021-12-12,14,57,0
853,66,2021,207,2021-12-12,20,0,0
763,61,2022,210,2022-03-20,9,57,2
795,61,2022,48,2022-03-20,3,57,15
807,61,2022,64,2022-03-20,17,57,0
815,61,2022,191,2022-03-20,18,56,0
816,61,2022,117,2022-03-20,14,57,0
820,61,2022,1,2022-03-20,6,57,8
824,61,2022,207,2022-03-20,5,57,10
830,61,2022,6,2022-03-20,2,57,18
831,61,2022,191,2022-03-20,19,54,0
838,61,2022,210,2022-03-20,7,57,6
840,61,2022,64,2022-03-20,12,57,0
841,61,2022,209,2022-03-20,20,44,0
843,61,2022,6,2022-03-20,1,57,26
845,61,2022,117,2022-03-20,15,57,0
846,61,2022,141,2022-03-20,13,57,0
847,61,2022,48,2022-03-20,4,57,12
848,61,2022,141,2022-03-20,16,57,0
851,61,2022,209,2022-03-20,8,57,4
852,61,2022,207,2022-03-20,11,57,0
854,61,2022,1,2022-03-20,10,57,1
763,75,2022,210,2022-03-27,16,35,0
795,75,2022,48,2022-03-27,10,50,1
807,75,2022,64,2022-03-27,12,50,0
815,75,2022,191,2022-03-27,4,50,12
816,75,2022,117,2022-03-27,17,35,0
820,75,2022,1,2022-03-27,15,36,0
824,75,2022,207,2022-03-27,9,50,2
830,75,2022,6,2022-03-27,3,50,15
831,75,2022,191,2022-03-27,1,50,25
838,75,2022,210,2022-03-27,6,50,8
840,75,2022,64,2022-03-27,13,49,0
841,75,2022,209,2022-03-27,8,50,4
843,75,2022,6,2022-03-27,2,50,19
845,75,2022,117,2022-03-27,7,50,6
846,75,2022,141,2022-03-27,14,47,0
847,75,2022,48,2022-03-27,5,50,10
848,75,2022,141,2022-03-27,18,14,0
851,75,2022,209,2022-03-27,19,0,0
852,75,2022,207,2022-03-27,20,0,0
854,75,2022,1,2022-03-27,11,50,0
763,59,2022,210,2022-04-10,17,57,0
795,59,2022,48,2022-04-10,4,58,12
798,59,2022,64,2022-04-10,19,22,0
815,59,2022,191,2022-04-10,2,58,18
816,59,2022,117,2022-04-10,6,58,8
820,59,2022,1,2022-04-10,8,58,4
824,59,2022,207,2022-04-10,14,57,0
830,59,2022,6,2022-04-10,20,1,0
831,59,2022,191,2022-04-10,18,38,0
838,59,2022,210,2022-04-10,7,58,6
840,59,2022,64,2022-04-10,12,58,0
841,59,2022,209,2022-04-10,9,58,2
843,59,2022,6,2022-04-10,1,58,26
845,59,2022,117,2022-04-10,5,58,10
846,59,2022,141,2022-04-10,10,58,1
847,59,2022,48,2022-04-10,3,58,15
848,59,2022,141,2022-04-10,16,57,0
851,59,2022,209,2022-04-10,15,57,0
852,59,2022,207,2022-04-10,13,57,0
854,59,2022,1,2022-04-10,11,58,0
763,45,2022,210,2022-04-24,19,6,0
795,45,2022,48,2022-04-24,13,62,0
798,45,2022,64,2022-04-24,8,63,4
815,45,2022,191,2022-04-24,2,63,18
816,45,2022,117,2022-04-24,18,62,0
820,45,2022,1,2022-04-24,5,63,10
824,45,2022,207,2022-04-24,9,63,2
830,45,2022,6,2022-04-24,20,0,0
831,45,2022,191,2022-04-24,1,63,26
838,45,2022,210,2022-04-24,14,62,0
840,45,2022,64,2022-04-24,10,62,1
841,45,2022,209,2022-04-24,12,62,0
843,45,2022,6,2022-04-24,6,63,8
845,45,2022,117,2022-04-24,3,63,15
846,45,2022,141,2022-04-24,11,62,0
847,45,2022,48,2022-04-24,4,63,12
848,45,2022,141,2022-04-24,16,62,0
851,45,2022,209,2022-04-24,7,63,6
852,45,2022,207,2022-04-24,17,62,0
854,45,2022,1,2022-04-24,15,62,0
763,76,2022,210,2022-05-08,11,57,0
795,76,2022,48,2022-05-08,6,57,8
798,76,2022,64,2022-05-08,17,54,0
815,76,2022,191,2022-05-08,4,57,12
816,76,2022,117,2022-05-08,13,57,0
820,76,2022,1,2022-05-08,7,57,6
824,76,2022,207,2022-05-08,16,56,0
830,76,2022,6,2022-05-08,3,57,15
831,76,2022,191,2022-05-08,1,57,26
838,76,2022,210,2022-05-08,8,57,4
840,76,2022,64,2022-05-08,10,57,1
841,76,2022,209,2022-05-08,18,45,0
843,76,2022,6,2022-05-08,2,57,18
845,76,2022,117,2022-05-08,19,39,0
846,76,2022,141,2022-05-08,9,57,2
847,76,2022,48,2022-05-08,5,57,10
848,76,2022,141,2022-05-08,14,57,0
851,76,2022,209,2022-05-08,12,57,0
852,76,2022,207,2022-05-08,15,57,0
854,76,2022,1,2022-05-08,20,6,0
763,56,2022,210,2022-05-22,9,65,2
795,56,2022,48,2022-05-22,5,66,10
798,56,2022,64,2022-05-22,11,65,0
815,56,2022,191,2022-05-22,2,66,19
816,56,2022,117,2022-05-22,12,65,0
820,56,2022,1,2022-05-22,6,66,8
824,56,2022,207,2022-05-22,17,64,0
830,56,2022,6,2022-05-22,4,66,12
831,56,2022,191,2022-05-22,1,66,25
838,56,2022,210,2022-05-22,7,66,6
840,56,2022,64,2022-05-22,15,65,0
841,56,2022,209,2022-05-22,13,65,0
843,56,2022,6,2022-05-22,20,27,0
845,56,2022,117,2022-05-22,8,66,4
846,56,2022,141,2022-05-22,18,64,0
847,56,2022,48,2022-05-22,3,66,15
848,56,2022,141,2022-05-22,16,64,0
851,56,2022,209,2022-05-22,10,65,1
852,56,2022,207,2022-05-22,14,65,0
854,56,2022,1,2022-05-22,19,28,0
763,2,2022,210,2022-05-29,7,64,6
795,2,2022,48,2022-05-29,8,64,4
798,2,2022,64,2022-05-29,10,64,1
815,2,2022,191,2022-05-29,1,64,25
816,2,2022,117,2022-05-29,13,64,0
820,2,2022,1,2022-05-29,9,64,2
824,2,2022,207,2022-05-29,20,19,0
830,2,2022,6,2022-05-29,2,64,18
831,2,2022,191,2022-05-29,3,64,15
838,2,2022,210,2022-05-29,12,64,0
840,2,2022,64,2022-05-29,14,64,0
841,2,2022,209,2022-05-29,11,64,0
843,2,2022,6,2022-05-29,4,64,12
845,2,2022,117,2022-05-29,6,64,9
846,2,2022,141,2022-05-29,18,48,0
847,2,2022,48,2022-05-29,5,64,10
848,2,2022,141,2022-05-29,15,63,0
851,2,2022,209,2022-05-29,17,63,0
852,2,2022,207,2022-05-29,19,24,0
854,2,2022,1,2022-05-29,16,63,0
763,71,2022,210,2022-06-12,7,51,6
795,71,2022,48,2022-06-12,4,51,12
798,71,2022,64,2022-06-12,6,51,8
815,71,2022,191,2022-06-12,2,51,19
816,71,2022,117,2022-06-12,8,51,4
820,71,2022,1,2022-06-12,11,50,0
824,71,2022,207,2022-06-12,17,31,0
830,71,2022,6,2022-06-12,20,8,0
831,71,2022,191,2022-06-12,1,51,25
838,71,2022,210,2022-06-12,10,51,1
840,71,2022,64,2022-06-12,16,46,0
841,71,2022,209,2022-06-12,5,51,10
843,71,2022,6,2022-06-12,19,21,0
845,71,2022,117,2022-06-12,9,51,2
846,71,2022,141,2022-06-12,12,50,0
847,71,2022,48,2022-06-12,3,51,15
848,71,2022,141,2022-06-12,15,50,0
851,71,2022,209,2022-06-12,13,50,0
852,71,2022,207,2022-06-12,14,50,0
854,71,2022,1,2022-06-12,18,23,0
763,44,2022,210,2022-06-19,9,70,2
795,44,2022,48,2022-06-19,3,70,15
798,44,2022,64,2022-06-19,12,70,0
815,44,2022,191,2022-06-19,20,7,0
816,44,2022,117,2022-06-19,11,70,0
820,44,2022,1,2022-06-19,7,70,6
824,44,2022,207,2022-06-19,17,70,0
830,44,2022,6,2022-06-19,2,70,19
831,44,2022,191,2022-06-19,1,70,25
838,44,2022,210,2022-06-19,6,70,8
840,44,2022,64,2022-06-19,10,70,1
841,44,2022,209,2022-06-19,14,70,0
843,44,2022,6,2022-06-19,5,70,10
845,44,2022,117,2022-06-19,15,70,0
846,44,2022,141,2022-06-19,13,70,0
847,44,2022,48,2022-06-19,4,70,12
848,44,2022,141,2022-06-19,16,70,0
851,44,2022,209,2022-06-19,18,47,0
852,44,2022,207,2022-06-19,19,18,0
854,44,2022,1,2022-06-19,8,70,4
763,1,2022,210,2022-07-03,5,52,10
795,1,2022,48,2022-07-03,3,52,16
798,1,2022,64,2022-07-03,9,52,2
815,1,2022,191,2022-07-03,2,52,18
816,1,2022,117,2022-07-03,13,52,0
820,1,2022,1,2022-07-03,17,20,0
824,1,2022,207,2022-07-03,10,52,1
830,1,2022,6,2022-07-03,1,52,25
831,1,2022,191,2022-07-03,7,52,6
838,1,2022,210,2022-07-03,15,37,0
840,1,2022,64,2022-07-03,11,52,0
841,1,2022,209,2022-07-03,16,26,0
843,1,2022,6,2022-07-03,4,52,12
845,1,2022,117,2022-07-03,6,52,8
846,1,2022,141,2022-07-03,20,0,0
847,1,2022,48,2022-07-03,18,0,0
848,1,2022,141,2022-07-03,12,52,0
851,1,2022,209,2022-07-03,14,52,0
852,1,2022,207,2022-07-03,8,52,4
854,1,2022,1,2022-07-03,19,0,0
763,34,2022,210,2022-07-10,10,70,1
795,34,2022,48,2022-07-10,3,71,15
798,34,2022,64,2022-07-10,17,70,0
815,34,2022,191,2022-07-10,20,24,0
816,34,2022,117,2022-07-10,9,70,2
820,34,2022,1,2022-07-10,11,70,0
824,34,2022,207,2022-07-10,8,70,4
830,34,2022,6,2022-07-10,18,56,0
831,34,2022,191,2022-07-10,2,71,19
838,34,2022,210,2022-07-10,5,71,10
840,34,2022,64,2022-07-10,13,70,0
841,34,2022,209,2022-07-10,15,70,0
843,34,2022,6,2022-07-10,1,71,25
845,34,2022,117,2022-07-10,7,70,6
846,34,2022,141,2022-07-10,12,70,0
847,34,2022,48,2022-07-10,4,71,12
848,34,2022,141,2022-07-10,19,48,0
851,34,2022,209,2022-07-10,16,70,0
852,34,2022,207,2022-07-10,6,70,8
854,34,2022,1,2022-07-10,14,70,0
763,35,2022,210,2022-07-24,6,53,8
795,35,2022,48,2022-07-24,2,53,18
798,35,2022,64,2022-07-24,11,53,0
815,35,2022,191,2022-07-24,4,53,12
816,35,2022,117,2022-07-24,9,53,2
820,35,2022,1,2022-07-24,14,53,0
824,35,2022,207,2022-07-24,18,37,0
830,35,2022,6,2022-07-24,5,53,11
831,35,2022,191,2022-07-24,1,53,25
838,35,2022,210,2022-07-24,8,53,4
840,35,2022,64,2022-07-24,10,53,1
841,35,2022,209,2022-07-24,12,53,0
843,35,2022,6,2022-07-24,19,17,0
845,35,2022,117,2022-07-24,7,53,6
846,35,2022,141,2022-07-24,13,53,0
847,35,2022,48,2022-07-24,3,53,15
848,35,2022,141,2022-07-24,17,40,0
851,35,2022,209,2022-07-24,20,17,0
852,35,2022,207,2022-07-24,15,53,0
854,35,2022,1,2022-07-24,16,47,0
763,52,2022,210,2022-07-31,8,69,4
795,52,2022,48,2022-07-31,2,70,19
798,52,2022,64,2022-07-31,10,69,1
815,52,2022,191,2022-07-31,5,70,10
816,52,2022,117,2022-07-31,15,69,0
820,52,2022,1,2022-07-31,20,65,0
824,52,2022,207,2022-07-31,16,69,0
830,52,2022,6,2022-07-31,4,70,12
831,52,2022,191,2022-07-31,1,70,25
838,52,2022,210,2022-07-31,9,69,2
840,52,2022,64,2022-07-31,11,69,0
841,52,2022,209,2022-07-31,12,69,0
843,52,2022,6,2022-07-31,6,70,8
845,52,2022,117,2022-07-31,7,70,6
846,52,2022,141,2022-07-31,17,69,0
847,52,2022,48,2022-07-31,3,70,15
848,52,2022,141,2022-07-31,18,69,0
851,52,2022,209,2022-07-31,19,68,0
852,52,2022,207,2022-07-31,14,69,0
854,52,2022,1,2022-07-31,13,69,0
763,5,2022,210,2022-08-28,5,44,10
795,5,2022,48,2022-08-28,20,0,0
798,5,2022,64,2022-08-28,8,44,4
815,5,2022,191,2022-08-28,2,44,18
816,5,2022,117,2022-08-28,15,44,0
820,5,2022,1,2022-08-28,19,1,0
824,5,2022,207,2022-08-28,16,43,0
830,5,2022,6,2022-08-28,3,44,15
831,5,2022,191,2022-08-28,1,44,26
838,5,2022,210,2022-08-28,7,44,6
840,5,2022,64,2022-08-28,11,44,0
841,5,2022,209,2022-08-28,9,44,2
843,5,2022,6,2022-08-28,6,44,8
845,5,2022,117,2022-08-28,12,44,0
846,5,2022,141,2022-08-28,10,44,1
847,5,2022,48,2022-08-28,4,44,12
848,5,2022,141,2022-08-28,18,43,0
851,5,2022,209,2022-08-28,13,44,0
852,5,2022,207,2022-08-28,17,43,0
854,5,2022,1,2022-08-28,14,44,0
763,11,2022,210,2022-09-04,6,72,8
795,11,2022,48,2022-09-04,4,72,12
798,11,2022,64,2022-09-04,14,72,0
815,11,2022,191,2022-09-04,5,72,10
816,11,2022,117,2022-09-04,17,72,0
820,11,2022,1,2022-09-04,19,53,0
824,11,2022,207,2022-09-04,15,72,0
830,11,2022,6,2022-09-04,8,72,4
831,11,2022,191,2022-09-04,1,72,26
838,11,2022,210,2022-09-04,9,72,2
840,11,2022,64,2022-09-04,10,72,1
841,11,2022,209,2022-09-04,11,72,0
843,11,2022,6,2022-09-04,3,72,15
845,11,2022,117,2022-09-04,7,72,6
846,11,2022,141,2022-09-04,12,72,0
847,11,2022,48,2022-09-04,2,72,18
848,11,2022,141,2022-09-04,18,71,0
851,11,2022,209,2022-09-04,20,43,0
852,11,2022,207,2022-09-04,13,72,0
854,11,2022,1,2022-09-04,16,72,0
763,7,2022,210,2022-09-11,19,31,0
795,7,2022,48,2022-09-11,5,53,10
798,7,2022,64,2022-09-11,20,10,0
815,7,2022,191,2022-09-11,6,53,9
816,7,2022,117,2022-09-11,17,45,0
820,7,2022,1,2022-09-11,13,52,0
824,7,2022,207,2022-09-11,16,52,0
830,7,2022,6,2022-09-11,4,53,12
831,7,2022,191,2022-09-11,1,53,25
838,7,2022,210,2022-09-11,11,53,0
840,7,2022,64,2022-09-11,18,39,0
841,7,2022,209,2022-09-11,8,53,4
843,7,2022,6,2022-09-11,2,53,18
845,7,2022,117,2022-09-11,7,53,6
847,7,2022,48,2022-09-11,3,53,15
848,7,2022,141,2022-09-11,15,52,0
851,7,2022,209,2022-09-11,14,52,0
852,7,2022,207,2022-09-11,12,53,0
854,7,2022,1,2022-09-11,10,53,1
855,7,2022,141,2022-09-11,9,53,2
763,65,2022,210,2022-10-02,18,20,0
795,65,2022,48,2022-10-02,9,59,2
798,65,2022,64,2022-10-02,8,59,4
815,65,2022,191,2022-10-02,1,59,25
816,65,2022,117,2022-10-02,5,59,10
820,65,2022,1,2022-10-02,11,59,0
824,65,2022,207,2022-10-02,12,59,0
830,65,2022,6,2022-10-02,3,59,15
831,65,2022,191,2022-10-02,7,59,6
838,65,2022,210,2022-10-02,16,26,0
840,65,2022,64,2022-10-02,6,59,8
841,65,2022,209,2022-10-02,10,59,1
843,65,2022,6,2022-10-02,2,59,18
845,65,2022,117,2022-10-02,4,59,12
846,65,2022,141,2022-10-02,17,25,0
847,65,2022,48,2022-10-02,14,57,0
848,65,2022,141,2022-10-02,19,7,0
851,65,2022,209,2022-10-02,15,34,0
852,65,2022,207,2022-10-02,13,58,0
854,65,2022,1,2022-10-02,20,6,0
763,53,2022,210,2022-10-09,7,28,6
795,53,2022,48,2022-10-09,5,28,10
798,53,2022,64,2022-10-09,6,28,8
815,53,2022,191,2022-10-09,2,28,18
816,53,2022,117,2022-10-09,11,28,0
820,53,2022,1,2022-10-09,15,28,0
824,53,2022,207,2022-10-09,14,28,0
830,53,2022,6,2022-10-09,19,0,0
831,53,2022,191,2022-10-09,1,28,25
838,53,2022,210,2022-10-09,4,28,12
840,53,2022,64,2022-10-09,12,28,0
841,53,2022,209,2022-10-09,18,28,0
843,53,2022,6,2022-10-09,3,28,15
845,53,2022,117,2022-10-09,10,28,1
846,53,2022,141,2022-10-09,20,0,0
847,53,2022,48,2022-10-09,8,28,4
848,53,2022,141,2022-10-09,9,28,2
851,53,2022,209,2022-10-09,13,28,0
852,53,2022,207,2022-10-09,17,28,0
854,53,2022,1,2022-10-09,16,28,0
763,69,2022,210,2022-10-23,7,56,6
795,69,2022,48,2022-10-23,2,56,18
798,69,2022,64,2022-10-23,8,56,4
815,69,2022,191,2022-10-23,4,56,12
816,69,2022,117,2022-10-23,16,56,0
820,69,2022,1,2022-10-23,19,16,0
824,69,2022,207,2022-10-23,9,56,2
830,69,2022,6,2022-10-23,20,1,0
831,69,2022,191,2022-10-23,1,56,25
838,69,2022,210,2022-10-23,11,56,0
840,69,2022,64,2022-10-23,18,21,0
841,69,2022,209,2022-10-23,14,56,0
843,69,2022,6,2022-10-23,3,56,15
845,69,2022,117,2022-10-23,6,56,8
846,69,2022,141,2022-10-23,13,56,0
847,69,2022,48,2022-10-23,5,56,11
848,69,2022,141,2022-10-23,17,56,0
851,69,2022,209,2022-10-23,10,56,1
852,69,2022,207,2022-10-23,15,56,0
854,69,2022,1,2022-10-23,12,56,0
763,23,2022,210,2022-10-30,19,63,0
795,23,2022,48,2022-10-30,2,71,18
798,23,2022,64,2022-10-30,14,70,0
815,23,2022,191,2022-10-30,3,71,15
816,23,2022,117,2022-10-30,7,70,6
820,23,2022,1,2022-10-30,10,70,1
824,23,2022,207,2022-10-30,17,70,0
830,23,2022,6,2022-10-30,5,71,10
831,23,2022,191,2022-10-30,1,71,25
838,23,2022,210,2022-10-30,8,70,4
840,23,2022,64,2022-10-30,15,70,0
841,23,2022,209,2022-10-30,11,70,0
843,23,2022,6,2022-10-30,6,71,8
845,23,2022,117,2022-10-30,9,70,2
846,23,2022,141,2022-10-30,12,70,0
847,23,2022,48,2022-10-30,4,71,13
848,23,2022,141,2022-10-30,18,69,0
851,23,2022,209,2022-10-30,20,50,0
852,23,2022,207,2022-10-30,16,70,0
854,23,2022,1,2022-10-30,13,70,0
763,37,2022,210,2022-11-13,5,71,10
795,37,2022,48,2022-11-13,2,71,18
798,37,2022,64,2022-11-13,11,71,0
815,37,2022,191,2022-11-13,7,71,6
816,37,2022,117,2022-11-13,20,0,0
820,37,2022,1,2022-11-13,9,71,2
824,37,2022,207,2022-11-13,19,0,0
830,37,2022,6,2022-11-13,3,71,15
831,37,2022,191,2022-11-13,6,71,8
838,37,2022,210,2022-11-13,8,71,4
840,37,2022,64,2022-11-13,10,71,1
841,37,2022,209,2022-11-13,14,71,0
843,37,2022,6,2022-11-13,4,71,12
845,37,2022,117,2022-11-13,18,50,0
846,37,2022,141,2022-11-13,15,71,0
847,37,2022,48,2022-11-13,1,71,26
848,37,2022,141,2022-11-13,16,71,0
851,37,2022,209,2022-11-13,17,70,0
852,37,2022,207,2022-11-13,13,71,0
854,37,2022,1,2022-11-13,12,71,0
763,66,2022,210,2022-11-20,20,27,0
795,66,2022,48,2022-11-20,18,55,0
798,66,2022,64,2022-11-20,10,58,1
815,66,2022,191,2022-11-20,3,58,15
816,66,2022,117,2022-11-20,9,58,2
820,66,2022,1,2022-11-20,15,57,0
824,66,2022,207,2022-11-20,17,57,0
830,66,2022,6,2022-11-20,4,58,12
831,66,2022,191,2022-11-20,1,58,25
838,66,2022,210,2022-11-20,7,58,6
840,66,2022,64,2022-11-20,8,58,4
841,66,2022,209,2022-11-20,14,57,0
843,66,2022,6,2022-11-20,2,58,18
845,66,2022,117,2022-11-20,6,58,9
846,66,2022,141,2022-11-20,13,57,0
847,66,2022,48,2022-11-20,5,58,10
848,66,2022,141,2022-11-20,19,55,0
851,66,2022,209,2022-11-20,11,58,0
852,66,2022,207,2022-11-20,16,57,0
854,66,2022,1,2022-11-20,12,57,0
763,61,2023,64,2023-03-05,3,57,15
795,61,2023,48,2023-03-05,5,57,10
807,61,2023,207,2023-03-05,15,56,0
815,61,2023,191,2023-03-05,2,57,18
820,61,2023,1,2023-03-05,8,57,4
824,61,2023,207,2023-03-05,13,56,0
830,61,2023,6,2023-03-05,4,57,12
831,61,2023,191,2023-03-05,1,57,25
838,61,2023,210,2023-03-05,18,41,0
840,61,2023,64,2023-03-05,6,57,8
841,61,2023,210,2023-03-05,9,57,2
843,61,2023,6,2023-03-05,19,39,0
845,61,2023,117,2023-03-05,17,55,0
846,61,2023,141,2023-03-05,10,57,1
847,61,2023,48,2023-03-05,7,57,6
851,61,2023,209,2023-03-05,11,57,0
854,61,2023,1,2023-03-05,16,56,0
855,61,2023,209,2023-03-05,14,56,0
856,61,2023,141,2023-03-05,12,56,0
857,61,2023,117,2023-03-05,20,13,0
763,75,2023,64,2023-03-19,3,50,15
795,75,2023,48,2023-03-19,5,50,10
807,75,2023,207,2023-03-19,12,50,0
815,75,2023,191,2023-03-19,1,50,25
820,75,2023,1,2023-03-19,18,49,0
824,75,2023,207,2023-03-19,10,50,1
830,75,2023,6,2023-03-19,6,50,8
831,75,2023,191,2023-03-19,2,50,19
838,75,2023,210,2023-03-19,8,50,4
840,75,2023,64,2023-03-19,20,16,0
841,75,2023,210,2023-03-19,9,50,2
843,75,2023,6,2023-03-19,7,50,6
845,75,2023,117,2023-03-19,17,50,0
846,75,2023,141,2023-03-19,19,27,0
847,75,2023,48,2023-03-19,4,50,12
851,75,2023,209,2023-03-19,11,50,0
854,75,2023,1,2023-03-19,13,50,0
855,75,2023,209,2023-03-19,14,50,0
856,75,2023,141,2023-03-19,16,50,0
857,75,2023,117,2023-03-19,15,50,0
763,59,2023,64,2023-04-02,3,58,15
795,59,2023,48,2023-04-02,2,58,18
807,59,2023,207,2023-04-02,7,58,6
815,59,2023,191,2023-04-02,5,58,11
820,59,2023,1,2023-04-02,11,58,0
824,59,2023,207,2023-04-02,17,52,0
830,59,2023,6,2023-04-02,12,58,0
831,59,2023,191,2023-04-02,1,58,25
838,59,2023,210,2023-04-02,14,56,0
840,59,2023,64,2023-04-02,4,58,12
841,59,2023,210,2023-04-02,13,56,0
843,59,2023,6,2023-04-02,20,0,0
845,59,2023,117,2023-04-02,6,58,8
846,59,2023,141,2023-04-02,19,6,0
847,59,2023,48,2023-04-02,18,17,0
851,59,2023,209,2023-04-02,10,58,1
854,59,2023,1,2023-04-02,9,58,2
855,59,2023,209,2023-04-02,15,56,0
856,59,2023,141,2023-04-02,16,56,0
857,59,2023,117,2023-04-02,8,58,4
763,71,2023,64,2023-04-30,4,51,12
795,71,2023,48,2023-04-30,6,51,8
807,71,2023,207,2023-04-30,17,50,0
815,71,2023,191,2023-04-30,1,51,25
820,71,2023,1,2023-04-30,18,50,0
824,71,2023,207,2023-04-30,13,51,0
830,71,2023,6,2023-04-30,5,51,10
831,71,2023,191,2023-04-30,2,51,18
838,71,2023,210,2023-04-30,15,51,0
840,71,2023,64,2023-04-30,7,51,6
841,71,2023,210,2023-04-30,14,51,0
843,71,2023,6,2023-04-30,3,51,15
845,71,2023,117,2023-04-30,9,51,2
846,71,2023,141,2023-04-30,12,51,0
847,71,2023,48,2023-04-30,8,51,5
851,71,2023,209,2023-04-30,10,51,1
854,71,2023,1,2023-04-30,19,36,0
855,71,2023,209,2023-04-30,20,9,0
856,71,2023,141,2023-04-30,16,51,0
857,71,2023,117,2023-04-30,11,51,0
763,76,2023,64,2023-05-07,3,57,15
795,76,2023,48,2023-05-07,6,57,8
807,76,2023,207,2023-05-07,15,57,0
815,76,2023,191,2023-05-07,2,57,18
820,76,2023,1,2023-05-07,13,57,0
824,76,2023,207,2023-05-07,10,57,1
830,76,2023,6,2023-05-07,5,57,10
831,76,2023,191,2023-05-07,1,57,26
838,76,2023,210,2023-05-07,9,57,2
840,76,2023,64,2023-05-07,12,57,0
841,76,2023,210,2023-05-07,8,57,4
843,76,2023,6,2023-05-07,7,57,6
845,76,2023,117,2023-05-07,17,57,0
846,76,2023,141,2023-05-07,14,57,0
847,76,2023,48,2023-05-07,4,57,12
851,76,2023,209,2023-05-07,11,57,0
854,76,2023,1,2023-05-07,16,57,0
855,76,2023,209,2023-05-07,18,57,0
856,76,2023,141,2023-05-07,20,56,0
857,76,2023,117,2023-05-07,19,56,0
763,2,2023,64,2023-05-28,2,78,18
795,2,2023,48,2023-05-28,4,78,13
807,2,2023,207,2023-05-28,17,76,0
815,2,2023,191,2023-05-28,16,76,0
820,2,2023,1,2023-05-28,11,77,0
824,2,2023,207,2023-05-28,19,70,0
830,2,2023,6,2023-05-28,8,78,4
831,2,2023,191,2023-05-28,1,78,25
838,2,2023,210,2023-05-28,3,78,15
840,2,2023,64,2023-05-28,20,53,0
841,2,2023,210,2023-05-28,7,78,6
843,2,2023,6,2023-05-28,6,78,8
845,2,2023,117,2023-05-28,9,77,2
846,2,2023,141,2023-05-28,14,77,0
847,2,2023,48,2023-05-28,5,78,10
851,2,2023,209,2023-05-28,15,76,0
854,2,2023,1,2023-05-28,13,77,0
855,2,2023,209,2023-05-28,12,77,0
856,2,2023,141,2023-05-28,18,76,0
857,2,2023,117,2023-05-28,10,77,1
763,56,2023,64,2023-06-04,7,66,6
795,56,2023,48,2023-06-04,2,66,18
807,56,2023,207,2023-06-04,15,65,0
815,56,2023,191,2023-06-04,4,66,12
820,56,2023,1,2023-06-04,19,65,0
824,56,2023,207,2023-06-04,18,65,0
830,56,2023,6,2023-06-04,5,66,10
831,56,2023,191,2023-06-04,1,66,26
838,56,2023,210,2023-06-04,8,66,4
840,56,2023,64,2023-06-04,6,66,8
841,56,2023,210,2023-06-04,10,66,1
843,56,2023,6,2023-06-04,11,66,0
845,56,2023,117,2023-06-04,17,65,0
846,56,2023,141,2023-06-04,16,65,0
847,56,2023,48,2023-06-04,3,66,15
851,56,2023,209,2023-06-04,12,66,0
854,56,2023,1,2023-06-04,9,66,2
855,56,2023,209,2023-06-04,14,65,0
856,56,2023,141,2023-06-04,20,65,0
857,56,2023,117,2023-06-04,13,65,0
763,44,2023,64,2023-06-18,2,70,18
795,44,2023,48,2023-06-18,3,70,15
807,44,2023,207,2023-06-18,15,69,0
815,44,2023,191,2023-06-18,6,70,9
820,44,2023,1,2023-06-18,10,70,1
824,44,2023,207,2023-06-18,17,69,0
830,44,2023,6,2023-06-18,5,70,10
831,44,2023,191,2023-06-18,1,70,25
838,44,2023,210,2023-06-18,8,70,4
840,44,2023,64,2023-06-18,9,70,2
841,44,2023,210,2023-06-18,12,70,0
843,44,2023,6,2023-06-18,4,70,12
845,44,2023,117,2023-06-18,13,70,0
846,44,2023,141,2023-06-18,7,70,6
847,44,2023,48,2023-06-18,19,53,0
851,44,2023,209,2023-06-18,14,70,0
854,44,2023,1,2023-06-18,16,69,0
855,44,2023,209,2023-06-18,18,69,0
856,44,2023,141,2023-06-18,20,6,0
857,44,2023,117,2023-06-18,11,70,0
763,34,2023,64,2023-07-02,5,71,10
795,34,2023,48,2023-07-02,8,71,4
807,34,2023,207,2023-07-02,20,12,0
815,34,2023,191,2023-07-02,3,71,15
820,34,2023,1,2023-07-02,15,70,0
824,34,2023,207,2023-07-02,18,70,0
830,34,2023,6,2023-07-02,6,71,8
831,34,2023,191,2023-07-02,1,71,26
838,34,2023,210,2023-07-02,14,70,0
840,34,2023,64,2023-07-02,9,71,2
841,34,2023,210,2023-07-02,10,71,1
843,34,2023,6,2023-07-02,2,71,18
845,34,2023,117,2023-07-02,4,71,12
846,34,2023,141,2023-07-02,11,71,0
847,34,2023,48,2023-07-02,7,71,6
851,34,2023,209,2023-07-02,19,70,0
854,34,2023,1,2023-07-02,12,70,0
855,34,2023,209,2023-07-02,17,70,0
856,34,2023,141,2023-07-02,13,70,0
857,34,2023,117,2023-07-02,16,70,0
763,1,2023,64,2023-07-09,7,52,6
795,1,2023,48,2023-07-09,3,52,15
807,1,2023,207,2023-07-09,13,52,0
815,1,2023,191,2023-07-09,6,52,8
820,1,2023,1,2023-07-09,12,52,0
824,1,2023,207,2023-07-09,19,31,0
830,1,2023,6,2023-07-09,10,52,1
831,1,2023,191,2023-07-09,1,52,26
838,1,2023,210,2023-07-09,20,9,0
840,1,2023,64,2023-07-09,14,52,0
841,1,2023,210,2023-07-09,18,46,0
843,1,2023,6,2023-07-09,9,52,2
845,1,2023,117,2023-07-09,2,52,18
846,1,2023,141,2023-07-09,8,52,4
847,1,2023,48,2023-07-09,5,52,10
851,1,2023,209,2023-07-09,16,52,0
854,1,2023,1,2023-07-09,15,52,0
855,1,2023,209,2023-07-09,17,52,0
856,1,2023,141,2023-07-09,11,52,0
857,1,2023,117,2023-07-09,4,52,12
763,52,2023,64,2023-07-23,9,70,2
795,52,2023,48,2023-07-23,4,70,12
807,52,2023,207,2023-07-23,14,69,0
815,52,2023,191,2023-07-23,3,70,15
816,52,2023,209,2023-07-23,13,69,0
820,52,2023,1,2023-07-23,12,69,0
824,52,2023,207,2023-07-23,17,69,0
830,52,2023,6,2023-07-23,8,70,4
831,52,2023,191,2023-07-23,1,70,26
838,52,2023,210,2023-07-23,19,2,0
840,52,2023,64,2023-07-23,10,69,1
841,52,2023,210,2023-07-23,20,1,0
843,52,2023,6,2023-07-23,7,70,6
845,52,2023,117,2023-07-23,2,70,18
846,52,2023,141,2023-07-23,11,69,0
847,52,2023,48,2023-07-23,6,70,8
851,52,2023,209,2023-07-23,15,69,0
854,52,2023,1,2023-07-23,16,69,0
856,52,2023,141,2023-07-23,18,67,0
857,52,2023,117,2023-07-23,5,70,10
763,5,2023,64,2023-07-30,5,44,10
795,5,2023,48,2023-07-30,4,44,13
807,5,2023,207,2023-07-30,18,44,0
815,5,2023,191,2023-07-30,2,44,18
816,5,2023,209,2023-07-30,16,44,0
820,5,2023,1,2023-07-30,12,44,0
824,5,2023,207,2023-07-30,15,44,0
830,5,2023,6,2023-07-30,19,23,0
831,5,2023,191,2023-07-30,1,44,25
838,5,2023,210,2023-07-30,8,44,4
840,5,2023,64,2023-07-30,9,44,2
841,5,2023,210,2023-07-30,11,44,0
843,5,2023,6,2023-07-30,3,44,15
845,5,2023,117,2023-07-30,7,44,6
846,5,2023,141,2023-07-30,14,44,0
847,5,2023,48,2023-07-30,6,44,8
851,5,2023,209,2023-07-30,10,44,1
854,5,2023,1,2023-07-30,13,44,0
856,5,2023,141,2023-07-30,17,44,0
857,5,2023,117,2023-07-30,20,0,0
763,11,2023,64,2023-08-27,2,72,19
795,11,2023,48,2023-08-27,6,72,8
807,11,2023,207,2023-08-27,12,72,0
815,11,2023,191,2023-08-27,4,72,12
820,11,2023,1,2023-08-27,14,72,0
824,11,2023,207,2023-08-27,16,72,0
830,11,2023,6,2023-08-27,5,72,10
831,11,2023,191,2023-08-27,1,72,25
838,11,2023,210,2023-08-27,10,72,1
840,11,2023,64,2023-08-27,11,72,0
841,11,2023,210,2023-08-27,3,72,15
843,11,2023,6,2023-08-27,19,41,0
845,11,2023,117,2023-08-27,7,72,6
846,11,2023,141,2023-08-27,8,72,4
847,11,2023,48,2023-08-27,17,72,0
851,11,2023,209,2023-08-27,15,72,0
854,11,2023,1,2023-08-27,18,62,0
856,11,2023,141,2023-08-27,20,14,0
857,11,2023,117,2023-08-27,9,72,2
858,11,2023,209,2023-08-27,13,72,0
763,7,2023,64,2023-09-03,9,51,2
795,7,2023,48,2023-09-03,6,51,8
807,7,2023,207,2023-09-03,17,50,0
815,7,2023,191,2023-09-03,2,51,18
820,7,2023,1,2023-09-03,10,51,1
824,7,2023,207,2023-09-03,18,50,0
830,7,2023,6,2023-09-03,3,51,15
831,7,2023,191,2023-09-03,1,51,25
838,7,2023,210,2023-09-03,19,39,0
840,7,2023,64,2023-09-03,16,51,0
841,7,2023,210,2023-09-03,15,51,0
843,7,2023,6,2023-09-03,4,51,12
845,7,2023,117,2023-09-03,8,51,4
846,7,2023,141,2023-09-03,7,51,6
847,7,2023,48,2023-09-03,5,51,10
851,7,2023,209,2023-09-03,20,0,0
854,7,2023,1,2023-09-03,14,51,0
856,7,2023,141,2023-09-03,13,51,0
857,7,2023,117,2023-09-03,12,51,0
858,7,2023,209,2023-09-03,11,51,0
763,65,2023,64,2023-09-17,15,62,0
795,65,2023,48,2023-09-17,3,62,16
807,65,2023,207,2023-09-17,13,62,0
815,65,2023,191,2023-09-17,8,62,4
820,65,2023,1,2023-09-17,17,51,0
824,65,2023,207,2023-09-17,10,62,1
830,65,2023,6,2023-09-17,1,62,25
831,65,2023,191,2023-09-17,5,62,10
838,65,2023,210,2023-09-17,18,42,0
840,65,2023,64,2023-09-17,20,0,0
841,65,2023,210,2023-09-17,6,62,8
843,65,2023,6,2023-09-17,4,62,12
845,65,2023,117,2023-09-17,2,62,18
846,65,2023,141,2023-09-17,11,62,0
847,65,2023,48,2023-09-17,16,61,0
851,65,2023,209,2023-09-17,19,0,0
854,65,2023,1,2023-09-17,12,62,0
856,65,2023,141,2023-09-17,14,62,0
857,65,2023,117,2023-09-17,7,62,6
858,65,2023,209,2023-09-17,9,62,2
763,53,2023,64,2023-09-24,8,53,4
795,53,2023,48,2023-09-24,5,53,10
807,53,2023,207,2023-09-24,14,52,0
815,53,2023,191,2023-09-24,19,15,0
820,53,2023,1,2023-09-24,20,7,0
824,53,2023,207,2023-09-24,15,52,0
830,53,2023,6,2023-09-24,6,53,8
831,53,2023,191,2023-09-24,1,53,26
838,53,2023,210,2023-09-24,9,53,2
840,53,2023,64,2023-09-24,18,20,0
841,53,2023,210,2023-09-24,10,53,1
843,53,2023,6,2023-09-24,4,53,12
845,53,2023,117,2023-09-24,2,53,18
846,53,2023,141,2023-09-24,16,26,0
847,53,2023,48,2023-09-24,7,53,6
851,53,2023,209,2023-09-24,12,52,0
854,53,2023,1,2023-09-24,13,52,0
856,53,2023,141,2023-09-24,17,22,0
857,53,2023,117,2023-09-24,3,53,15
858,53,2023,209,2023-09-24,11,52,0
763,74,2023,64,2023-10-08,6,57,8
795,74,2023,48,2023-10-08,19,0,0
807,74,2023,207,2023-10-08,16,56,0
815,74,2023,191,2023-10-08,10,57,1
820,74,2023,1,2023-10-08,8,57,4
824,74,2023,207,2023-10-08,14,56,0
830,74,2023,6,2023-10-08,20,0,0
831,74,2023,191,2023-10-08,1,57,26
838,74,2023,210,2023-10-08,7,57,6
840,74,2023,64,2023-10-08,11,57,0
841,74,2023,210,2023-10-08,12,57,0
843,74,2023,6,2023-10-08,5,57,10
845,74,2023,117,2023-10-08,3,57,15
846,74,2023,141,2023-10-08,13,57,0
847,74,2023,48,2023-10-08,4,57,12
851,74,2023,209,2023-10-08,15,56,0
854,74,2023,1,2023-10-08,9,57,2
856,74,2023,141,2023-10-08,18,40,0
857,74,2023,117,2023-10-08,2,57,18
858,74,2023,209,2023-10-08,17,56,0
763,69,2023,64,2023-10-22,16,49,0
795,69,2023,48,2023-10-22,19,56,0
807,69,2023,207,2023-10-22,11,56,0
815,69,2023,191,2023-10-22,4,56,12
816,69,2023,209,2023-10-22,15,55,0
820,69,2023,1,2023-10-22,12,56,0
824,69,2023,207,2023-10-22,14,55,0
830,69,2023,6,2023-10-22,3,56,15
831,69,2023,191,2023-10-22,1,56,25
838,69,2023,210,2023-10-22,18,6,0
840,69,2023,64,2023-10-22,7,56,6
841,69,2023,210,2023-10-22,6,56,8
843,69,2023,6,2023-10-22,20,56,0
845,69,2023,117,2023-10-22,2,56,18
846,69,2023,141,2023-10-22,9,56,2
847,69,2023,48,2023-10-22,5,56,10
851,69,2023,209,2023-10-22,8,56,5
854,69,2023,1,2023-10-22,13,55,0
856,69,2023,141,2023-10-22,10,56,1
857,69,2023,117,2023-10-22,17,10,0
763,23,2023,64,2023-10-29,18,47,0
795,23,2023,48,2023-10-29,2,71,19
807,23,2023,207,2023-10-29,13,71,0
815,23,2023,191,2023-10-29,20,1,0
816,23,2023,209,2023-10-29,7,71,6
820,23,2023,1,2023-10-29,15,71,0
824,23,2023,207,2023-10-29,19,31,0
830,23,2023,6,2023-10-29,4,71,12
831,23,2023,191,2023-10-29,1,71,25
838,23,2023,210,2023-10-29,10,71,1
840,23,2023,64,2023-10-29,17,66,0
841,23,2023,210,2023-10-29,11,71,0
843,23,2023,6,2023-10-29,3,71,15
845,23,2023,117,2023-10-29,5,71,10
846,23,2023,141,2023-10-29,9,71,2
847,23,2023,48,2023-10-29,6,71,8
851,23,2023,209,2023-10-29,12,71,0
854,23,2023,1,2023-10-29,14,71,0
856,23,2023,141,2023-10-29,16,70,0
857,23,2023,117,2023-10-29,8,71,4
763,37,2023,64,2023-11-05,3,71,15
795,37,2023,48,2023-11-05,8,71,4
807,37,2023,207,2023-11-05,12,70,0
815,37,2023,191,2023-11-05,4,71,12
816,37,2023,209,2023-11-05,13,70,0
820,37,2023,1,2023-11-05,16,39,0
824,37,2023,207,2023-11-05,18,0,0
830,37,2023,6,2023-11-05,6,71,8
831,37,2023,191,2023-11-05,1,71,25
838,37,2023,210,2023-11-05,10,70,1
840,37,2023,64,2023-11-05,5,71,10
841,37,2023,210,2023-11-05,7,71,6
843,37,2023,6,2023-11-05,20,0,0
845,37,2023,117,2023-11-05,2,71,19
846,37,2023,141,2023-11-05,19,0,0
847,37,2023,48,2023-11-05,15,57,0
851,37,2023,209,2023-11-05,9,71,2
854,37,2023,1,2023-11-05,17,22,0
856,37,2023,141,2023-11-05,11,70,0
857,37,2023,117,2023-11-05,14,69,0
763,77,2023,64,2023-11-19,9,50,2
795,77,2023,48,2023-11-19,7,50,6
807,77,2023,207,2023-11-19,19,45,0
815,77,2023,191,2023-11-19,3,50,15
816,77,2023,209,2023-11-19,14,50,0
820,77,2023,1,2023-11-19,17,50,0
824,77,2023,207,2023-11-19,13,50,0
830,77,2023,6,2023-11-19,6,50,8
831,77,2023,191,2023-11-19,1,50,25
838,77,2023,210,2023-11-19,4,50,12
840,77,2023,64,2023-11-19,5,50,10
841,77,2023,210,2023-11-19,11,50,0
843,77,2023,6,2023-11-19,2,50,18
845,77,2023,117,2023-11-19,20,2,0
846,77,2023,141,2023-11-19,12,50,0
847,77,2023,48,2023-11-19,8,50,4
851,77,2023,209,2023-11-19,18,46,0
854,77,2023,1,2023-11-19,15,50,0
856,77,2023,141,2023-11-19,16,50,0
857,77,2023,117,2023-11-19,10,50,2
763,66,2023,64,2023-11-26,7,58,6
795,66,2023,48,2023-11-26,9,58,2
807,66,2023,207,2023-11-26,15,58,0
815,66,2023,191,2023-11-26,4,58,12
816,66,2023,209,2023-11-26,11,58,0
820,66,2023,1,2023-11-26,19,57,0
824,66,2023,207,2023-11-26,20,57,0
830,66,2023,6,2023-11-26,18,57,0
831,66,2023,191,2023-11-26,1,58,26
838,66,2023,210,2023-11-26,12,58,0
840,66,2023,64,2023-11-26,10,58,1
841,66,2023,210,2023-11-26,13,58,0
843,66,2023,6,2023-11-26,2,58,18
845,66,2023,117,2023-11-26,5,58,10
846,66,2023,141,2023-11-26,14,58,0
847,66,2023,48,2023-11-26,3,58,15
851,66,2023,209,2023-11-26,8,58,4
854,66,2023,1,2023-11-26,17,58,0
856,66,2023,141,2023-11-26,16,58,0
857,66,2023,117,2023-11-26,6,58,8
763,61,2024,64,2024-03-02,9,57,2
795,61,2024,48,2024-03-02,7,57,6
807,61,2024,207,2024-03-02,16,56,0
815,61,2024,191,2024-03-02,2,57,18
816,61,2024,211,2024-03-02,13,56,0
820,61,2024,182,2024-03-02,19,56,0
824,61,2024,207,2024-03-02,12,56,0
830,61,2024,6,2024-03-02,3,57,15
831,61,2024,191,2024-03-02,1,57,26
838,61,2024,210,2024-03-02,17,56,0
840,61,2024,64,2024-03-02,10,57,1
841,61,2024,210,2024-03-02,18,56,0
843,61,2024,6,2024-03-02,4,57,12
845,61,2024,117,2024-03-02,6,57,8
846,61,2024,141,2024-03-02,15,56,0
847,61,2024,48,2024-03-02,5,57,10
851,61,2024,211,2024-03-02,14,56,0
854,61,2024,182,2024-03-02,11,56,0
856,61,2024,141,2024-03-02,20,55,0
857,61,2024,117,2024-03-02,8,57,4
763,75,2024,64,2024-03-09,5,50,10
795,75,2024,48,2024-03-09,9,50,2
807,75,2024,207,2024-03-09,10,50,1
815,75,2024,191,2024-03-09,2,50,18
816,75,2024,211,2024-03-09,16,49,0
820,75,2024,182,2024-03-09,17,49,0
824,75,2024,207,2024-03-09,12,50,0
831,75,2024,191,2024-03-09,1,50,25
838,75,2024,210,2024-03-09,13,49,0
840,75,2024,64,2024-03-09,19,5,0
841,75,2024,210,2024-03-09,20,1,0
843,75,2024,6,2024-03-09,3,50,16
845,75,2024,117,2024-03-09,8,50,4
846,75,2024,141,2024-03-09,11,50,0
847,75,2024,48,2024-03-09,6,50,8
851,75,2024,211,2024-03-09,15,49,0
854,75,2024,182,2024-03-09,18,49,0
856,75,2024,141,2024-03-09,14,49,0
857,75,2024,117,2024-03-09,4,50,12
859,75,2024,6,2024-03-09,7,50,6
763,59,2024,64,2024-03-24,8,58,4
795,59,2024,48,2024-03-24,18,15,0
807,59,2024,207,2024-03-24,9,58,2
815,59,2024,191,2024-03-24,5,58,10
816,59,2024,211,2024-03-24,12,57,0
820,59,2024,182,2024-03-24,14,57,0
824,59,2024,207,2024-03-24,10,57,1
830,59,2024,6,2024-03-24,1,58,25
831,59,2024,191,2024-03-24,19,3,0
838,59,2024,210,2024-03-24,16,57,0
840,59,2024,64,2024-03-24,6,58,8
841,59,2024,210,2024-03-24,13,57,0
843,59,2024,6,2024-03-24,2,58,19
845,59,2024,117,2024-03-24,3,58,15
846,59,2024,141,2024-03-24,11,57,0
847,59,2024,48,2024-03-24,17,56,0
851,59,2024,211,2024-03-24,7,58,6
854,59,2024,182,2024-03-24,15,57,0
857,59,2024,117,2024-03-24,4,58,12
763,53,2024,64,2024-04-07,6,53,8
795,53,2024,48,2024-04-07,9,53,2
807,53,2024,207,2024-04-07,11,52,0
815,53,2024,191,2024-04-07,2,53,18
816,53,2024,211,2024-04-07,19,0,0
820,53,2024,182,2024-04-07,14,52,0
824,53,2024,207,2024-04-07,13,52,0
830,53,2024,6,2024-04-07,3,53,15
831,53,2024,191,2024-04-07,1,53,26
838,53,2024,210,2024-04-07,15,52,0
840,53,2024,64,2024-04-07,12,52,0
841,53,2024,210,2024-04-07,16,52,0
843,53,2024,6,2024-04-07,4,53,12
845,53,2024,117,2024-04-07,5,53,10
846,53,2024,141,2024-04-07,20,0,0
847,53,2024,48,2024-04-07,7,53,6
851,53,2024,211,2024-04-07,10,52,1
854,53,2024,182,2024-04-07,18,12,0
856,53,2024,141,2024-04-07,17,52,0
857,53,2024,117,2024-04-07,8,53,4
763,62,2024,64,2024-04-21,7,56,7
795,62,2024,48,2024-04-21,9,56,2
807,62,2024,207,2024-04-21,10,56,1
815,62,2024,191,2024-04-21,3,56,15
816,62,2024,211,2024-04-21,18,33,0
820,62,2024,182,2024-04-21,20,19,0
824,62,2024,207,2024-04-21,16,56,0
830,62,2024,6,2024-04-21,5,56,10
831,62,2024,191,2024-04-21,1,56,25
838,62,2024,210,2024-04-21,11,56,0
840,62,2024,64,2024-04-21,15,56,0
841,62,2024,210,2024-04-21,13,56,0
843,62,2024,6,2024-04-21,4,56,12
845,62,2024,117,2024-04-21,2,56,18
846,62,2024,141,2024-04-21,12,56,0
847,62,2024,48,2024-04-21,6,56,8
851,62,2024,211,2024-04-21,19,26,0
854,62,2024,182,2024-04-21,14,56,0
856,62,2024,141,2024-04-21,17,56,0
857,62,2024,117,2024-04-21,8,56,4
763,76,2024,64,2024-05-05,9,57,2
795,76,2024,48,2024-05-05,6,57,8
807,76,2024,207,2024-05-05,11,57,0
815,76,2024,191,2024-05-05,4,57,12
816,76,2024,211,2024-05-05,15,57,0
820,76,2024,182,2024-05-05,16,57,0
824,76,2024,207,2024-05-05,19,57,0
830,76,2024,6,2024-05-05,5,57,10
831,76,2024,191,2024-05-05,2,57,18
838,76,2024,210,2024-05-05,10,57,1
840,76,2024,64,2024-05-05,17,57,0
841,76,2024,210,2024-05-05,12,57,0
843,76,2024,6,2024-05-05,3,57,15
845,76,2024,117,2024-05-05,1,57,25
846,76,2024,141,2024-05-05,18,57,0
847,76,2024,48,2024-05-05,8,57,4
851,76,2024,211,2024-05-05,7,57,6
854,76,2024,182,2024-05-05,14,57,0
856,76,2024,141,2024-05-05,20,27,0
857,76,2024,117,2024-05-05,13,57,0
763,45,2024,64,2024-05-19,19,62,0
795,45,2024,48,2024-05-19,6,63,8
807,45,2024,207,2024-05-19,11,62,0
815,45,2024,191,2024-05-19,8,63,4
816,45,2024,211,2024-05-19,13,62,0
820,45,2024,182,2024-05-19,18,62,0
824,45,2024,207,2024-05-19,12,62,0
830,45,2024,6,2024-05-19,5,63,10
831,45,2024,191,2024-05-19,1,63,25
838,45,2024,210,2024-05-19,14,62,0
840,45,2024,64,2024-05-19,9,63,2
841,45,2024,210,2024-05-19,16,62,0
843,45,2024,6,2024-05-19,3,63,15
845,45,2024,117,2024-05-19,2,63,18
846,45,2024,141,2024-05-19,20,51,0
847,45,2024,48,2024-05-19,7,63,7
851,45,2024,211,2024-05-19,10,62,1
854,45,2024,182,2024-05-19,15,62,0
856,45,2024,141,2024-05-19,17,62,0
857,45,2024,117,2024-05-19,4,63,12
763,2,2024,64,2024-05-26,11,76,0
795,2,2024,48,2024-05-26,7,78,7
807,2,2024,207,2024-05-26,19,0,0
815,2,2024,191,2024-05-26,18,0,0
816,2,2024,211,2024-05-26,12,76,0
820,2,2024,182,2024-05-26,13,76,0
824,2,2024,207,2024-05-26,20,0,0
830,2,2024,6,2024-05-26,3,78,15
831,2,2024,191,2024-05-26,6,78,8
838,2,2024,210,2024-05-26,17,0,0
840,2,2024,64,2024-05-26,14,76,0
841,2,2024,210,2024-05-26,10,77,1
843,2,2024,6,2024-05-26,1,78,25
845,2,2024,117,2024-05-26,4,78,12
846,2,2024,141,2024-05-26,9,77,2
847,2,2024,48,2024-05-26,5,78,10
851,2,2024,211,2024-05-26,8,77,4
854,2,2024,182,2024-05-26,16,76,0
856,2,2024,141,2024-05-26,15,76,0
857,2,2024,117,2024-05-26,2,78,18
763,44,2024,64,2024-06-09,6,70,8
795,44,2024,48,2024-06-09,4,70,13
807,44,2024,207,2024-06-09,11,70,0
815,44,2024,191,2024-06-09,18,51,0
816,44,2024,211,2024-06-09,8,70,4
820,44,2024,182,2024-06-09,13,70,0
824,44,2024,207,2024-06-09,12,70,0
830,44,2024,6,2024-06-09,16,52,0
831,44,2024,191,2024-06-09,1,70,25
838,44,2024,210,2024-06-09,10,70,1
840,44,2024,64,2024-06-09,7,70,6
841,44,2024,210,2024-06-09,9,70,2
843,44,2024,6,2024-06-09,19,40,0
845,44,2024,117,2024-06-09,2,70,18
846,44,2024,141,2024-06-09,17,52,0
847,44,2024,48,2024-06-09,3,70,15
851,44,2024,211,2024-06-09,14,70,0
854,44,2024,182,2024-06-09,15,69,0
856,44,2024,141,2024-06-09,20,23,0
857,44,2024,117,2024-06-09,5,70,10
763,56,2024,64,2024-06-23,12,65,0
795,56,2024,48,2024-06-23,3,66,15
807,56,2024,207,2024-06-23,11,66,0
815,56,2024,191,2024-06-23,8,66,4
816,56,2024,211,2024-06-23,15,65,0
820,56,2024,182,2024-06-23,16,65,0
824,56,2024,207,2024-06-23,17,65,0
830,56,2024,6,2024-06-23,6,66,8
831,56,2024,191,2024-06-23,1,66,25
838,56,2024,210,2024-06-23,10,66,1
840,56,2024,64,2024-06-23,14,65,0
841,56,2024,210,2024-06-23,9,66,2
843,56,2024,6,2024-06-23,5,66,10
845,56,2024,117,2024-06-23,2,66,19
846,56,2024,141,2024-06-23,18,65,0
847,56,2024,48,2024-06-23,4,66,12
851,56,2024,211,2024-06-23,19,65,0
854,56,2024,182,2024-06-23,13,65,0
856,56,2024,141,2024-06-23,20,64,0
857,56,2024,117,2024-06-23,7,66,6
763,34,2024,64,2024-06-30,18,70,0
795,34,2024,48,2024-06-30,4,71,12
807,34,2024,207,2024-06-30,6,71,8
815,34,2024,191,2024-06-30,7,71,6
816,34,2024,211,2024-06-30,9,71,2
820,34,2024,182,2024-06-30,16,70,0
824,34,2024,207,2024-06-30,8,71,4
830,34,2024,6,2024-06-30,3,71,15
831,34,2024,191,2024-06-30,5,71,10
838,34,2024,210,2024-06-30,12,71,0
840,34,2024,64,2024-06-30,13,70,0
841,34,2024,210,2024-06-30,10,71,1
843,34,2024,6,2024-06-30,11,71,0
845,34,2024,117,2024-06-30,20,64,0
846,34,2024,141,2024-06-30,15,70,0
847,34,2024,48,2024-06-30,1,71,25
851,34,2024,211,2024-06-30,14,70,0
854,34,2024,182,2024-06-30,17,70,0
856,34,2024,141,2024-06-30,19,69,0
857,34,2024,117,2024-06-30,2,71,18
763,1,2024,64,2024-07-07,8,52,4
795,1,2024,48,2024-07-07,1,52,25
807,1,2024,207,2024-07-07,6,52,8
815,1,2024,191,2024-07-07,17,50,0
816,1,2024,211,2024-07-07,13,51,0
820,1,2024,182,2024-07-07,15,51,0
824,1,2024,207,2024-07-07,12,52,0
830,1,2024,6,2024-07-07,5,52,11
831,1,2024,191,2024-07-07,2,52,18
838,1,2024,210,2024-07-07,16,50,0
840,1,2024,64,2024-07-07,7,52,6
841,1,2024,210,2024-07-07,20,0,0
843,1,2024,6,2024-07-07,14,51,0
845,1,2024,117,2024-07-07,3,52,15
846,1,2024,141,2024-07-07,9,52,2
847,1,2024,48,2024-07-07,19,33,0
851,1,2024,211,2024-07-07,10,52,1
854,1,2024,182,2024-07-07,18,50,0
856,1,2024,141,2024-07-07,11,52,0
857,1,2024,117,2024-07-07,4,52,12
763,52,2024,64,2024-07-21,11,70,0
795,52,2024,48,2024-07-21,3,70,15
807,52,2024,207,2024-07-21,13,69,0
815,52,2024,191,2024-07-21,7,70,6
816,52,2024,211,2024-07-21,12,69,0
820,52,2024,182,2024-07-21,16,69,0
824,52,2024,207,2024-07-21,15,69,0
830,52,2024,6,2024-07-21,6,70,8
831,52,2024,191,2024-07-21,5,70,10
838,52,2024,210,2024-07-21,18,69,0
840,52,2024,64,2024-07-21,10,70,1
841,52,2024,210,2024-07-21,20,33,0
843,52,2024,6,2024-07-21,4,70,12
845,52,2024,117,2024-07-21,2,70,18
846,52,2024,141,2024-07-21,14,69,0
847,52,2024,48,2024-07-21,8,70,5
851,52,2024,211,2024-07-21,9,70,2
854,52,2024,182,2024-07-21,19,69,0
856,52,2024,141,2024-07-21,17,69,0
857,52,2024,117,2024-07-21,1,70,25
763,5,2024,64,2024-07-28,8,44,4
795,5,2024,48,2024-07-28,1,44,25
807,5,2024,207,2024-07-28,18,44,0
815,5,2024,191,2024-07-28,7,44,7
816,5,2024,211,2024-07-28,10,44,1
820,5,2024,182,2024-07-28,15,44,0
824,5,2024,207,2024-07-28,14,44,0
830,5,2024,6,2024-07-28,6,44,8
831,5,2024,191,2024-07-28,4,44,12
838,5,2024,210,2024-07-28,9,44,2
840,5,2024,64,2024-07-28,11,44,0
841,5,2024,210,2024-07-28,13,44,0
843,5,2024,6,2024-07-28,3,44,15
845,5,2024,117,2024-07-28,5,44,10
846,5,2024,141,2024-07-28,12,44,0
847,5,2024,48,2024-07-28,20,44,0
851,5,2024,211,2024-07-28,16,44,0
854,5,2024,182,2024-07-28,19,5,0
856,5,2024,141,2024-07-28,17,44,0
857,5,2024,117,2024-07-28,2,44,18
763,11,2024,64,2024-08-25,10,71,1
795,11,2024,48,2024-08-25,8,72,4
807,11,2024,207,2024-08-25,11,71,0
815,11,2024,191,2024-08-25,6,72,8
816,11,2024,211,2024-08-25,12,71,0
820,11,2024,182,2024-08-25,19,70,0
824,11,2024,207,2024-08-25,18,71,0
830,11,2024,6,2024-08-25,5,72,10
831,11,2024,191,2024-08-25,2,72,18
838,11,2024,210,2024-08-25,15,71,0
840,11,2024,64,2024-08-25,13,71,0
841,11,2024,210,2024-08-25,9,71,2
843,11,2024,6,2024-08-25,3,72,15
845,11,2024,117,2024-08-25,1,72,26
846,11,2024,141,2024-08-25,14,71,0
847,11,2024,48,2024-08-25,7,72,6
851,11,2024,211,2024-08-25,17,71,0
854,11,2024,182,2024-08-25,20,70,0
856,11,2024,141,2024-08-25,16,71,0
857,11,2024,117,2024-08-25,4,72,12
763,7,2024,64,2024-09-01,11,53,0
795,7,2024,48,2024-09-01,5,53,10
807,7,2024,207,2024-09-01,17,52,0
815,7,2024,191,2024-09-01,8,53,4
816,7,2024,211,2024-09-01,13,53,0
820,7,2024,182,2024-09-01,16,52,0
824,7,2024,207,2024-09-01,10,53,1
830,7,2024,6,2024-09-01,4,53,12
831,7,2024,191,2024-09-01,6,53,8
838,7,2024,210,2024-09-01,14,52,0
840,7,2024,64,2024-09-01,19,52,0
841,7,2024,210,2024-09-01,15,52,0
843,7,2024,6,2024-09-01,1,53,25
845,7,2024,117,2024-09-01,3,53,16
846,7,2024,141,2024-09-01,9,53,2
847,7,2024,48,2024-09-01,7,53,6
851,7,2024,211,2024-09-01,20,7,0
854,7,2024,182,2024-09-01,18,52,0
857,7,2024,117,2024-09-01,2,53,18
860,7,2024,141,2024-09-01,12,53,0
763,71,2024,64,2024-09-15,6,51,8
795,71,2024,48,2024-09-15,9,51,2
807,71,2024,207,2024-09-15,11,51,0
815,71,2024,191,2024-09-15,17,49,0
816,71,2024,211,2024-09-15,13,51,0
820,71,2024,182,2024-09-15,16,50,0
830,71,2024,6,2024-09-15,18,49,0
831,71,2024,191,2024-09-15,5,51,10
838,71,2024,210,2024-09-15,15,50,0
840,71,2024,64,2024-09-15,19,45,0
841,71,2024,210,2024-09-15,12,51,0
843,71,2024,6,2024-09-15,2,51,18
845,71,2024,117,2024-09-15,4,51,13
846,71,2024,141,2024-09-15,7,51,6
847,71,2024,48,2024-09-15,3,51,15
851,71,2024,211,2024-09-15,20,14,0
854,71,2024,182,2024-09-15,14,51,0
857,71,2024,117,2024-09-15,1,51,25
859,71,2024,207,2024-09-15,10,51,1
860,71,2024,141,2024-09-15,8,51,4
763,65,2024,64,2024-09-22,8,61,4
795,65,2024,48,2024-09-22,6,62,8
807,65,2024,207,2024-09-22,9,61,2
815,65,2024,191,2024-09-22,10,61,1
816,65,2024,211,2024-09-22,18,61,0
820,65,2024,182,2024-09-22,16,61,0
824,65,2024,207,2024-09-22,19,57,0
830,65,2024,6,2024-09-22,7,62,6
831,65,2024,191,2024-09-22,2,62,18
838,65,2024,210,2024-09-22,13,61,0
840,65,2024,64,2024-09-22,14,61,0
841,65,2024,210,2024-09-22,17,61,0
843,65,2024,6,2024-09-22,5,62,10
845,65,2024,117,2024-09-22,1,62,25
846,65,2024,141,2024-09-22,20,15,0
847,65,2024,48,2024-09-22,4,62,12
851,65,2024,211,2024-09-22,12,61,0
854,65,2024,182,2024-09-22,15,61,0
857,65,2024,117,2024-09-22,3,62,15
860,65,2024,141,2024-09-22,11,61,0
763,69,2024,64,2024-10-20,13,55,0
795,69,2024,48,2024-10-20,20,1,0
807,69,2024,207,2024-10-20,8,56,4
815,69,2024,191,2024-10-20,7,56,6
820,69,2024,182,2024-10-20,17,55,0
824,69,2024,207,2024-10-20,11,56,0
830,69,2024,6,2024-10-20,2,56,18
831,69,2024,191,2024-10-20,3,56,15
838,69,2024,210,2024-10-20,18,55,0
840,69,2024,64,2024-10-20,15,55,0
841,69,2024,210,2024-10-20,12,56,0
843,69,2024,6,2024-10-20,1,56,25
845,69,2024,117,2024-10-20,4,56,12
846,69,2024,141,2024-10-20,16,55,0
847,69,2024,48,2024-10-20,6,56,8
851,69,2024,211,2024-10-20,14,55,0
854,69,2024,182,2024-10-20,19,55,0
857,69,2024,117,2024-10-20,5,56,10
858,69,2024,211,2024-10-20,9,56,2
860,69,2024,141,2024-10-20,10,56,1
763,23,2024,64,2024-10-27,18,15,0
795,23,2024,48,2024-10-27,4,71,12
807,23,2024,207,2024-10-27,9,70,2
815,23,2024,191,2024-10-27,17,70,0
820,23,2024,182,2024-10-27,14,70,0
824,23,2024,207,2024-10-27,7,71,6
830,23,2024,6,2024-10-27,1,71,25
831,23,2024,191,2024-10-27,6,71,8
838,23,2024,210,2024-10-27,13,70,0
840,23,2024,64,2024-10-27,11,70,0
841,23,2024,210,2024-10-27,10,70,1
843,23,2024,6,2024-10-27,3,71,16
845,23,2024,117,2024-10-27,2,71,18
846,23,2024,141,2024-10-27,19,0,0
847,23,2024,48,2024-10-27,5,71,10
851,23,2024,211,2024-10-27,20,0,0
854,23,2024,182,2024-10-27,15,70,0
857,23,2024,117,2024-10-27,8,71,4
858,23,2024,211,2024-10-27,16,70,0
860,23,2024,141,2024-10-27,12,70,0
763,37,2024,64,2024-11-03,14,69,0
795,37,2024,48,2024-11-03,10,69,1
807,37,2024,207,2024-11-03,20,0,0
815,37,2024,191,2024-11-03,11,69,0
820,37,2024,182,2024-11-03,13,69,0
830,37,2024,6,2024-11-03,16,38,0
831,37,2024,191,2024-11-03,1,69,26
838,37,2024,210,2024-11-03,2,69,18
840,37,2024,64,2024-11-03,19,0,0
841,37,2024,210,2024-11-03,3,69,15
843,37,2024,6,2024-11-03,5,69,10
845,37,2024,117,2024-11-03,6,69,8
846,37,2024,141,2024-11-03,18,0,0
847,37,2024,48,2024-11-03,4,69,12
851,37,2024,211,2024-11-03,7,69,6
854,37,2024,182,2024-11-03,15,69,0
857,37,2024,117,2024-11-03,8,69,4
858,37,2024,211,2024-11-03,9,69,2
859,37,2024,207,2024-11-03,12,69,0
860,37,2024,141,2024-11-03,17,30,0
763,77,2024,64,2024-11-23,11,50,0
795,77,2024,48,2024-11-23,2,50,18
807,77,2024,207,2024-11-23,8,50,4
815,77,2024,191,2024-11-23,10,50,1
820,77,2024,182,2024-11-23,18,49,0
824,77,2024,207,2024-11-23,12,50,0
830,77,2024,6,2024-11-23,3,50,15
831,77,2024,191,2024-11-23,5,50,10
838,77,2024,210,2024-11-23,17,49,0
840,77,2024,64,2024-11-23,15,50,0
841,77,2024,210,2024-11-23,20,15,0
843,77,2024,6,2024-11-23,4,50,12
845,77,2024,117,2024-11-23,6,50,9
846,77,2024,141,2024-11-23,19,25,0
847,77,2024,48,2024-11-23,1,50,25
851,77,2024,211,2024-11-23,9,50,2
854,77,2024,182,2024-11-23,13,50,0
857,77,2024,117,2024-11-23,7,50,6
858,77,2024,211,2024-11-23,16,50,0
860,77,2024,141,2024-11-23,14,50,0
763,74,2024,64,2024-12-01,7,57,6
795,74,2024,48,2024-12-01,12,57,0
807,74,2024,207,2024-12-01,16,39,0
815,74,2024,191,2024-12-01,17,38,0
820,74,2024,182,2024-12-01,11,57,0
824,74,2024,207,2024-12-01,9,57,2
830,74,2024,6,2024-12-01,6,57,8
831,74,2024,191,2024-12-01,1,57,25
838,74,2024,210,2024-12-01,20,0,0
840,74,2024,64,2024-12-01,18,8,0
841,74,2024,210,2024-12-01,5,57,10
843,74,2024,6,2024-12-01,2,57,18
845,74,2024,117,2024-12-01,10,57,2
846,74,2024,141,2024-12-01,15,56,0
847,74,2024,48,2024-12-01,4,57,12
851,74,2024,211,2024-12-01,13,57,0
854,74,2024,182,2024-12-01,8,57,4
857,74,2024,117,2024-12-01,3,57,15
858,74,2024,211,2024-12-01,14,57,0
860,74,2024,141,2024-12-01,19,0,0
763,66,2024,64,2024-12-08,9,58,2
795,66,2024,48,2024-12-08,4,58,12
807,66,2024,207,2024-12-08,8,58,4
815,66,2024,191,2024-12-08,20,0,0
820,66,2024,182,2024-12-08,18,30,0
824,66,2024,207,2024-12-08,16,57,0
830,66,2024,6,2024-12-08,2,58,18
831,66,2024,191,2024-12-08,6,58,8
840,66,2024,64,2024-12-08,14,57,0
841,66,2024,210,2024-12-08,7,58,6
843,66,2024,6,2024-12-08,3,58,15
845,66,2024,117,2024-12-08,1,58,25
846,66,2024,141,2024-12-08,11,57,0
847,66,2024,48,2024-12-08,5,58,10
851,66,2024,211,2024-12-08,12,57,0
854,66,2024,182,2024-12-08,13,57,0
857,66,2024,117,2024-12-08,10,58,1
858,66,2024,211,2024-12-08,17,55,0
860,66,2024,141,2024-12-08,19,26,0
861,66,2024,210,2024-12-08,15,57,0
763,59,2025,64,2025-03-16,17,32,0
795,59,2025,6,2025-03-16,10,57,1
807,59,2025,182,2025-03-16,7,57,6
830,59,2025,141,2025-03-16,18,0,0
831,59,2025,191,2025-03-16,2,57,18
838,59,2025,207,2025-03-16,13,57,0
840,59,2025,64,2025-03-16,6,57,8
841,59,2025,210,2025-03-16,11,57,0
843,59,2025,6,2025-03-16,8,57,4
845,59,2025,117,2025-03-16,1,57,25
846,59,2025,141,2025-03-16,5,57,10
847,59,2025,48,2025-03-16,3,57,15
851,59,2025,211,2025-03-16,12,57,0
857,59,2025,117,2025-03-16,9,57,2
858,59,2025,191,2025-03-16,15,46,0
859,59,2025,207,2025-03-16,14,57,0
861,59,2025,210,2025-03-16,19,0,0
862,59,2025,182,2025-03-16,16,45,0
863,59,2025,48,2025-03-16,4,57,12
864,59,2025,211,2025-03-16,20,0,0
763,62,2025,64,2025-03-23,17,4,0
795,62,2025,6,2025-03-23,19,0,0
807,62,2025,182,2025-03-23,15,55,0
830,62,2025,141,2025-03-23,10,56,1
831,62,2025,191,2025-03-23,4,56,12
838,62,2025,207,2025-03-23,5,56,10
840,62,2025,64,2025-03-23,9,56,2
841,62,2025,210,2025-03-23,20,0,0
843,62,2025,6,2025-03-23,18,0,0
845,62,2025,117,2025-03-23,2,56,18
846,62,2025,141,2025-03-23,7,56,6
847,62,2025,48,2025-03-23,3,56,15
851,62,2025,211,2025-03-23,16,55,0
857,62,2025,117,2025-03-23,1,56,25
858,62,2025,191,2025-03-23,12,56,0
859,62,2025,207,2025-03-23,8,56,4
861,62,2025,210,2025-03-23,13,56,0
862,62,2025,182,2025-03-23,14,55,0
863,62,2025,48,2025-03-23,6,56,8
864,62,2025,211,2025-03-23,11,56,0
763,53,2025,64,2025-04-06,11,53,0
795,53,2025,6,2025-04-06,7,53,6
807,53,2025,182,2025-04-06,16,53,0
830,53,2025,141,2025-04-06,14,53,0
831,53,2025,191,2025-04-06,1,53,25
838,53,2025,207,2025-04-06,18,53,0
840,53,2025,64,2025-04-06,20,52,0
841,53,2025,210,2025-04-06,13,53,0
843,53,2025,6,2025-04-06,4,53,12
845,53,2025,117,2025-04-06,2,53,18
846,53,2025,141,2025-04-06,9,53,2
847,53,2025,48,2025-04-06,5,53,10
851,53,2025,191,2025-04-06,12,53,0
857,53,2025,117,2025-04-06,3,53,15
858,53,2025,211,2025-04-06,17,53,0
859,53,2025,207,2025-04-06,10,53,1
861,53,2025,210,2025-04-06,15,53,0
862,53,2025,182,2025-04-06,19,53,0
863,53,2025,48,2025-04-06,6,53,8
864,53,2025,211,2025-04-06,8,53,4
763,61,2025,64,2025-04-13,15,57,0
795,61,2025,6,2025-04-13,5,57,10
807,61,2025,182,2025-04-13,20,0,0
830,61,2025,141,2025-04-13,19,45,0
831,61,2025,191,2025-04-13,6,57,8
838,61,2025,207,2025-04-13,8,57,4
840,61,2025,64,2025-04-13,17,57,0
841,61,2025,210,2025-04-13,7,57,6
843,61,2025,6,2025-04-13,4,57,12
845,61,2025,117,2025-04-13,3,57,15
846,61,2025,141,2025-04-13,12,57,0
847,61,2025,48,2025-04-13,2,57,18
851,61,2025,191,2025-04-13,9,57,2
857,61,2025,117,2025-04-13,1,57,25
858,61,2025,211,2025-04-13,16,57,0
859,61,2025,207,2025-04-13,10,57,1
861,61,2025,210,2025-04-13,14,57,0
862,61,2025,182,2025-04-13,18,57,0
863,61,2025,48,2025-04-13,11,57,0
864,61,2025,211,2025-04-13,13,57,0
763,75,2025,64,2025-04-20,11,50,0
795,75,2025,6,2025-04-20,7,50,6
807,75,2025,182,2025-04-20,15,49,0
830,75,2025,141,2025-04-20,8,50,4
831,75,2025,191,2025-04-20,2,50,18
838,75,2025,207,2025-04-20,14,50,0
840,75,2025,64,2025-04-20,16,49,0
841,75,2025,210,2025-04-20,20,0,0
843,75,2025,6,2025-04-20,3,50,15
845,75,2025,117,2025-04-20,4,50,12
846,75,2025,141,2025-04-20,9,50,2
847,75,2025,48,2025-04-20,5,50,10
851,75,2025,191,2025-04-20,19,1,0
857,75,2025,117,2025-04-20,1,50,25
858,75,2025,211,2025-04-20,12,50,0
859,75,2025,207,2025-04-20,13,50,0
861,75,2025,210,2025-04-20,17,49,0
862,75,2025,182,2025-04-20,18,49,0
863,75,2025,48,2025-04-20,6,50,8
864,75,2025,211,2025-04-20,10,50,1
763,76,2025,64,2025-05-04,15,56,0
795,76,2025,6,2025-05-04,8,57,4
807,76,2025,182,2025-05-04,14,56,0
830,76,2025,141,2025-05-04,9,57,2
831,76,2025,191,2025-05-04,4,57,12
838,76,2025,207,2025-05-04,12,57,0
840,76,2025,64,2025-05-04,16,56,0
841,76,2025,210,2025-05-04,13,57,0
843,76,2025,6,2025-05-04,7,57,6
845,76,2025,117,2025-05-04,2,57,18
846,76,2025,141,2025-05-04,5,57,10
847,76,2025,48,2025-05-04,3,57,15
851,76,2025,191,2025-05-04,10,57,1
857,76,2025,117,2025-05-04,1,57,25
858,76,2025,211,2025-05-04,17,36,0
859,76,2025,207,2025-05-04,19,27,0
861,76,2025,210,2025-05-04,20,0,0
862,76,2025,182,2025-05-04,18,30,0
863,76,2025,48,2025-05-04,6,57,8
864,76,2025,211,2025-05-04,11,57,0
763,45,2025,64,2025-05-18,11,63,0
795,45,2025,6,2025-05-18,4,63,12
807,45,2025,182,2025-05-18,12,63,0
830,45,2025,141,2025-05-18,8,63,4
831,45,2025,191,2025-05-18,1,63,25
838,45,2025,207,2025-05-18,20,27,0
840,45,2025,64,2025-05-18,15,63,0
841,45,2025,210,2025-05-18,13,63,0
843,45,2025,6,2025-05-18,6,63,8
845,45,2025,117,2025-05-18,2,63,18
846,45,2025,141,2025-05-18,5,63,10
847,45,2025,48,2025-05-18,7,63,6
851,45,2025,191,2025-05-18,10,63,1
857,45,2025,117,2025-05-18,3,63,15
858,45,2025,211,2025-05-18,14,63,0
859,45,2025,207,2025-05-18,17,63,0
860,45,2025,210,2025-05-18,16,63,0
862,45,2025,182,2025-05-18,18,63,0
863,45,2025,48,2025-05-18,19,44,0
864,45,2025,211,2025-05-18,9,63,2
763,2,2025,64,2025-05-25,19,36,0
795,2,2025,6,2025-05-25,5,78,10
807,2,2025,182,2025-05-25,16,76,0
830,2,2025,141,2025-05-25,10,76,1
831,2,2025,191,2025-05-25,4,78,12
838,2,2025,207,2025-05-25,7,77,6
840,2,2025,64,2025-05-25,15,76,0
841,2,2025,210,2025-05-25,20,7,0
843,2,2025,6,2025-05-25,2,78,18
845,2,2025,117,2025-05-25,1,78,25
846,2,2025,141,2025-05-25,9,76,2
847,2,2025,48,2025-05-25,11,76,0
851,2,2025,191,2025-05-25,17,76,0
857,2,2025,117,2025-05-25,3,78,15
858,2,2025,211,2025-05-25,8,77,4
859,2,2025,207,2025-05-25,12,76,0
860,2,2025,210,2025-05-25,13,76,0
862,2,2025,182,2025-05-25,14,76,0
863,2,2025,48,2025-05-25,18,75,0
864,2,2025,211,2025-05-25,6,77,8
763,56,2025,64,2025-06-01,9,66,2
795,56,2025,6,2025-06-01,6,66,8
807,56,2025,182,2025-06-01,5,66,10
830,56,2025,141,2025-06-01,14,66,0
831,56,2025,191,2025-06-01,10,66,1
838,56,2025,207,2025-06-01,16,66,0
841,56,2025,210,2025-06-01,8,66,4
843,56,2025,6,2025-06-01,3,66,15
845,56,2025,117,2025-06-01,2,66,18
846,56,2025,141,2025-06-01,19,27,0
847,56,2025,48,2025-06-01,4,66,12
851,56,2025,191,2025-06-01,13,66,0
857,56,2025,117,2025-06-01,1,66,25
858,56,2025,211,2025-06-01,11,66,0
859,56,2025,207,2025-06-01,17,66,0
860,56,2025,210,2025-06-01,15,66,0
862,56,2025,182,2025-06-01,12,66,0
863,56,2025,48,2025-06-01,18,53,0
864,56,2025,211,2025-06-01,7,66,6
763,44,2025,64,2025-06-15,7,70,6
795,44,2025,6,2025-06-15,6,70,8
807,44,2025,182,2025-06-15,8,70,4
830,44,2025,141,2025-06-15,10,69,1
831,44,2025,191,2025-06-15,2,70,18
838,44,2025,207,2025-06-15,9,69,2
840,44,2025,64,2025-06-15,17,69,0
841,44,2025,210,2025-06-15,15,69,0
843,44,2025,6,2025-06-15,5,70,10
845,44,2025,117,2025-06-15,18,66,0
846,44,2025,141,2025-06-15,20,46,0
847,44,2025,48,2025-06-15,1,70,25
851,44,2025,191,2025-06-15,12,69,0
857,44,2025,117,2025-06-15,4,70,12
858,44,2025,211,2025-06-15,19,53,0
859,44,2025,207,2025-06-15,11,69,0
860,44,2025,210,2025-06-15,13,69,0
862,44,2025,182,2025-06-15,14,69,0
863,44,2025,48,2025-06-15,3,70,15
864,44,2025,211,2025-06-15,16,69,0
763,34,2025,64,2025-06-29,7,69,6
795,34,2025,6,2025-06-29,4,70,12
807,34,2025,182,2025-06-29,9,69,2
830,34,2025,141,2025-06-29,20,0,0
831,34,2025,191,2025-06-29,18,0,0
838,34,2025,207,2025-06-29,10,69,1
840,34,2025,64,2025-06-29,14,69,0
841,34,2025,210,2025-06-29,13,69,0
843,34,2025,6,2025-06-29,3,70,15
845,34,2025,117,2025-06-29,1,70,25
846,34,2025,141,2025-06-29,17,15,0
847,34,2025,48,2025-06-29,5,70,10
851,34,2025,191,2025-06-29,16,68,0
857,34,2025,117,2025-06-29,2,70,18
858,34,2025,211,2025-06-29,6,70,8
859,34,2025,207,2025-06-29,11,69,0
860,34,2025,210,2025-06-29,15,69,0
862,34,2025,182,2025-06-29,8,69,4
863,34,2025,48,2025-06-29,19,0,0
864,34,2025,211,2025-06-29,12,69,0
763,1,2025,64,2025-07-06,9,52,2
795,1,2025,6,2025-07-06,4,52,12
807,1,2025,182,2025-07-06,3,52,15
830,1,2025,141,2025-07-06,12,52,0
831,1,2025,191,2025-07-06,5,52,10
838,1,2025,207,2025-07-06,13,52,0
840,1,2025,64,2025-07-06,7,52,6
841,1,2025,210,2025-07-06,6,52,8
843,1,2025,6,2025-07-06,14,52,0
845,1,2025,117,2025-07-06,1,52,25
846,1,2025,141,2025-07-06,8,52,4
847,1,2025,48,2025-07-06,10,52,1
851,1,2025,191,2025-07-06,15,51,0
857,1,2025,117,2025-07-06,2,52,18
858,1,2025,211,2025-07-06,19,0,0
859,1,2025,207,2025-07-06,11,52,0
860,1,2025,210,2025-07-06,20,0,0
862,1,2025,182,2025-07-06,18,3,0
863,1,2025,48,2025-07-06,16,23,0
864,1,2025,211,2025-07-06,17,17,0
763,5,2025,64,2025-07-27,17,44,0
795,5,2025,6,2025-07-27,7,44,6
807,5,2025,182,2025-07-27,12,44,0
830,5,2025,141,2025-07-27,18,44,0
831,5,2025,191,2025-07-27,4,44,12
838,5,2025,207,2025-07-27,15,44,0
840,5,2025,64,2025-07-27,14,44,0
841,5,2025,210,2025-07-27,10,44,1
843,5,2025,6,2025-07-27,3,44,15
845,5,2025,117,2025-07-27,2,44,18
846,5,2025,141,2025-07-27,6,44,8
847,5,2025,48,2025-07-27,5,44,10
851,5,2025,191,2025-07-27,13,44,0
857,5,2025,117,2025-07-27,1,44,25
858,5,2025,211,2025-07-27,8,44,4
859,5,2025,207,2025-07-27,11,44,0
860,5,2025,210,2025-07-27,19,44,0
862,5,2025,182,2025-07-27,9,44,2
863,5,2025,48,2025-07-27,16,44,0
864,5,2025,211,2025-07-27,20,43,0
763,52,2025,64,2025-08-03,5,70,10
795,52,2025,6,2025-08-03,12,69,0
807,52,2025,182,2025-08-03,13,69,0
830,52,2025,141,2025-08-03,14,69,0
831,52,2025,191,2025-08-03,9,70,2
838,52,2025,207,2025-08-03,16,69,0
840,52,2025,64,2025-08-03,7,70,6
841,52,2025,210,2025-08-03,19,69,0
843,52,2025,6,2025-08-03,4,70,12
845,52,2025,117,2025-08-03,1,70,25
846,52,2025,141,2025-08-03,15,69,0
847,52,2025,48,2025-08-03,3,70,15
851,52,2025,191,2025-08-03,17,69,0
857,52,2025,117,2025-08-03,2,70,18
858,52,2025,211,2025-08-03,8,70,4
859,52,2025,207,2025-08-03,20,48,0
860,52,2025,210,2025-08-03,18,69,0
862,52,2025,182,2025-08-03,6,70,8
863,52,2025,48,2025-08-03,10,69,1
864,52,2025,211,2025-08-03,11,69,0
763,11,2025,64,2025-08-31,8,72,4
795,11,2025,6,2025-08-31,20,22,0
807,11,2025,182,2025-08-31,14,72,0
830,11,2025,141,2025-08-31,13,72,0
831,11,2025,191,2025-08-31,2,72,18
838,11,2025,207,2025-08-31,10,72,1
840,11,2025,64,2025-08-31,7,72,6
841,11,2025,210,2025-08-31,17,72,0
843,11,2025,6,2025-08-31,19,52,0
845,11,2025,117,2025-08-31,18,64,0
846,11,2025,141,2025-08-31,5,72,10
847,11,2025,48,2025-08-31,4,72,12
851,11,2025,191,2025-08-31,9,72,2
857,11,2025,117,2025-08-31,1,72,25
858,11,2025,211,2025-08-31,12,72,0
859,11,2025,207,2025-08-31,6,72,8
860,11,2025,210,2025-08-31,11,72,0
862,11,2025,182,2025-08-31,15,72,0
863,11,2025,48,2025-08-31,16,72,0
864,11,2025,211,2025-08-31,3,72,15
763,7,2025,64,2025-09-07,19,24,0
795,7,2025,6,2025-09-07,6,53,8
807,7,2025,182,2025-09-07,20,0,0
830,7,2025,141,2025-09-07,11,53,0
831,7,2025,191,2025-09-07,1,53,25
838,7,2025,207,2025-09-07,15,52,0
840,7,2025,64,2025-09-07,18,52,0
841,7,2025,210,2025-09-07,16,52,0
843,7,2025,6,2025-09-07,4,53,12
845,7,2025,117,2025-09-07,2,53,18
846,7,2025,141,2025-09-07,7,53,6
847,7,2025,48,2025-09-07,5,53,10
851,7,2025,191,2025-09-07,13,53,0
857,7,2025,117,2025-09-07,3,53,15
858,7,2025,211,2025-09-07,14,53,0
859,7,2025,207,2025-09-07,12,53,0
860,7,2025,210,2025-09-07,17,52,0
862,7,2025,182,2025-09-07,8,53,4
863,7,2025,48,2025-09-07,9,53,2
864,7,2025,211,2025-09-07,10,53,1
763,71,2025,64,2025-09-21,15,51,0
795,71,2025,6,2025-09-21,8,51,4
807,71,2025,182,2025-09-21,16,51,0
830,71,2025,141,2025-09-21,3,51,15
831,71,2025,191,2025-09-21,1,51,25
838,71,2025,207,2025-09-21,14,51,0
840,71,2025,64,2025-09-21,17,51,0
841,71,2025,210,2025-09-21,18,50,0
843,71,2025,6,2025-09-21,9,51,2
845,71,2025,117,2025-09-21,7,51,6
846,71,2025,141,2025-09-21,13,51,0
847,71,2025,48,2025-09-21,2,51,18
851,71,2025,191,2025-09-21,6,51,8
857,71,2025,117,2025-09-21,20,0,0
858,71,2025,211,2025-09-21,5,51,10
859,71,2025,207,2025-09-21,12,51,0
860,71,2025,210,2025-09-21,19,50,0
862,71,2025,182,2025-09-21,11,51,0
863,71,2025,48,2025-09-21,4,51,12
864,71,2025,211,2025-09-21,10,51,1
763,65,2025,64,2025-10-05,7,62,6
795,65,2025,6,2025-10-05,8,62,4
807,65,2025,182,2025-10-05,20,61,0
830,65,2025,141,2025-10-05,10,61,1
831,65,2025,191,2025-10-05,2,62,18
838,65,2025,207,2025-10-05,18,61,0
840,65,2025,64,2025-10-05,13,61,0
841,65,2025,210,2025-10-05,19,61,0
843,65,2025,6,2025-10-05,6,62,8
845,65,2025,117,2025-10-05,3,62,15
846,65,2025,141,2025-10-05,14,61,0
847,65,2025,48,2025-10-05,1,62,25
851,65,2025,191,2025-10-05,12,61,0
857,65,2025,117,2025-10-05,4,62,12
858,65,2025,211,2025-10-05,15,61,0
859,65,2025,207,2025-10-05,9,62,2
860,65,2025,210,2025-10-05,16,61,0
862,65,2025,182,2025-10-05,17,61,0
863,65,2025,48,2025-10-05,5,62,10
864,65,2025,211,2025-10-05,11,61,0
763,69,2025,64,2025-10-19,10,56,1
795,69,2025,6,2025-10-19,4,56,12
807,69,2025,182,2025-10-19,8,56,4
830,69,2025,141,2025-10-19,20,5,0
831,69,2025,191,2025-10-19,1,56,25
838,69,2025,207,2025-10-19,15,56,0
840,69,2025,64,2025-10-19,12,56,0
841,69,2025,210,2025-10-19,19,55,0
843,69,2025,6,2025-10-19,3,56,15
845,69,2025,117,2025-10-19,2,56,18
846,69,2025,141,2025-10-19,14,56,0
847,69,2025,48,2025-10-19,6,56,8
851,69,2025,191,2025-10-19,7,56,6
857,69,2025,117,2025-10-19,5,56,10
858,69,2025,211,2025-10-19,11,56,0
859,69,2025,207,2025-10-19,9,56,2
860,69,2025,210,2025-10-19,17,55,0
862,69,2025,182,2025-10-19,18,55,0
863,69,2025,48,2025-10-19,13,56,0
864,69,2025,211,2025-10-19,16,56,0
763,23,2025,64,2025-10-26,18,34,0
795,23,2025,6,2025-10-26,8,71,4
807,23,2025,182,2025-10-26,19,25,0
830,23,2025,141,2025-10-26,17,67,0
831,23,2025,191,2025-10-26,3,71,15
838,23,2025,207,2025-10-26,9,71,2
840,23,2025,64,2025-10-26,14,70,0
841,23,2025,210,2025-10-26,15,70,0
843,23,2025,6,2025-10-26,2,71,18
845,23,2025,117,2025-10-26,1,71,25
846,23,2025,141,2025-10-26,12,70,0
847,23,2025,48,2025-10-26,7,71,6
851,23,2025,191,2025-10-26,11,71,0
857,23,2025,117,2025-10-26,5,71,10
858,23,2025,211,2025-10-26,20,5,0
859,23,2025,207,2025-10-26,4,71,12
860,23,2025,210,2025-10-26,16,70,0
862,23,2025,182,2025-10-26,10,71,1
863,23,2025,48,2025-10-26,6,71,8
864,23,2025,211,2025-10-26,13,70,0
763,37,2025,64,2025-11-09,14,71,0
795,37,2025,6,2025-11-09,18,37,0
807,37,2025,182,2025-11-09,9,71,2
830,37,2025,141,2025-11-09,13,71,0
831,37,2025,191,2025-11-09,3,71,15
838,37,2025,207,2025-11-09,12,71,0
840,37,2025,64,2025-11-09,16,71,0
841,37,2025,210,2025-11-09,10,71,1
843,37,2025,6,2025-11-09,19,5,0
845,37,2025,117,2025-11-09,1,71,25
846,37,2025,141,2025-11-09,11,71,0
847,37,2025,48,2025-11-09,4,71,12
851,37,2025,191,2025-11-09,17,71,0
857,37,2025,117,2025-11-09,5,71,10
858,37,2025,211,2025-11-09,7,71,6
859,37,2025,207,2025-11-09,6,71,8
860,37,2025,210,2025-11-09,15,71,0
862,37,2025,182,2025-11-09,20,0,0
863,37,2025,48,2025-11-09,2,71,18
864,37,2025,211,2025-11-09,8,71,4
763,77,2025,64,2025-11-22,11,50,0
795,77,2025,6,2025-11-22,8,50,4
807,77,2025,182,2025-11-22,7,50,6
830,77,2025,141,2025-11-22,5,50,10
831,77,2025,191,2025-11-22,1,50,25
838,77,2025,207,2025-11-22,9,50,2
840,77,2025,64,2025-11-22,18,0,0
841,77,2025,210,2025-11-22,13,50,0
843,77,2025,6,2025-11-22,4,50,12
845,77,2025,117,2025-11-22,19,50,0
846,77,2025,141,2025-11-22,16,35,0
847,77,2025,48,2025-11-22,2,50,18
851,77,2025,191,2025-11-22,12,50,0
857,77,2025,117,2025-11-22,20,50,0
858,77,2025,211,2025-11-22,14,49,0
859,77,2025,207,2025-11-22,10,50,1
860,77,2025,210,2025-11-22,15,49,0
862,77,2025,182,2025-11-22,17,2,0
863,77,2025,48,2025-11-22,3,50,15
864,77,2025,211,2025-11-22,6,50,8
763,74,2025,64,2025-11-30,7,57,6
795,74,2025,6,2025-11-30,12,57,0
807,74,2025,182,2025-11-30,20,6,0
830,74,2025,141,2025-11-30,3,57,15
831,74,2025,191,2025-11-30,1,57,25
838,74,2025,207,2025-11-30,15,56,0
840,74,2025,64,2025-11-30,17,55,0
841,74,2025,210,2025-11-30,16,56,0
843,74,2025,6,2025-11-30,8,57,4
845,74,2025,117,2025-11-30,4,57,12
846,74,2025,141,2025-11-30,11,57,0
847,74,2025,48,2025-11-30,6,57,8
851,74,2025,191,2025-11-30,10,57,1
857,74,2025,117,2025-11-30,2,57,18
858,74,2025,211,2025-11-30,9,57,2
859,74,2025,207,2025-11-30,19,41,0
860,74,2025,210,2025-11-30,14,56,0
862,74,2025,182,2025-11-30,13,57,0
863,74,2025,48,2025-11-30,5,57,10
864,74,2025,211,2025-11-30,18,55,0
763,66,2025,64,2025-12-07,6,58,8
795,66,2025,6,2025-12-07,8,58,4
807,66,2025,182,2025-12-07,9,58,2
830,66,2025,141,2025-12-07,13,58,0
831,66,2025,191,2025-12-07,1,58,25
838,66,2025,207,2025-12-07,7,58,6
840,66,2025,64,2025-12-07,10,58,1
841,66,2025,210,2025-12-07,19,57,0
843,66,2025,6,2025-12-07,4,58,12
845,66,2025,117,2025-12-07,3,58,15
846,66,2025,141,2025-12-07,16,58,0
847,66,2025,48,2025-12-07,5,58,10
851,66,2025,191,2025-12-07,14,58,0
857,66,2025,117,2025-12-07,2,58,18
858,66,2025,211,2025-12-07,18,57,0
859,66,2025,207,2025-12-07,12,58,0
860,66,2025,210,2025-12-07,20,57,0
862,66,2025,182,2025-12-07,11,58,0
863,66,2025,48,2025-12-07,15,58,0
864,66,2025,211,2025-12-07,17,57,0
763,59,2026,64,2026-03-08,18,21,0
795,59,2026,6,2026-03-08,4,58,12
807,59,2026,215,2026-03-08,22,0,0
815,59,2026,216,2026-03-08,16,55,0
820,59,2026,216,2026-03-08,19,15,0
830,59,2026,141,2026-03-08,15,56,0
831,59,2026,191,2026-03-08,6,58,8
838,59,2026,207,2026-03-08,11,57,0
840,59,2026,64,2026-03-08,17,43,0
841,59,2026,210,2026-03-08,10,57,1
843,59,2026,6,2026-03-08,3,58,15
845,59,2026,117,2026-03-08,5,58,10
846,59,2026,141,2026-03-08,12,57,0
847,59,2026,48,2026-03-08,1,58,25
857,59,2026,117,2026-03-08,21,0,0
858,59,2026,211,2026-03-08,13,57,0
859,59,2026,207,2026-03-08,7,57,6
860,59,2026,210,2026-03-08,14,56,0
862,59,2026,215,2026-03-08,9,57,2
863,59,2026,48,2026-03-08,2,58,18
864,59,2026,191,2026-03-08,20,10,0
873,59,2026,211,2026-03-08,8,57,4
763,62,2026,64,2026-03-15,17,32,0
795,62,2026,6,2026-03-15,3,56,15
807,62,2026,215,2026-03-15,11,55,0
815,62,2026,216,2026-03-15,15,55,0
820,62,2026,216,2026-03-15,13,55,0
830,62,2026,141,2026-03-15,9,55,2
831,62,2026,191,2026-03-15,16,45,0
838,62,2026,207,2026-03-15,14,55,0
840,62,2026,64,2026-03-15,18,9,0
841,62,2026,210,2026-03-15,6,56,8
843,62,2026,6,2026-03-15,4,56,12
845,62,2026,117,2026-03-15,20,0,0
846,62,2026,141,2026-03-15,22,0,0
847,62,2026,48,2026-03-15,2,56,18
857,62,2026,117,2026-03-15,19,0,0
858,62,2026,211,2026-03-15,7,56,6
859,62,2026,207,2026-03-15,5,56,10
860,62,2026,210,2026-03-15,10,55,1
862,62,2026,215,2026-03-15,21,0,0
863,62,2026,48,2026-03-15,1,56,25
864,62,2026,191,2026-03-15,8,56,4
873,62,2026,211,2026-03-15,12,55,0
763,53,2026,64,2026-03-29,18,52,0
795,53,2026,6,2026-03-29,6,53,8
807,53,2026,215,2026-03-29,11,53,0
815,53,2026,216,2026-03-29,17,53,0
820,53,2026,216,2026-03-29,19,52,0
830,53,2026,141,2026-03-29,15,53,0
831,53,2026,191,2026-03-29,8,53,4
838,53,2026,207,2026-03-29,10,53,1
840,53,2026,64,2026-03-29,21,30,0
841,53,2026,210,2026-03-29,7,53,6
843,53,2026,6,2026-03-29,3,53,15
845,53,2026,117,2026-03-29,5,53,10
846,53,2026,141,2026-03-29,20,51,0
847,53,2026,48,2026-03-29,4,53,12
857,53,2026,117,2026-03-29,2,53,18
858,53,2026,211,2026-03-29,9,53,2
859,53,2026,207,2026-03-29,22,20,0
860,53,2026,210,2026-03-29,16,53,0
862,53,2026,215,2026-03-29,13,53,0
863,53,2026,48,2026-03-29,1,53,25
864,53,2026,191,2026-03-29,12,53,0
873,53,2026,211,2026-03-29,14,53,0
763,76,2026,64,2026-05-03,15,56,0
795,76,2026,6,2026-05-03,6,57,8
807,76,2026,215,2026-05-03,19,7,0
815,76,2026,216,2026-05-03,16,56,0
820,76,2026,216,2026-05-03,18,55,0
830,76,2026,141,2026-05-03,9,57,2
831,76,2026,191,2026-05-03,5,57,10
838,76,2026,207,2026-05-03,13,56,0
840,76,2026,64,2026-05-03,17,56,0
841,76,2026,210,2026-05-03,21,4,0
843,76,2026,6,2026-05-03,8,57,4
845,76,2026,117,2026-05-03,2,57,18
846,76,2026,141,2026-05-03,10,57,1
847,76,2026,48,2026-05-03,4,57,12
857,76,2026,117,2026-05-03,3,57,15
858,76,2026,211,2026-05-03,20,6,0
859,76,2026,207,2026-05-03,11,56,0
860,76,2026,210,2026-05-03,7,57,6
862,76,2026,215,2026-05-03,12,56,0
863,76,2026,48,2026-05-03,1,57,25
864,76,2026,191,2026-05-03,22,4,0
873,76,2026,211,2026-05-03,14,56,0
763,44,2026,64,2026-05-24,20,23,0
795,44,2026,6,2026-05-24,2,68,18
807,44,2026,215,2026-05-24,12,66,0
815,44,2026,216,2026-05-24,17,39,0
820,44,2026,216,2026-05-24,16,64,0
830,44,2026,141,2026-05-24,9,67,2
831,44,2026,191,2026-05-24,3,68,15
838,44,2026,207,2026-05-24,14,66,0
840,44,2026,64,2026-05-24,15,64,0
841,44,2026,210,2026-05-24,8,67,4
843,44,2026,6,2026-05-24,4,68,12
845,44,2026,117,2026-05-24,18,38,0
846,44,2026,141,2026-05-24,21,11,0
847,44,2026,48,2026-05-24,19,29,0
857,44,2026,117,2026-05-24,11,66,0
858,44,2026,211,2026-05-24,7,67,6
859,44,2026,207,2026-05-24,10,67,1
860,44,2026,210,2026-05-24,6,67,8
862,44,2026,215,2026-05-24,13,66,0
863,44,2026,48,2026-05-24,1,68,25
864,44,2026,191,2026-05-24,5,67,10
873,44,2026,211,2026-05-24,22,0,0
763,2,2026,64,2026-06-07,10,78,1
795,2,2026,6,2026-06-07,2,78,18
807,2,2026,215,2026-06-07,13,78,0
815,2,2026,216,2026-06-07,15,78,0
820,2,2026,216,2026-06-07,21,15,0
830,2,2026,141,2026-06-07,16,70,0
831,2,2026,191,2026-06-07,22,0,0
838,2,2026,207,2026-06-07,9,78,2
840,2,2026,64,2026-06-07,18,56,0
841,2,2026,210,2026-06-07,3,78,15
843,2,2026,6,2026-06-07,17,64,0
845,2,2026,117,2026-06-07,19,43,0
846,2,2026,141,2026-06-07,8,78,4
847,2,2026,48,2026-06-07,12,78,0
857,2,2026,117,2026-06-07,5,78,10
858,2,2026,211,2026-06-07,6,78,8
859,2,2026,207,2026-06-07,20,27,0
860,2,2026,210,2026-06-07,14,78,0
862,2,2026,215,2026-06-07,11,78,0
863,2,2026,48,2026-06-07,1,78,25
864,2,2026,191,2026-06-07,4,78,12
873,2,2026,211,2026-06-07,7,78,6
763,56,2026,64,2026-06-14,19,37,0
795,56,2026,6,2026-06-14,1,66,25
807,56,2026,215,2026-06-14,20,29,0
815,56,2026,216,2026-06-14,14,63,0
820,56,2026,216,2026-06-14,21,15,0
830,56,2026,141,2026-06-14,12,64,0
831,56,2026,191,2026-06-14,4,66,12
838,56,2026,207,2026-06-14,13,64,0
840,56,2026,64,2026-06-14,22,5,0
841,56,2026,210,2026-06-14,7,65,6
843,56,2026,6,2026-06-14,15,62,0
845,56,2026,117,2026-06-14,3,66,15
846,56,2026,141,2026-06-14,18,55,0
847,56,2026,48,2026-06-14,2,66,18
857,56,2026,117,2026-06-14,5,66,10
858,56,2026,211,2026-06-14,8,65,4
859,56,2026,207,2026-06-14,17,60,0
860,56,2026,210,2026-06-14,10,65,1
862,56,2026,215,2026-06-14,11,64,0
863,56,2026,48,2026-06-14,16,61,0
864,56,2026,191,2026-06-14,6,65,8
873,56,2026,211,2026-06-14,9,65,2
763,34,2026,64,2026-06-28,18,68,0
795,34,2026,6,2026-06-28,5,71,10
807,34,2026,215,2026-06-28,12,70,0
815,34,2026,216,2026-06-28,21,4,0
820,34,2026,216,2026-06-28,22,2,0
830,34,2026,141,2026-06-28,20,23,0
831,34,2026,191,2026-06-28,2,71,18
838,34,2026,207,2026-06-28,16,69,0
840,34,2026,64,2026-06-28,19,45,0
841,34,2026,210,2026-06-28,13,70,0
843,34,2026,6,2026-06-28,8,71,4
845,34,2026,117,2026-06-28,7,71,6
846,34,2026,141,2026-06-28,17,69,0
847,34,2026,48,2026-06-28,1,71,25
857,34,2026,117,2026-06-28,4,71,12
858,34,2026,211,2026-06-28,9,70,2
859,34,2026,207,2026-06-28,14,70,0
860,34,2026,210,2026-06-28,15,70,0
862,34,2026,215,2026-06-28,11,70,0
863,34,2026,48,2026-06-28,3,71,15
864,34,2026,191,2026-06-28,6,71,8
873,34,2026,211,2026-06-28,10,70,1
763,1,2026,64,2026-07-05,18,51,0
795,1,2026,6,2026-07-05,3,52,15
807,1,2026,215,2026-07-05,22,36,0
815,1,2026,216,2026-07-05,14,52,0
820,1,2026,216,2026-07-05,16,52,0
830,1,2026,141,2026-07-05,17,51,0
831,1,2026,191,2026-07-05,20,46,0
838,1,2026,207,2026-07-05,13,52,0
840,1,2026,64,2026-07-05,19,51,0
841,1,2026,210,2026-07-05,10,52,1
843,1,2026,6,2026-07-05,1,52,25
845,1,2026,117,2026-07-05,4,52,12
846,1,2026,141,2026-07-05,21,43,0
847,1,2026,48,2026-07-05,2,52,18
857,1,2026,117,2026-07-05,11,52,0
858,1,2026,211,2026-07-05,6,52,8
859,1,2026,207,2026-07-05,12,52,0
860,1,2026,210,2026-07-05,9,52,2
862,1,2026,215,2026-07-05,8,52,4
863,1,2026,48,2026-07-05,15,52,0
864,1,2026,191,2026-07-05,5,52,10
873,1,2026,211,2026-07-05,7,52,6
